,,,,,,,,,,ROUNDS  ,TIME ROUND
,,,,,,,,,,1.22,15:09
HELLO THIS DATA SCARPING GAME I SHARING JUST LITTEL DATA 10K ROUNDS WE CAN SCARPING MORE OLD DATA THIS MY LINK CHAT IN TELEGRAM ,,,,,,,,,,1.15,15:09
,,,,,,,,,,1.07,15:09
,,,,,,,,,,2.68,15:09
https://t.me/excelanaliztahminpro,,,,,,,,,,4.00,15:08
,,,,,,,,,,2.06,15:08
I CAN US ONLY TELEGRAM NOW FOR MAKE CONVERSATION JUST CLICK LINK DIRECT CHAT ,,,,,,,,,,1.78,15:07
,,,,,,,,,,1.15,15:07
,,,,,,,,,,1.22,15:07
,,,,,,,,,,2.61,15:06
,,,,,,,,,,1.31,15:06
,,,,,,,,,,12.60,15:06
,,,,,,,,,,1.30,15:05
,,,,,,,,,,1.09,15:04
,,,,,,,,,,1.00,15:04
,,,,,,,,,,8.53,15:04
,,,,,,,,,,1.30,15:03
,,,,,,,,,,2.56,15:03
,,,,,,,,,,7.72,15:03
,,,,,,,,,,2.45,15:02
,,,,,,,,,,1.00,15:01
,,,,,,,,,,1.46,15:01
,,,,,,,,,,1.93,15:01
,,,,,,,,,,2.09,15:00
,,,,,,,,,,1.31,15:00
,,,,,,,,,,1.21,15:00
,,,,,,,,,,18.65,15:00
,,,,,,,,,,9.95,14:59
,,,,,,,,,,22.04,14:58
,,,,,,,,,,2.54,14:57
,,,,,,,,,,1.07,14:56
,,,,,,,,,,6.36,14:56
,,,,,,,,,,3.48,14:55
,,,,,,,,,,2.00,14:55
,,,,,,,,,,2.13,14:54
,,,,,,,,,,4.98,14:54
,,,,,,,,,,18.44,14:53
,,,,,,,,,,1.78,14:52
,,,,,,,,,,9.26,14:52
,,,,,,,,,,1.15,14:51
,,,,,,,,,,6.81,14:51
,,,,,,,,,,1.91,14:50
,,,,,,,,,,1.36,14:50
,,,,,,,,,,1.18,14:49
,,,,,,,,,,1.93,14:49
,,,,,,,,,,3.49,14:49
,,,,,,,,,,1.21,14:48
,,,,,,,,,,1.59,14:48
,,,,,,,,,,10.91,14:48
,,,,,,,,,,160.55,14:47
,,,,,,,,,,3.39,14:45
,,,,,,,,,,19.98,14:45
,,,,,,,,,,3.69,14:44
,,,,,,,,,,1.04,14:43
,,,,,,,,,,1.14,14:43
,,,,,,,,,,1.16,14:43
,,,,,,,,,,8.98,14:42
,,,,,,,,,,2.45,14:42
,,,,,,,,,,1.40,14:41
,,,,,,,,,,2.42,14:41
,,,,,,,,,,2.42,14:40
,,,,,,,,,,6.44,14:40
,,,,,,,,,,1.11,14:39
,,,,,,,,,,1.19,14:39
,,,,,,,,,,2.68,14:39
,,,,,,,,,,4.44,14:38
,,,,,,,,,,1.44,14:38
,,,,,,,,,,3.67,14:37
,,,,,,,,,,1.64,14:37
,,,,,,,,,,1.10,14:37
,,,,,,,,,,2.12,14:36
,,,,,,,,,,3.05,14:36
,,,,,,,,,,3.39,14:35
,,,,,,,,,,1.40,14:35
,,,,,,,,,,1.36,14:35
,,,,,,,,,,2.26,14:34
,,,,,,,,,,1.27,14:34
,,,,,,,,,,1.08,14:34
,,,,,,,,,,1.22,14:33
,,,,,,,,,,1.34,14:33
,,,,,,,,,,1.62,14:33
,,,,,,,,,,1.10,14:32
,,,,,,,,,,2.05,14:32
,,,,,,,,,,1.93,14:32
,,,,,,,,,,1.43,14:32
,,,,,,,,,,1.09,14:31
,,,,,,,,,,1.42,14:31
,,,,,,,,,,6.06,14:31
,,,,,,,,,,6.50,14:30
,,,,,,,,,,8.05,14:29
,,,,,,,,,,2.50,14:29
,,,,,,,,,,181.55,14:28
,,,,,,,,,,2.81,14:26
,,,,,,,,,,1.18,14:26
,,,,,,,,,,5.17,14:26
,,,,,,,,,,2.35,14:25
,,,,,,,,,,1.79,14:25
,,,,,,,,,,2.08,14:24
,,,,,,,,,,1.28,14:24
,,,,,,,,,,8.56,14:24
,,,,,,,,,,1.34,14:23
,,,,,,,,,,8.92,14:23
,,,,,,,,,,1.37,14:22
,,,,,,,,,,1.11,14:21
,,,,,,,,,,1.51,14:21
,,,,,,,,,,1.43,14:21
,,,,,,,,,,1.95,14:21
,,,,,,,,,,1.74,14:20
,,,,,,,,,,3.31,14:20
,,,,,,,,,,2.16,14:19
,,,,,,,,,,1.08,14:19
,,,,,,,,,,1.01,14:19
,,,,,,,,,,30.53,14:18
,,,,,,,,,,12.54,14:17
,,,,,,,,,,1.22,14:16
,,,,,,,,,,9.65,14:16
,,,,,,,,,,12.55,14:15
,,,,,,,,,,2.13,14:14
,,,,,,,,,,3.81,14:14
,,,,,,,,,,1.49,14:13
,,,,,,,,,,4.31,14:13
,,,,,,,,,,1.08,14:13
,,,,,,,,,,1.08,14:12
,,,,,,,,,,1.63,14:12
,,,,,,,,,,2.24,14:12
,,,,,,,,,,13.70,14:11
,,,,,,,,,,5.07,14:10
,,,,,,,,,,1.01,14:10
,,,,,,,,,,8.35,14:10
,,,,,,,,,,43.90,14:09
,,,,,,,,,,9.87,14:08
,,,,,,,,,,1.64,14:07
,,,,,,,,,,1.59,14:06
,,,,,,,,,,1.09,14:06
,,,,,,,,,,5.26,14:06
,,,,,,,,,,8.25,14:05
,,,,,,,,,,1.76,14:04
,,,,,,,,,,1.94,14:04
,,,,,,,,,,1.20,14:04
,,,,,,,,,,2.44,14:03
,,,,,,,,,,2.06,14:03
,,,,,,,,,,2.95,14:03
,,,,,,,,,,3.44,14:02
,,,,,,,,,,1.03,14:02
,,,,,,,,,,1.80,14:01
,,,,,,,,,,1.12,14:01
,,,,,,,,,,3.70,14:01
,,,,,,,,,,1.50,14:00
,,,,,,,,,,1.22,14:00
,,,,,,,,,,1.28,14:00
,,,,,,,,,,1.45,13:59
,,,,,,,,,,1.63,13:59
,,,,,,,,,,1.81,13:59
,,,,,,,,,,1.15,13:58
,,,,,,,,,,4.78,13:58
,,,,,,,,,,29.07,13:57
,,,,,,,,,,1.60,13:56
,,,,,,,,,,2.26,13:56
,,,,,,,,,,2.31,13:56
,,,,,,,,,,73.08,13:55
,,,,,,,,,,8.33,13:54
,,,,,,,,,,6.57,13:53
,,,,,,,,,,1.46,13:52
,,,,,,,,,,1.19,13:52
,,,,,,,,,,2.05,13:52
,,,,,,,,,,3.39,13:51
,,,,,,,,,,3.78,13:51
,,,,,,,,,,2.50,13:50
,,,,,,,,,,4.02,13:50
,,,,,,,,,,1.39,13:49
,,,,,,,,,,1.47,13:49
,,,,,,,,,,2.42,13:49
,,,,,,,,,,1.11,13:48
,,,,,,,,,,21.93,13:48
,,,,,,,,,,4.89,13:47
,,,,,,,,,,1.64,13:46
,,,,,,,,,,2.72,13:46
,,,,,,,,,,1.19,13:45
,,,,,,,,,,278.68,13:45
,,,,,,,,,,2.06,13:43
,,,,,,,,,,1.84,13:43
,,,,,,,,,,2.39,13:43
,,,,,,,,,,1.02,13:42
,,,,,,,,,,1.50,13:42
,,,,,,,,,,2.02,13:42
,,,,,,,,,,1.22,13:41
,,,,,,,,,,1.59,13:41
,,,,,,,,,,2.84,13:41
,,,,,,,,,,1.09,13:40
,,,,,,,,,,1.07,13:40
,,,,,,,,,,2.82,13:40
,,,,,,,,,,2.78,13:39
,,,,,,,,,,3.72,13:39
,,,,,,,,,,23.21,13:38
,,,,,,,,,,1.60,13:37
,,,,,,,,,,4.75,13:37
,,,,,,,,,,1.45,13:36
,,,,,,,,,,3.71,13:36
,,,,,,,,,,2.45,13:35
,,,,,,,,,,2.30,13:35
,,,,,,,,,,2.38,13:35
,,,,,,,,,,5.69,13:34
,,,,,,,,,,1.09,13:34
,,,,,,,,,,2.19,13:33
,,,,,,,,,,1.31,13:33
,,,,,,,,,,2.14,13:33
,,,,,,,,,,2.07,13:32
,,,,,,,,,,2.04,13:32
,,,,,,,,,,1.31,13:31
,,,,,,,,,,1.09,13:31
,,,,,,,,,,1.49,13:31
,,,,,,,,,,1.52,13:30
,,,,,,,,,,1.89,13:30
,,,,,,,,,,1.36,13:30
,,,,,,,,,,4.13,13:30
,,,,,,,,,,1.37,13:29
,,,,,,,,,,2.10,13:29
,,,,,,,,,,4.19,13:28
,,,,,,,,,,1.63,13:28
,,,,,,,,,,1.47,13:27
,,,,,,,,,,2.14,13:27
,,,,,,,,,,2.57,13:27
,,,,,,,,,,6.71,13:26
,,,,,,,,,,2.34,13:25
,,,,,,,,,,1.01,13:25
,,,,,,,,,,5.41,13:25
,,,,,,,,,,2.33,13:24
,,,,,,,,,,1.52,13:24
,,,,,,,,,,1.09,13:23
,,,,,,,,,,2.87,13:23
,,,,,,,,,,11.92,13:23
,,,,,,,,,,1.98,13:22
,,,,,,,,,,1.76,13:21
,,,,,,,,,,3.41,13:21
,,,,,,,,,,1.32,13:20
,,,,,,,,,,3.26,13:20
,,,,,,,,,,1.54,13:20
,,,,,,,,,,3.90,13:19
,,,,,,,,,,14.62,13:19
,,,,,,,,,,1.03,13:18
,,,,,,,,,,141.92,13:18
,,,,,,,,,,2.41,13:16
,,,,,,,,,,5.24,13:16
,,,,,,,,,,2.11,13:15
,,,,,,,,,,1.07,13:15
,,,,,,,,,,1.49,13:14
,,,,,,,,,,1.04,13:14
,,,,,,,,,,2.14,13:14
,,,,,,,,,,1.39,13:13
,,,,,,,,,,1.05,13:13
,,,,,,,,,,1.22,13:13
,,,,,,,,,,1.67,13:13
,,,,,,,,,,5.71,13:12
,,,,,,,,,,1.30,13:12
,,,,,,,,,,2.74,13:11
,,,,,,,,,,1.84,13:11
,,,,,,,,,,21.92,13:11
,,,,,,,,,,1.10,13:11
,,,,,,,,,,1.30,13:11
,,,,,,,,,,26.40,13:11
,,,,,,,,,,3.39,13:11
,,,,,,,,,,1.64,13:11
,,,,,,,,,,1.63,13:11
,,,,,,,,,,1.70,13:11
,,,,,,,,,,4.24,13:06
,,,,,,,,,,1.05,13:06
,,,,,,,,,,27.18,13:06
,,,,,,,,,,1.67,13:04
,,,,,,,,,,2.59,13:04
,,,,,,,,,,2.18,13:04
,,,,,,,,,,1.70,13:03
,,,,,,,,,,4.25,13:03
,,,,,,,,,,1.54,13:02
,,,,,,,,,,1.46,13:02
,,,,,,,,,,1.19,13:02
,,,,,,,,,,3.60,13:01
,,,,,,,,,,1.68,13:01
,,,,,,,,,,3.81,13:00
,,,,,,,,,,1.82,13:00
,,,,,,,,,,1.01,13:00
,,,,,,,,,,1.17,12:59
,,,,,,,,,,4.56,12:59
,,,,,,,,,,1.88,12:59
,,,,,,,,,,1.20,12:58
,,,,,,,,,,3.70,12:58
,,,,,,,,,,1.63,12:57
,,,,,,,,,,1.05,12:57
,,,,,,,,,,1.14,12:57
,,,,,,,,,,1.97,12:57
,,,,,,,,,,1.00,12:56
,,,,,,,,,,2.86,12:56
,,,,,,,,,,15.50,12:55
,,,,,,,,,,1.00,12:55
,,,,,,,,,,1.07,12:54
,,,,,,,,,,1.35,12:54
,,,,,,,,,,1.37,12:54
,,,,,,,,,,1.56,12:54
,,,,,,,,,,1.16,12:53
,,,,,,,,,,1.29,12:53
,,,,,,,,,,1.02,12:53
,,,,,,,,,,1.11,12:52
,,,,,,,,,,1.30,12:52
,,,,,,,,,,1.38,12:52
,,,,,,,,,,1.04,12:52
,,,,,,,,,,1.25,12:51
,,,,,,,,,,13.04,12:51
,,,,,,,,,,1.13,12:50
,,,,,,,,,,1.11,12:50
,,,,,,,,,,1.02,12:50
,,,,,,,,,,60.30,12:50
,,,,,,,,,,9.49,12:48
,,,,,,,,,,1.80,12:47
,,,,,,,,,,1.30,12:47
,,,,,,,,,,3.21,12:47
,,,,,,,,,,1.47,12:46
,,,,,,,,,,1.02,12:46
,,,,,,,,,,1.11,12:46
,,,,,,,,,,1.14,12:46
,,,,,,,,,,1.18,12:45
,,,,,,,,,,1.14,12:45
,,,,,,,,,,12.62,12:45
,,,,,,,,,,1.27,12:44
,,,,,,,,,,2.32,12:44
,,,,,,,,,,42.62,12:43
,,,,,,,,,,1.10,12:42
,,,,,,,,,,12.09,12:42
,,,,,,,,,,1.77,12:41
,,,,,,,,,,10.56,12:41
,,,,,,,,,,2.76,12:40
,,,,,,,,,,2.62,12:39
,,,,,,,,,,1.04,12:39
,,,,,,,,,,1.47,12:39
,,,,,,,,,,2.39,12:38
,,,,,,,,,,1.10,12:38
,,,,,,,,,,3.06,12:38
,,,,,,,,,,3.62,12:37
,,,,,,,,,,1.11,12:37
,,,,,,,,,,2.49,12:36
,,,,,,,,,,5.53,12:36
,,,,,,,,,,1.40,12:35
,,,,,,,,,,2.39,12:35
,,,,,,,,,,1.01,12:34
,,,,,,,,,,1.17,12:34
,,,,,,,,,,30.32,12:34
,,,,,,,,,,1.59,12:33
,,,,,,,,,,1.50,12:33
,,,,,,,,,,5.40,12:32
,,,,,,,,,,4.47,12:32
,,,,,,,,,,1.88,12:31
,,,,,,,,,,9.45,12:31
,,,,,,,,,,1.77,12:30
,,,,,,,,,,6.15,12:29
,,,,,,,,,,1.74,12:29
,,,,,,,,,,4.43,12:28
,,,,,,,,,,6.13,12:28
,,,,,,,,,,1.04,12:27
,,,,,,,,,,1.87,12:27
,,,,,,,,,,2.39,12:26
,,,,,,,,,,1.21,12:26
,,,,,,,,,,3.54,12:26
,,,,,,,,,,3.32,12:25
,,,,,,,,,,1.03,12:25
,,,,,,,,,,5.90,12:24
,,,,,,,,,,3.87,12:24
,,,,,,,,,,1.13,12:23
,,,,,,,,,,6.09,12:23
,,,,,,,,,,1.53,12:22
,,,,,,,,,,1.26,12:22
,,,,,,,,,,2.61,12:22
,,,,,,,,,,1.74,12:21
,,,,,,,,,,1.03,12:21
,,,,,,,,,,2.93,12:21
,,,,,,,,,,21.84,12:20
,,,,,,,,,,1.27,12:19
,,,,,,,,,,1.51,12:19
,,,,,,,,,,4.42,12:19
,,,,,,,,,,587.03,12:18
,,,,,,,,,,1.15,12:16
,,,,,,,,,,68.99,12:16
,,,,,,,,,,108.87,12:14
,,,,,,,,,,64.50,12:13
,,,,,,,,,,1.45,12:11
,,,,,,,,,,1.62,12:11
,,,,,,,,,,2.87,12:11
,,,,,,,,,,3.31,12:10
,,,,,,,,,,1.05,12:10
,,,,,,,,,,11.47,12:10
,,,,,,,,,,2.95,12:09
,,,,,,,,,,1.03,12:08
,,,,,,,,,,2.62,12:08
,,,,,,,,,,1.47,12:08
,,,,,,,,,,11.08,12:07
,,,,,,,,,,1.01,12:06
,,,,,,,,,,12.45,12:06
,,,,,,,,,,1.44,12:05
,,,,,,,,,,7.02,12:05
,,,,,,,,,,3.72,12:04
,,,,,,,,,,3.04,12:04
,,,,,,,,,,1.66,12:03
,,,,,,,,,,1.85,12:03
,,,,,,,,,,10.50,12:03
,,,,,,,,,,8.38,12:02
,,,,,,,,,,2.42,12:01
,,,,,,,,,,3.07,12:00
,,,,,,,,,,1.34,12:00
,,,,,,,,,,3.72,12:00
,,,,,,,,,,1.61,11:59
,,,,,,,,,,1.14,11:59
,,,,,,,,,,1.75,11:59
,,,,,,,,,,1.00,11:58
,,,,,,,,,,1.60,11:58
,,,,,,,,,,1.62,11:58
,,,,,,,,,,3.11,11:57
,,,,,,,,,,1.02,11:57
,,,,,,,,,,1.38,11:57
,,,,,,,,,,1.22,11:56
,,,,,,,,,,109.44,11:56
,,,,,,,,,,2.84,11:55
,,,,,,,,,,13.44,11:54
,,,,,,,,,,1.95,11:53
,,,,,,,,,,4.04,11:53
,,,,,,,,,,1.66,11:52
,,,,,,,,,,2.57,11:52
,,,,,,,,,,3.84,11:51
,,,,,,,,,,2.28,11:51
,,,,,,,,,,1.29,11:51
,,,,,,,,,,1.12,11:50
,,,,,,,,,,1.60,11:50
,,,,,,,,,,1.16,11:50
,,,,,,,,,,1.38,11:50
,,,,,,,,,,3.20,11:50
,,,,,,,,,,33.74,11:50
,,,,,,,,,,1.76,11:50
,,,,,,,,,,2.09,11:50
,,,,,,,,,,1.71,11:50
,,,,,,,,,,1.57,11:50
,,,,,,,,,,2.98,11:50
,,,,,,,,,,2.90,11:39
,,,,,,,,,,1.59,11:39
,,,,,,,,,,1.12,11:38
,,,,,,,,,,1.89,11:38
,,,,,,,,,,1.23,11:38
,,,,,,,,,,4.32,11:38
,,,,,,,,,,1.44,11:37
,,,,,,,,,,5.54,11:37
,,,,,,,,,,4.88,11:36
,,,,,,,,,,2.72,11:35
,,,,,,,,,,1.47,11:35
,,,,,,,,,,6.18,11:35
,,,,,,,,,,1.52,11:34
,,,,,,,,,,1.51,11:34
,,,,,,,,,,1.00,11:33
,,,,,,,,,,5.49,11:33
,,,,,,,,,,8.24,11:32
,,,,,,,,,,4.51,11:32
,,,,,,,,,,4.50,11:31
,,,,,,,,,,3.05,11:30
,,,,,,,,,,1.86,11:30
,,,,,,,,,,10.83,11:30
,,,,,,,,,,2.03,11:29
,,,,,,,,,,1.76,11:28
,,,,,,,,,,434.92,11:28
,,,,,,,,,,1.58,11:26
,,,,,,,,,,1.56,11:26
,,,,,,,,,,1.45,11:25
,,,,,,,,,,1.13,11:25
,,,,,,,,,,2.01,11:25
,,,,,,,,,,1.90,11:24
,,,,,,,,,,1.20,11:24
,,,,,,,,,,1.27,11:24
,,,,,,,,,,1.58,11:24
,,,,,,,,,,4.79,11:23
,,,,,,,,,,4.21,11:23
,,,,,,,,,,7.18,11:22
,,,,,,,,,,1.89,11:21
,,,,,,,,,,1.79,11:21
,,,,,,,,,,99.58,11:21
,,,,,,,,,,1.29,11:19
,,,,,,,,,,5.96,11:19
,,,,,,,,,,1.78,11:18
,,,,,,,,,,5.71,11:18
,,,,,,,,,,1.63,11:17
,,,,,,,,,,3.91,11:17
,,,,,,,,,,1.72,11:16
,,,,,,,,,,1.91,11:16
,,,,,,,,,,3.44,11:15
,,,,,,,,,,3.51,11:15
,,,,,,,,,,8.37,11:14
,,,,,,,,,,1.07,11:14
,,,,,,,,,,1.59,11:13
,,,,,,,,,,1.13,11:13
,,,,,,,,,,1.83,11:13
,,,,,,,,,,5.47,11:12
,,,,,,,,,,1.36,11:12
,,,,,,,,,,7.01,11:11
,,,,,,,,,,3.80,11:11
,,,,,,,,,,3.64,11:10
,,,,,,,,,,1.30,11:10
,,,,,,,,,,1.17,11:09
,,,,,,,,,,7.16,11:09
,,,,,,,,,,2.72,11:08
,,,,,,,,,,4.74,11:08
,,,,,,,,,,2.69,11:07
,,,,,,,,,,2.96,11:07
,,,,,,,,,,1.14,11:06
,,,,,,,,,,2.38,11:06
,,,,,,,,,,1.21,11:06
,,,,,,,,,,4.16,11:05
,,,,,,,,,,4.27,11:05
,,,,,,,,,,1.74,11:04
,,,,,,,,,,1.06,11:04
,,,,,,,,,,2.32,11:04
,,,,,,,,,,21.65,11:03
,,,,,,,,,,1.67,11:02
,,,,,,,,,,1.16,11:02
,,,,,,,,,,2.07,11:02
,,,,,,,,,,1.21,11:01
,,,,,,,,,,1.57,11:01
,,,,,,,,,,18.30,11:01
,,,,,,,,,,1.73,11:00
,,,,,,,,,,1.86,10:59
,,,,,,,,,,1.64,10:59
,,,,,,,,,,1.05,10:59
,,,,,,,,,,15.55,10:58
,,,,,,,,,,4.39,10:57
,,,,,,,,,,1.52,10:57
,,,,,,,,,,1.10,10:56
,,,,,,,,,,2.80,10:56
,,,,,,,,,,1.15,10:56
,,,,,,,,,,6.65,10:55
,,,,,,,,,,1.10,10:55
,,,,,,,,,,17.10,10:55
,,,,,,,,,,2.25,10:54
,,,,,,,,,,4.97,10:53
,,,,,,,,,,1.30,10:52
,,,,,,,,,,1.05,10:52
,,,,,,,,,,11.13,10:52
,,,,,,,,,,1.09,10:51
,,,,,,,,,,1.26,10:51
,,,,,,,,,,3.92,10:51
,,,,,,,,,,1.23,10:50
,,,,,,,,,,1.72,10:50
,,,,,,,,,,1.12,10:49
,,,,,,,,,,1.25,10:49
,,,,,,,,,,1.33,10:49
,,,,,,,,,,1.07,10:49
,,,,,,,,,,1.48,10:48
,,,,,,,,,,1.10,10:48
,,,,,,,,,,2.97,10:48
,,,,,,,,,,1.35,10:47
,,,,,,,,,,2.18,10:47
,,,,,,,,,,6.00,10:47
,,,,,,,,,,6.01,10:46
,,,,,,,,,,2.07,10:45
,,,,,,,,,,1.27,10:45
,,,,,,,,,,27.69,10:45
,,,,,,,,,,1.42,10:44
,,,,,,,,,,1.11,10:43
,,,,,,,,,,1.37,10:43
,,,,,,,,,,2.08,10:43
,,,,,,,,,,1.32,10:42
,,,,,,,,,,2.52,10:42
,,,,,,,,,,3.50,10:42
,,,,,,,,,,1.25,10:41
,,,,,,,,,,3.19,10:41
,,,,,,,,,,1.44,10:40
,,,,,,,,,,1.01,10:40
,,,,,,,,,,6.76,10:40
,,,,,,,,,,5.96,10:39
,,,,,,,,,,2.10,10:38
,,,,,,,,,,1.03,10:38
,,,,,,,,,,19.96,10:38
,,,,,,,,,,1.27,10:37
,,,,,,,,,,1.93,10:36
,,,,,,,,,,1.55,10:36
,,,,,,,,,,24.39,10:36
,,,,,,,,,,8.31,10:35
,,,,,,,,,,1.28,10:34
,,,,,,,,,,4.52,10:34
,,,,,,,,,,2.02,10:33
,,,,,,,,,,27.77,10:33
,,,,,,,,,,1.99,10:32
,,,,,,,,,,9.34,10:31
,,,,,,,,,,2.24,10:30
,,,,,,,,,,1.14,10:30
,,,,,,,,,,1.00,10:30
,,,,,,,,,,1.72,10:29
,,,,,,,,,,1.15,10:29
,,,,,,,,,,1.03,10:29
,,,,,,,,,,2.05,10:29
,,,,,,,,,,597.69,10:28
,,,,,,,,,,13.35,10:26
,,,,,,,,,,3.50,10:25
,,,,,,,,,,7.80,10:25
,,,,,,,,,,2.91,10:24
,,,,,,,,,,1.54,10:24
,,,,,,,,,,2.33,10:23
,,,,,,,,,,8.13,10:23
,,,,,,,,,,1.22,10:22
,,,,,,,,,,1.04,10:22
,,,,,,,,,,1.10,10:22
,,,,,,,,,,3.72,10:21
,,,,,,,,,,4.08,10:21
,,,,,,,,,,1.49,10:20
,,,,,,,,,,1.39,10:20
,,,,,,,,,,1.61,10:20
,,,,,,,,,,4.56,10:19
,,,,,,,,,,1.69,10:19
,,,,,,,,,,2.95,10:18
,,,,,,,,,,53.46,10:18
,,,,,,,,,,2.47,10:18
,,,,,,,,,,9.47,10:18
,,,,,,,,,,1.13,10:18
,,,,,,,,,,3.49,10:18
,,,,,,,,,,2.01,10:18
,,,,,,,,,,1.85,10:18
,,,,,,,,,,1.42,10:18
,,,,,,,,,,1.05,10:18
,,,,,,,,,,2.84,10:18
,,,,,,,,,,17.80,10:10
,,,,,,,,,,1.47,10:09
,,,,,,,,,,4.10,10:09
,,,,,,,,,,1.52,10:08
,,,,,,,,,,27.07,10:08
,,,,,,,,,,1.36,10:07
,,,,,,,,,,1.03,10:06
,,,,,,,,,,1.70,10:06
,,,,,,,,,,3.08,10:06
,,,,,,,,,,1.53,10:05
,,,,,,,,,,1.64,10:05
,,,,,,,,,,5.79,10:05
,,,,,,,,,,9.65,10:04
,,,,,,,,,,1.39,10:03
,,,,,,,,,,1.13,10:03
,,,,,,,,,,3.29,10:03
,,,,,,,,,,1.06,10:02
,,,,,,,,,,1.22,10:02
,,,,,,,,,,2.25,10:02
,,,,,,,,,,5.04,10:01
,,,,,,,,,,1.38,10:01
,,,,,,,,,,1.01,10:00
,,,,,,,,,,3.01,10:00
,,,,,,,,,,6.37,10:00
,,,,,,,,,,4.98,09:59
,,,,,,,,,,11.78,09:58
,,,,,,,,,,3.05,09:57
,,,,,,,,,,1.09,09:57
,,,,,,,,,,1.19,09:57
,,,,,,,,,,1.72,09:56
,,,,,,,,,,10.19,09:56
,,,,,,,,,,3.17,09:55
,,,,,,,,,,1.21,09:55
,,,,,,,,,,3.28,09:54
,,,,,,,,,,1.33,09:54
,,,,,,,,,,1.72,09:54
,,,,,,,,,,4.51,09:53
,,,,,,,,,,1.11,09:53
,,,,,,,,,,1.37,09:52
,,,,,,,,,,1.07,09:52
,,,,,,,,,,23.20,09:52
,,,,,,,,,,2.09,09:51
,,,,,,,,,,3.01,09:50
,,,,,,,,,,1.08,09:50
,,,,,,,,,,2.38,09:50
,,,,,,,,,,5.80,09:49
,,,,,,,,,,12.50,09:49
,,,,,,,,,,5.10,09:48
,,,,,,,,,,1.51,09:47
,,,,,,,,,,3.65,09:47
,,,,,,,,,,1.03,09:46
,,,,,,,,,,2.57,09:46
,,,,,,,,,,1.03,09:45
,,,,,,,,,,10.60,09:45
,,,,,,,,,,4.60,09:44
,,,,,,,,,,1.09,09:44
,,,,,,,,,,3.21,09:44
,,,,,,,,,,1.44,09:43
,,,,,,,,,,1.65,09:43
,,,,,,,,,,1.62,09:42
,,,,,,,,,,1.00,09:42
,,,,,,,,,,1.22,09:42
,,,,,,,,,,2.06,09:42
,,,,,,,,,,1.13,09:41
,,,,,,,,,,4.70,09:41
,,,,,,,,,,1.28,09:40
,,,,,,,,,,1.58,09:40
,,,,,,,,,,5.42,09:40
,,,,,,,,,,2.40,09:39
,,,,,,,,,,1.11,09:39
,,,,,,,,,,1.05,09:38
,,,,,,,,,,2.27,09:38
,,,,,,,,,,1.26,09:38
,,,,,,,,,,2.32,09:38
,,,,,,,,,,2.64,09:37
,,,,,,,,,,4.32,09:37
,,,,,,,,,,2.16,09:36
,,,,,,,,,,1.17,09:36
,,,,,,,,,,2.68,09:35
,,,,,,,,,,2.53,09:35
,,,,,,,,,,28.67,09:34
,,,,,,,,,,1.25,09:33
,,,,,,,,,,2.62,09:33
,,,,,,,,,,1.62,09:33
,,,,,,,,,,1.98,09:32
,,,,,,,,,,17.31,09:32
,,,,,,,,,,1.37,09:31
,,,,,,,,,,6.61,09:31
,,,,,,,,,,1.15,09:30
,,,,,,,,,,1.69,09:30
,,,,,,,,,,3.76,09:29
,,,,,,,,,,16.40,09:29
,,,,,,,,,,2.22,09:28
,,,,,,,,,,5.09,09:27
,,,,,,,,,,3.17,09:27
,,,,,,,,,,1.79,09:26
,,,,,,,,,,1.50,09:26
,,,,,,,,,,2.32,09:26
,,,,,,,,,,2.10,09:25
,,,,,,,,,,1.87,09:25
,,,,,,,,,,14.01,09:24
,,,,,,,,,,5.86,09:23
,,,,,,,,,,1.76,09:23
,,,,,,,,,,70.29,09:22
,,,,,,,,,,2.86,09:21
,,,,,,,,,,5.25,09:20
,,,,,,,,,,1.86,09:20
,,,,,,,,,,1.35,09:19
,,,,,,,,,,2.65,09:19
,,,,,,,,,,7.84,09:19
,,,,,,,,,,3.42,09:18
,,,,,,,,,,1.20,09:17
,,,,,,,,,,8.21,09:17
,,,,,,,,,,2.58,09:16
,,,,,,,,,,1.14,09:16
,,,,,,,,,,1.40,09:16
,,,,,,,,,,15.40,09:15
,,,,,,,,,,4.07,09:14
,,,,,,,,,,1.12,09:14
,,,,,,,,,,13.25,09:14
,,,,,,,,,,1.35,09:13
,,,,,,,,,,1.02,09:12
,,,,,,,,,,1.75,09:12
,,,,,,,,,,1.70,09:12
,,,,,,,,,,3.61,09:11
,,,,,,,,,,2.98,09:11
,,,,,,,,,,1.76,09:10
,,,,,,,,,,1.35,09:10
,,,,,,,,,,7.71,09:10
,,,,,,,,,,1.19,09:09
,,,,,,,,,,7.38,09:09
,,,,,,,,,,3.94,09:08
,,,,,,,,,,2.80,09:07
,,,,,,,,,,1.15,09:07
,,,,,,,,,,9.68,09:07
,,,,,,,,,,1.21,09:06
,,,,,,,,,,1.66,09:06
,,,,,,,,,,4.48,09:05
,,,,,,,,,,1.88,09:05
,,,,,,,,,,5.11,09:04
,,,,,,,,,,1.19,09:04
,,,,,,,,,,1.08,09:03
,,,,,,,,,,9.36,09:03
,,,,,,,,,,1.31,09:02
,,,,,,,,,,1.11,09:02
,,,,,,,,,,1.27,09:02
,,,,,,,,,,11.88,09:02
,,,,,,,,,,14.74,09:01
,,,,,,,,,,1.29,09:00
,,,,,,,,,,1.69,09:00
,,,,,,,,,,7.10,08:59
,,,,,,,,,,3.80,08:58
,,,,,,,,,,1.59,08:58
,,,,,,,,,,1.98,08:58
,,,,,,,,,,1.15,08:57
,,,,,,,,,,2.99,08:57
,,,,,,,,,,2.04,08:56
,,,,,,,,,,2.16,08:56
,,,,,,,,,,1.00,08:56
,,,,,,,,,,3.02,08:55
,,,,,,,,,,35.59,08:55
,,,,,,,,,,1.26,08:54
,,,,,,,,,,1.31,08:53
,,,,,,,,,,3.64,08:53
,,,,,,,,,,1.52,08:53
,,,,,,,,,,2.50,08:52
,,,,,,,,,,2.06,08:52
,,,,,,,,,,1.32,08:51
,,,,,,,,,,2.44,08:51
,,,,,,,,,,15.20,08:51
,,,,,,,,,,1.14,08:50
,,,,,,,,,,22.18,08:50
,,,,,,,,,,1.21,08:49
,,,,,,,,,,2.72,08:48
,,,,,,,,,,1.67,08:48
,,,,,,,,,,1.17,08:47
,,,,,,,,,,1.21,08:47
,,,,,,,,,,6.41,08:47
,,,,,,,,,,11.51,08:46
,,,,,,,,,,1.01,08:45
,,,,,,,,,,8.06,08:45
,,,,,,,,,,1.29,08:44
,,,,,,,,,,1.26,08:44
,,,,,,,,,,1.07,08:44
,,,,,,,,,,45.14,08:44
,,,,,,,,,,2.33,08:42
,,,,,,,,,,1.22,08:42
,,,,,,,,,,2.31,08:42
,,,,,,,,,,1.75,08:41
,,,,,,,,,,2.85,08:41
,,,,,,,,,,20.54,08:40
,,,,,,,,,,30.63,08:39
,,,,,,,,,,1.14,08:38
,,,,,,,,,,2.40,08:38
,,,,,,,,,,22.61,08:38
,,,,,,,,,,7.29,08:37
,,,,,,,,,,9.84,08:36
,,,,,,,,,,6.47,08:35
,,,,,,,,,,2.32,08:34
,,,,,,,,,,1.80,08:34
,,,,,,,,,,1.45,08:33
,,,,,,,,,,2.07,08:33
,,,,,,,,,,70.93,08:33
,,,,,,,,,,2.78,08:31
,,,,,,,,,,4.52,08:31
,,,,,,,,,,3.38,08:30
,,,,,,,,,,1.74,08:30
,,,,,,,,,,2.79,08:29
,,,,,,,,,,7.24,08:29
,,,,,,,,,,2.78,08:28
,,,,,,,,,,1.00,08:28
,,,,,,,,,,1.14,08:27
,,,,,,,,,,2.06,08:27
,,,,,,,,,,2.15,08:27
,,,,,,,,,,1.38,08:26
,,,,,,,,,,1.09,08:26
,,,,,,,,,,16.60,08:26
,,,,,,,,,,1.25,08:25
,,,,,,,,,,2.58,08:25
,,,,,,,,,,10.38,08:24
,,,,,,,,,,21.89,08:23
,,,,,,,,,,1.44,08:22
,,,,,,,,,,2.49,08:22
,,,,,,,,,,1.33,08:22
,,,,,,,,,,10.86,08:21
,,,,,,,,,,14.61,08:20
,,,,,,,,,,2.17,08:19
,,,,,,,,,,2.40,08:19
,,,,,,,,,,1.34,08:19
,,,,,,,,,,4.76,08:18
,,,,,,,,,,2.12,08:18
,,,,,,,,,,5.30,08:17
,,,,,,,,,,2.06,08:17
,,,,,,,,,,2.28,08:16
,,,,,,,,,,1.18,08:16
,,,,,,,,,,1.25,08:16
,,,,,,,,,,18.93,08:15
,,,,,,,,,,2.94,08:14
,,,,,,,,,,2.08,08:14
,,,,,,,,,,7.16,08:13
,,,,,,,,,,1.03,08:13
,,,,,,,,,,2.82,08:13
,,,,,,,,,,6.91,08:12
,,,,,,,,,,3.79,08:11
,,,,,,,,,,2.13,08:11
,,,,,,,,,,1.09,08:10
,,,,,,,,,,1.49,08:10
,,,,,,,,,,1.34,08:10
,,,,,,,,,,3.23,08:10
,,,,,,,,,,5.53,08:09
,,,,,,,,,,2.30,08:08
,,,,,,,,,,1.89,08:08
,,,,,,,,,,3.68,08:08
,,,,,,,,,,14.86,08:07
,,,,,,,,,,1.05,08:06
,,,,,,,,,,5.68,08:06
,,,,,,,,,,1.12,08:05
,,,,,,,,,,2.81,08:05
,,,,,,,,,,6.10,08:04
,,,,,,,,,,2.54,08:04
,,,,,,,,,,1.27,08:03
,,,,,,,,,,1.01,08:03
,,,,,,,,,,1.96,08:03
,,,,,,,,,,9.92,08:02
,,,,,,,,,,2.63,08:02
,,,,,,,,,,1.36,08:01
,,,,,,,,,,1.42,08:01
,,,,,,,,,,1.82,08:01
,,,,,,,,,,48.38,08:00
,,,,,,,,,,1.47,07:59
,,,,,,,,,,1.55,07:59
,,,,,,,,,,1.15,07:58
,,,,,,,,,,1.25,07:58
,,,,,,,,,,5.85,07:58
,,,,,,,,,,1.24,07:57
,,,,,,,,,,4.23,07:57
,,,,,,,,,,10.82,07:56
,,,,,,,,,,1.55,07:55
,,,,,,,,,,7.53,07:55
,,,,,,,,,,1.91,07:54
,,,,,,,,,,1.25,07:54
,,,,,,,,,,1.18,07:54
,,,,,,,,,,1.54,07:53
,,,,,,,,,,3.28,07:53
,,,,,,,,,,2.80,07:53
,,,,,,,,,,1.00,07:52
,,,,,,,,,,1.10,07:52
,,,,,,,,,,2.34,07:52
,,,,,,,,,,1.00,07:51
,,,,,,,,,,3.75,07:51
,,,,,,,,,,1.51,07:51
,,,,,,,,,,1.75,07:50
,,,,,,,,,,1.67,07:50
,,,,,,,,,,1.04,07:49
,,,,,,,,,,9.74,07:49
,,,,,,,,,,2.05,07:48
,,,,,,,,,,1.03,07:48
,,,,,,,,,,2.29,07:48
,,,,,,,,,,1.39,07:47
,,,,,,,,,,2.11,07:47
,,,,,,,,,,1.40,07:47
,,,,,,,,,,1.34,07:46
,,,,,,,,,,1.21,07:46
,,,,,,,,,,1.44,07:46
,,,,,,,,,,1.41,07:46
,,,,,,,,,,15.63,07:45
,,,,,,,,,,1.00,07:44
,,,,,,,,,,2.28,07:44
,,,,,,,,,,1.36,07:44
,,,,,,,,,,2.45,07:44
,,,,,,,,,,3.72,07:43
,,,,,,,,,,5.58,07:43
,,,,,,,,,,9.71,07:42
,,,,,,,,,,1.13,07:41
,,,,,,,,,,2.26,07:41
,,,,,,,,,,13.60,07:41
,,,,,,,,,,1.77,07:40
,,,,,,,,,,1.93,07:39
,,,,,,,,,,1.43,07:39
,,,,,,,,,,2.46,07:38
,,,,,,,,,,1.76,07:38
,,,,,,,,,,5.13,07:38
,,,,,,,,,,3.56,07:37
,,,,,,,,,,3.58,07:36
,,,,,,,,,,1.76,07:36
,,,,,,,,,,1.66,07:35
,,,,,,,,,,2.18,07:35
,,,,,,,,,,4.28,07:35
,,,,,,,,,,2.37,07:34
,,,,,,,,,,2.54,07:34
,,,,,,,,,,2.48,07:33
,,,,,,,,,,17.88,07:33
,,,,,,,,,,27.18,07:32
,,,,,,,,,,2.53,07:31
,,,,,,,,,,12.17,07:30
,,,,,,,,,,1.96,07:29
,,,,,,,,,,1.10,07:29
,,,,,,,,,,5.03,07:29
,,,,,,,,,,1.19,07:28
,,,,,,,,,,1.08,07:28
,,,,,,,,,,1.02,07:28
,,,,,,,,,,1.87,07:27
,,,,,,,,,,2.95,07:27
,,,,,,,,,,3.45,07:27
,,,,,,,,,,7.92,07:26
,,,,,,,,,,2.00,07:25
,,,,,,,,,,1.55,07:25
,,,,,,,,,,10.56,07:25
,,,,,,,,,,4.30,07:24
,,,,,,,,,,1.00,07:23
,,,,,,,,,,1.52,07:23
,,,,,,,,,,7.25,07:23
,,,,,,,,,,4.50,07:22
,,,,,,,,,,1.23,07:21
,,,,,,,,,,2.09,07:21
,,,,,,,,,,1.18,07:21
,,,,,,,,,,2.25,07:20
,,,,,,,,,,1.31,07:20
,,,,,,,,,,1.08,07:20
,,,,,,,,,,9.98,07:19
,,,,,,,,,,1.56,07:19
,,,,,,,,,,1.24,07:18
,,,,,,,,,,1.28,07:18
,,,,,,,,,,1.13,07:18
,,,,,,,,,,1.40,07:17
,,,,,,,,,,1.17,07:17
,,,,,,,,,,1.07,07:17
,,,,,,,,,,1.61,07:17
,,,,,,,,,,5.41,07:16
,,,,,,,,,,1.74,07:16
,,,,,,,,,,35.29,07:15
,,,,,,,,,,1.40,07:14
,,,,,,,,,,4.56,07:14
,,,,,,,,,,81.36,07:13
,,,,,,,,,,1.41,07:12
,,,,,,,,,,2.52,07:12
,,,,,,,,,,63.14,07:11
,,,,,,,,,,1.11,07:10
,,,,,,,,,,3.46,07:10
,,,,,,,,,,10.16,07:09
,,,,,,,,,,3.01,07:08
,,,,,,,,,,1.25,07:08
,,,,,,,,,,1.13,07:07
,,,,,,,,,,1.85,07:07
,,,,,,,,,,2.08,07:07
,,,,,,,,,,2.36,07:06
,,,,,,,,,,4.09,07:06
,,,,,,,,,,1.31,07:05
,,,,,,,,,,11.46,07:05
,,,,,,,,,,1.06,07:04
,,,,,,,,,,54.33,07:04
,,,,,,,,,,1.60,07:03
,,,,,,,,,,1.59,07:02
,,,,,,,,,,2.37,07:02
,,,,,,,,,,1.05,07:02
,,,,,,,,,,1.36,07:01
,,,,,,,,,,1.17,07:01
,,,,,,,,,,7.78,07:01
,,,,,,,,,,1.00,07:00
,,,,,,,,,,1.19,07:00
,,,,,,,,,,1.11,07:00
,,,,,,,,,,3.68,06:59
,,,,,,,,,,1.46,06:59
,,,,,,,,,,1.11,06:59
,,,,,,,,,,1.55,06:58
,,,,,,,,,,3.25,06:58
,,,,,,,,,,1.57,06:57
,,,,,,,,,,2.24,06:57
,,,,,,,,,,33.06,06:57
,,,,,,,,,,2.07,06:56
,,,,,,,,,,1.86,06:55
,,,,,,,,,,4.05,06:55
,,,,,,,,,,1.95,06:54
,,,,,,,,,,1.05,06:54
,,,,,,,,,,4.76,06:54
,,,,,,,,,,1.95,06:53
,,,,,,,,,,6.81,06:53
,,,,,,,,,,5.93,06:52
,,,,,,,,,,8.42,06:51
,,,,,,,,,,4.16,06:50
,,,,,,,,,,1.58,06:50
,,,,,,,,,,2.03,06:49
,,,,,,,,,,17.85,06:49
,,,,,,,,,,1.21,06:48
,,,,,,,,,,2.85,06:48
,,,,,,,,,,1.31,06:47
,,,,,,,,,,2.55,06:47
,,,,,,,,,,1.47,06:47
,,,,,,,,,,3.46,06:46
,,,,,,,,,,1.66,06:46
,,,,,,,,,,4.54,06:45
,,,,,,,,,,2.03,06:45
,,,,,,,,,,5.88,06:44
,,,,,,,,,,9.64,06:44
,,,,,,,,,,1.01,06:43
,,,,,,,,,,1.07,06:43
,,,,,,,,,,2.66,06:43
,,,,,,,,,,6.94,06:42
,,,,,,,,,,1.50,06:41
,,,,,,,,,,3.03,06:41
,,,,,,,,,,1.23,06:41
,,,,,,,,,,66.84,06:40
,,,,,,,,,,3.74,06:39
,,,,,,,,,,2.57,06:38
,,,,,,,,,,1.64,06:38
,,,,,,,,,,1.14,06:38
,,,,,,,,,,1.80,06:37
,,,,,,,,,,2.49,06:37
,,,,,,,,,,2.11,06:37
,,,,,,,,,,3.97,06:36
,,,,,,,,,,8.50,06:36
,,,,,,,,,,1.15,06:35
,,,,,,,,,,1.82,06:34
,,,,,,,,,,1.76,06:34
,,,,,,,,,,2.93,06:34
,,,,,,,,,,1.09,06:33
,,,,,,,,,,2.50,06:33
,,,,,,,,,,1.10,06:33
,,,,,,,,,,1.11,06:32
,,,,,,,,,,4.84,06:32
,,,,,,,,,,2.43,06:32
,,,,,,,,,,22.34,06:31
,,,,,,,,,,1.43,06:30
,,,,,,,,,,1.65,06:30
,,,,,,,,,,1.49,06:29
,,,,,,,,,,2.29,06:29
,,,,,,,,,,1.07,06:29
,,,,,,,,,,5.11,06:28
,,,,,,,,,,2.09,06:28
,,,,,,,,,,1.09,06:27
,,,,,,,,,,2.67,06:27
,,,,,,,,,,3.85,06:27
,,,,,,,,,,2.73,06:26
,,,,,,,,,,2.01,06:26
,,,,,,,,,,2.66,06:25
,,,,,,,,,,5.97,06:25
,,,,,,,,,,4.00,06:24
,,,,,,,,,,10.01,06:24
,,,,,,,,,,91.87,06:23
,,,,,,,,,,1.00,06:21
,,,,,,,,,,24.62,06:21
,,,,,,,,,,1.29,06:20
,,,,,,,,,,1.07,06:20
,,,,,,,,,,2.37,06:19
,,,,,,,,,,6.08,06:19
,,,,,,,,,,1.11,06:18
,,,,,,,,,,1.17,06:18
,,,,,,,,,,1.22,06:18
,,,,,,,,,,1.40,06:18
,,,,,,,,,,3.99,06:17
,,,,,,,,,,1.34,06:17
,,,,,,,,,,3.78,06:16
,,,,,,,,,,1.12,06:16
,,,,,,,,,,1.99,06:16
,,,,,,,,,,2.70,06:15
,,,,,,,,,,3.70,06:15
,,,,,,,,,,3.46,06:14
,,,,,,,,,,1.37,06:14
,,,,,,,,,,1.49,06:13
,,,,,,,,,,10.75,06:13
,,,,,,,,,,17.39,06:12
,,,,,,,,,,1.29,06:11
,,,,,,,,,,1.17,06:11
,,,,,,,,,,1.67,06:11
,,,,,,,,,,1.04,06:10
,,,,,,,,,,2.51,06:10
,,,,,,,,,,2.31,06:10
,,,,,,,,,,1.73,06:09
,,,,,,,,,,3.71,06:09
,,,,,,,,,,1.38,06:08
,,,,,,,,,,1.68,06:08
,,,,,,,,,,2.13,06:08
,,,,,,,,,,3.31,06:07
,,,,,,,,,,1.89,06:07
,,,,,,,,,,1.16,06:06
,,,,,,,,,,2.84,06:06
,,,,,,,,,,1.74,06:06
,,,,,,,,,,1.17,06:05
,,,,,,,,,,1.48,06:05
,,,,,,,,,,1.42,06:05
,,,,,,,,,,1.79,06:05
,,,,,,,,,,1.42,06:04
,,,,,,,,,,1.46,06:04
,,,,,,,,,,2.55,06:04
,,,,,,,,,,1.37,06:03
,,,,,,,,,,3.53,06:03
,,,,,,,,,,6.19,06:02
,,,,,,,,,,11.78,06:02
,,,,,,,,,,5.31,06:01
,,,,,,,,,,1.56,06:00
,,,,,,,,,,1.07,06:00
,,,,,,,,,,379.07,06:00
,,,,,,,,,,4.27,05:58
,,,,,,,,,,1.60,05:57
,,,,,,,,,,1.27,05:57
,,,,,,,,,,1.20,05:57
,,,,,,,,,,10.65,05:56
,,,,,,,,,,1.69,05:55
,,,,,,,,,,1.63,05:55
,,,,,,,,,,2.87,05:55
,,,,,,,,,,1.51,05:54
,,,,,,,,,,12.66,05:54
,,,,,,,,,,1.93,05:53
,,,,,,,,,,1.65,05:53
,,,,,,,,,,2.99,05:52
,,,,,,,,,,2.54,05:52
,,,,,,,,,,1.03,05:51
,,,,,,,,,,1.07,05:51
,,,,,,,,,,3.15,05:51
,,,,,,,,,,1.21,05:50
,,,,,,,,,,1.87,05:50
,,,,,,,,,,1.25,05:50
,,,,,,,,,,1.99,05:50
,,,,,,,,,,3.06,05:49
,,,,,,,,,,5.62,05:49
,,,,,,,,,,5.31,05:48
,,,,,,,,,,9.62,05:47
,,,,,,,,,,1.44,05:46
,,,,,,,,,,1.80,05:46
,,,,,,,,,,1.93,05:46
,,,,,,,,,,2.37,05:45
,,,,,,,,,,1.03,05:45
,,,,,,,,,,6.47,05:45
,,,,,,,,,,6.14,05:44
,,,,,,,,,,1.57,05:43
,,,,,,,,,,3.63,05:43
,,,,,,,,,,1.23,05:43
,,,,,,,,,,4.17,05:42
,,,,,,,,,,2.26,05:42
,,,,,,,,,,4.21,05:41
,,,,,,,,,,1.32,05:41
,,,,,,,,,,1.26,05:40
,,,,,,,,,,1.43,05:40
,,,,,,,,,,380.36,05:40
,,,,,,,,,,1.43,05:38
,,,,,,,,,,2.93,05:38
,,,,,,,,,,3.01,05:37
,,,,,,,,,,1.41,05:37
,,,,,,,,,,1.39,05:36
,,,,,,,,,,1.15,05:36
,,,,,,,,,,1.39,05:36
,,,,,,,,,,2.39,05:36
,,,,,,,,,,3.16,05:35
,,,,,,,,,,1.41,05:35
,,,,,,,,,,1.13,05:34
,,,,,,,,,,5.78,05:34
,,,,,,,,,,2.19,05:33
,,,,,,,,,,1.78,05:33
,,,,,,,,,,2.05,05:33
,,,,,,,,,,5.21,05:32
,,,,,,,,,,1.43,05:32
,,,,,,,,,,2.98,05:31
,,,,,,,,,,7.45,05:31
,,,,,,,,,,1.98,05:30
,,,,,,,,,,2.14,05:30
,,,,,,,,,,1.13,05:29
,,,,,,,,,,4.81,05:29
,,,,,,,,,,15.94,05:28
,,,,,,,,,,7.79,05:27
,,,,,,,,,,1.32,05:27
,,,,,,,,,,1.08,05:26
,,,,,,,,,,2.43,05:26
,,,,,,,,,,9.05,05:26
,,,,,,,,,,1.19,05:25
,,,,,,,,,,1.09,05:25
,,,,,,,,,,1.16,05:24
,,,,,,,,,,1.01,05:24
,,,,,,,,,,24.88,05:24
,,,,,,,,,,2.01,05:23
,,,,,,,,,,5.17,05:23
,,,,,,,,,,2.34,05:23
,,,,,,,,,,1.20,05:22
,,,,,,,,,,4.48,05:22
,,,,,,,,,,1.76,05:21
,,,,,,,,,,6.30,05:20
,,,,,,,,,,1.40,05:20
,,,,,,,,,,1.09,05:19
,,,,,,,,,,2.02,05:19
,,,,,,,,,,3.22,05:19
,,,,,,,,,,1.13,05:18
,,,,,,,,,,1.09,05:18
,,,,,,,,,,4.06,05:18
,,,,,,,,,,1.73,05:17
,,,,,,,,,,1.07,05:17
,,,,,,,,,,1.12,05:17
,,,,,,,,,,3.15,05:16
,,,,,,,,,,45.67,05:16
,,,,,,,,,,1.28,05:15
,,,,,,,,,,1.23,05:14
,,,,,,,,,,3.59,05:14
,,,,,,,,,,1.84,05:13
,,,,,,,,,,3.87,05:13
,,,,,,,,,,2.02,05:12
,,,,,,,,,,1.39,05:12
,,,,,,,,,,203.70,05:12
,,,,,,,,,,1.18,05:10
,,,,,,,,,,1.00,05:10
,,,,,,,,,,1.07,05:10
,,,,,,,,,,1.62,05:09
,,,,,,,,,,1.13,05:09
,,,,,,,,,,2.35,05:09
,,,,,,,,,,5.50,05:08
,,,,,,,,,,1.14,05:08
,,,,,,,,,,1.11,05:08
,,,,,,,,,,1.32,05:07
,,,,,,,,,,1.56,05:07
,,,,,,,,,,2.51,05:07
,,,,,,,,,,4.11,05:06
,,,,,,,,,,1.36,05:06
,,,,,,,,,,1.58,05:05
,,,,,,,,,,2.23,05:05
,,,,,,,,,,556.15,05:05
,,,,,,,,,,11.40,05:03
,,,,,,,,,,28.22,05:02
,,,,,,,,,,1.66,05:01
,,,,,,,,,,18.87,05:00
,,,,,,,,,,1.31,04:59
,,,,,,,,,,1.29,04:59
,,,,,,,,,,2.93,04:59
,,,,,,,,,,15.15,04:58
,,,,,,,,,,2.04,04:57
,,,,,,,,,,131.48,04:57
,,,,,,,,,,6.50,04:55
,,,,,,,,,,2.08,04:55
,,,,,,,,,,2.15,04:54
,,,,,,,,,,1.98,04:54
,,,,,,,,,,1.14,04:54
,,,,,,,,,,6.89,04:53
,,,,,,,,,,1.13,04:53
,,,,,,,,,,1.52,04:52
,,,,,,,,,,1.14,04:52
,,,,,,,,,,1.63,04:52
,,,,,,,,,,1.48,04:52
,,,,,,,,,,1.20,04:51
,,,,,,,,,,1.76,04:51
,,,,,,,,,,1.55,04:51
,,,,,,,,,,4.42,04:50
,,,,,,,,,,1.06,04:50
,,,,,,,,,,39.97,04:49
,,,,,,,,,,5.39,04:48
,,,,,,,,,,1.05,04:48
,,,,,,,,,,1.43,04:47
,,,,,,,,,,3.49,04:47
,,,,,,,,,,4.66,04:47
,,,,,,,,,,1.00,04:46
,,,,,,,,,,2.66,04:46
,,,,,,,,,,1.40,04:45
,,,,,,,,,,3.08,04:45
,,,,,,,,,,4.08,04:44
,,,,,,,,,,143.78,04:44
,,,,,,,,,,3.36,04:42
,,,,,,,,,,1.01,04:42
,,,,,,,,,,2.32,04:42
,,,,,,,,,,9.53,04:41
,,,,,,,,,,10.99,04:40
,,,,,,,,,,1.23,04:39
,,,,,,,,,,1.11,04:39
,,,,,,,,,,1.99,04:39
,,,,,,,,,,1.15,04:39
,,,,,,,,,,1.51,04:38
,,,,,,,,,,1.49,04:38
,,,,,,,,,,2.97,04:38
,,,,,,,,,,1.69,04:37
,,,,,,,,,,2.21,04:37
,,,,,,,,,,3.72,04:36
,,,,,,,,,,15.49,04:36
,,,,,,,,,,1.25,04:35
,,,,,,,,,,5.25,04:35
,,,,,,,,,,1.61,04:34
,,,,,,,,,,1.41,04:34
,,,,,,,,,,2.33,04:33
,,,,,,,,,,2.10,04:33
,,,,,,,,,,2.44,04:33
,,,,,,,,,,3.48,04:32
,,,,,,,,,,1.38,04:32
,,,,,,,,,,1.07,04:31
,,,,,,,,,,4.71,04:31
,,,,,,,,,,2.22,04:30
,,,,,,,,,,10.63,04:30
,,,,,,,,,,1.80,04:29
,,,,,,,,,,3.10,04:29
,,,,,,,,,,57.28,04:28
,,,,,,,,,,1.22,04:27
,,,,,,,,,,5.31,04:27
,,,,,,,,,,1.39,04:26
,,,,,,,,,,3.26,04:26
,,,,,,,,,,1.49,04:25
,,,,,,,,,,10.44,04:25
,,,,,,,,,,2.20,04:24
,,,,,,,,,,1.92,04:24
,,,,,,,,,,1.16,04:23
,,,,,,,,,,6.93,04:23
,,,,,,,,,,1.24,04:22
,,,,,,,,,,11.39,04:22
,,,,,,,,,,2.15,04:21
,,,,,,,,,,1.17,04:21
,,,,,,,,,,1.96,04:21
,,,,,,,,,,3.04,04:20
,,,,,,,,,,5.36,04:20
,,,,,,,,,,1.36,04:19
,,,,,,,,,,8.78,04:19
,,,,,,,,,,38.25,04:18
,,,,,,,,,,2.43,04:17
,,,,,,,,,,1.04,04:16
,,,,,,,,,,1.48,04:16
,,,,,,,,,,5.92,04:16
,,,,,,,,,,2.27,04:15
,,,,,,,,,,1.21,04:15
,,,,,,,,,,1.76,04:14
,,,,,,,,,,1.20,04:14
,,,,,,,,,,3.74,04:14
,,,,,,,,,,2.18,04:13
,,,,,,,,,,1.13,04:13
,,,,,,,,,,2.16,04:13
,,,,,,,,,,11.14,04:12
,,,,,,,,,,1.54,04:11
,,,,,,,,,,1.56,04:11
,,,,,,,,,,1.44,04:11
,,,,,,,,,,1.07,04:10
,,,,,,,,,,4.40,04:10
,,,,,,,,,,1.07,04:10
,,,,,,,,,,417.98,04:09
,,,,,,,,,,4.64,04:08
,,,,,,,,,,1.21,04:07
,,,,,,,,,,10.04,04:07
,,,,,,,,,,1.56,04:06
,,,,,,,,,,1.07,04:05
,,,,,,,,,,1.17,04:05
,,,,,,,,,,2.47,04:05
,,,,,,,,,,1.52,04:05
,,,,,,,,,,1.20,04:04
,,,,,,,,,,1.47,04:04
,,,,,,,,,,1.42,04:04
,,,,,,,,,,1.25,04:03
,,,,,,,,,,1.27,04:03
,,,,,,,,,,2.41,04:03
,,,,,,,,,,16.57,04:02
,,,,,,,,,,2.81,04:02
,,,,,,,,,,1.07,04:01
,,,,,,,,,,1.15,04:01
,,,,,,,,,,6.89,04:01
,,,,,,,,,,1.61,04:00
,,,,,,,,,,21.68,04:00
,,,,,,,,,,1.63,03:58
,,,,,,,,,,1.34,03:58
,,,,,,,,,,1.80,03:58
,,,,,,,,,,1.07,03:57
,,,,,,,,,,8.36,03:57
,,,,,,,,,,1.33,03:56
,,,,,,,,,,2.74,03:56
,,,,,,,,,,2.23,03:56
,,,,,,,,,,7.15,03:55
,,,,,,,,,,1.23,03:55
,,,,,,,,,,1.03,03:54
,,,,,,,,,,1.27,03:54
,,,,,,,,,,1.02,03:54
,,,,,,,,,,2.16,03:54
,,,,,,,,,,1.24,03:53
,,,,,,,,,,4.29,03:53
,,,,,,,,,,1.24,03:52
,,,,,,,,,,2.26,03:52
,,,,,,,,,,15.42,03:52
,,,,,,,,,,1.09,03:51
,,,,,,,,,,1.59,03:51
,,,,,,,,,,1.19,03:50
,,,,,,,,,,1.48,03:50
,,,,,,,,,,3.06,03:50
,,,,,,,,,,2.59,03:49
,,,,,,,,,,3.43,03:49
,,,,,,,,,,1.20,03:48
,,,,,,,,,,2.08,03:48
,,,,,,,,,,1.33,03:48
,,,,,,,,,,1.75,03:47
,,,,,,,,,,5.69,03:47
,,,,,,,,,,16.49,03:46
,,,,,,,,,,1.52,03:45
,,,,,,,,,,2.00,03:45
,,,,,,,,,,1.29,03:45
,,,,,,,,,,5.05,03:44
,,,,,,,,,,4.07,03:44
,,,,,,,,,,4.70,03:43
,,,,,,,,,,1.02,03:42
,,,,,,,,,,3.78,03:42
,,,,,,,,,,1.00,03:42
,,,,,,,,,,1.20,03:41
,,,,,,,,,,1.08,03:41
,,,,,,,,,,1.03,03:41
,,,,,,,,,,1.02,03:41
,,,,,,,,,,3.09,03:41
,,,,,,,,,,1.33,03:40
,,,,,,,,,,1.78,03:40
,,,,,,,,,,3.02,03:39
,,,,,,,,,,4.65,03:39
,,,,,,,,,,6.51,03:38
,,,,,,,,,,5.03,03:38
,,,,,,,,,,1.22,03:37
,,,,,,,,,,2.49,03:37
,,,,,,,,,,2.47,03:36
,,,,,,,,,,16.42,03:36
,,,,,,,,,,31.27,03:35
,,,,,,,,,,1.62,03:34
,,,,,,,,,,1.27,03:33
,,,,,,,,,,1.35,03:33
,,,,,,,,,,2.04,03:33
,,,,,,,,,,1.06,03:32
,,,,,,,,,,1.60,03:32
,,,,,,,,,,22.43,03:32
,,,,,,,,,,52.18,03:31
,,,,,,,,,,1.84,03:30
,,,,,,,,,,5.42,03:29
,,,,,,,,,,2.52,03:28
,,,,,,,,,,7.14,03:28
,,,,,,,,,,1.36,03:27
,,,,,,,,,,1.04,03:27
,,,,,,,,,,1.00,03:27
,,,,,,,,,,1.73,03:27
,,,,,,,,,,1.98,03:26
,,,,,,,,,,2.29,03:26
,,,,,,,,,,499.24,03:25
,,,,,,,,,,1.81,03:24
,,,,,,,,,,1.03,03:23
,,,,,,,,,,1.59,03:23
,,,,,,,,,,9.94,03:23
,,,,,,,,,,2.89,03:22
,,,,,,,,,,1.05,03:21
,,,,,,,,,,28.21,03:21
,,,,,,,,,,1.73,03:20
,,,,,,,,,,1.28,03:20
,,,,,,,,,,2.39,03:19
,,,,,,,,,,1.00,03:19
,,,,,,,,,,1.42,03:19
,,,,,,,,,,2.24,03:18
,,,,,,,,,,4.25,03:18
,,,,,,,,,,1.48,03:17
,,,,,,,,,,1.27,03:17
,,,,,,,,,,4.63,03:17
,,,,,,,,,,1.93,03:16
,,,,,,,,,,1.36,03:16
,,,,,,,,,,1.28,03:16
,,,,,,,,,,1.47,03:15
,,,,,,,,,,1.00,03:15
,,,,,,,,,,1.08,03:15
,,,,,,,,,,1.38,03:15
,,,,,,,,,,1.38,03:14
,,,,,,,,,,1.15,03:14
,,,,,,,,,,1.36,03:14
,,,,,,,,,,1.09,03:14
,,,,,,,,,,1.82,03:13
,,,,,,,,,,1.55,03:13
,,,,,,,,,,11.70,03:13
,,,,,,,,,,3.09,03:12
,,,,,,,,,,10.07,03:11
,,,,,,,,,,8.29,03:10
,,,,,,,,,,1.28,03:10
,,,,,,,,,,3.99,03:09
,,,,,,,,,,1.71,03:09
,,,,,,,,,,3.75,03:08
,,,,,,,,,,1.96,03:08
,,,,,,,,,,1.03,03:07
,,,,,,,,,,2.83,03:07
,,,,,,,,,,25.43,03:07
,,,,,,,,,,3.59,03:06
,,,,,,,,,,1.13,03:05
,,,,,,,,,,4.79,03:05
,,,,,,,,,,1.79,03:04
,,,,,,,,,,8.62,03:04
,,,,,,,,,,1.27,03:03
,,,,,,,,,,1.14,03:03
,,,,,,,,,,1.03,03:03
,,,,,,,,,,1.48,03:02
,,,,,,,,,,1.70,03:02
,,,,,,,,,,1.45,03:02
,,,,,,,,,,4.72,03:01
,,,,,,,,,,6.17,03:01
,,,,,,,,,,5.59,03:00
,,,,,,,,,,1.51,02:59
,,,,,,,,,,2.55,02:59
,,,,,,,,,,1.12,02:59
,,,,,,,,,,1.00,02:58
,,,,,,,,,,1.34,02:58
,,,,,,,,,,1.43,02:58
,,,,,,,,,,1.19,02:58
,,,,,,,,,,2.29,02:57
,,,,,,,,,,9.58,02:57
,,,,,,,,,,1.17,02:56
,,,,,,,,,,2.73,02:56
,,,,,,,,,,1.58,02:56
,,,,,,,,,,1.30,02:55
,,,,,,,,,,1.45,02:55
,,,,,,,,,,1.93,02:55
,,,,,,,,,,1.71,02:54
,,,,,,,,,,1.54,02:54
,,,,,,,,,,1.35,02:54
,,,,,,,,,,1.64,02:53
,,,,,,,,,,2.87,02:53
,,,,,,,,,,3.43,02:52
,,,,,,,,,,2.82,02:52
,,,,,,,,,,1.27,02:51
,,,,,,,,,,9.57,02:51
,,,,,,,,,,1.74,02:50
,,,,,,,,,,1.65,02:50
,,,,,,,,,,1.12,02:50
,,,,,,,,,,1.82,02:49
,,,,,,,,,,3.36,02:49
,,,,,,,,,,3.12,02:49
,,,,,,,,,,1.48,02:48
,,,,,,,,,,1.05,02:48
,,,,,,,,,,24.73,02:48
,,,,,,,,,,1.38,02:46
,,,,,,,,,,1.28,02:46
,,,,,,,,,,1.36,02:46
,,,,,,,,,,1.63,02:46
,,,,,,,,,,7.78,02:45
,,,,,,,,,,1.57,02:45
,,,,,,,,,,4.51,02:44
,,,,,,,,,,1.31,02:44
,,,,,,,,,,3.62,02:43
,,,,,,,,,,1.97,02:43
,,,,,,,,,,2.34,02:42
,,,,,,,,,,2.59,02:42
,,,,,,,,,,3.91,02:41
,,,,,,,,,,1.06,02:41
,,,,,,,,,,1.20,02:41
,,,,,,,,,,14.78,02:40
,,,,,,,,,,1.38,02:40
,,,,,,,,,,2.20,02:39
,,,,,,,,,,1.27,02:39
,,,,,,,,,,1.01,02:39
,,,,,,,,,,1.04,02:38
,,,,,,,,,,12.33,02:38
,,,,,,,,,,1.00,02:37
,,,,,,,,,,2.81,02:37
,,,,,,,,,,3.75,02:37
,,,,,,,,,,2.09,02:36
,,,,,,,,,,1.78,02:36
,,,,,,,,,,1.95,02:35
,,,,,,,,,,1.76,02:35
,,,,,,,,,,7.63,02:35
,,,,,,,,,,1.02,02:34
,,,,,,,,,,2.75,02:34
,,,,,,,,,,1.00,02:33
,,,,,,,,,,12.91,02:33
,,,,,,,,,,1.34,02:32
,,,,,,,,,,1.46,02:32
,,,,,,,,,,2.57,02:31
,,,,,,,,,,1.34,02:31
,,,,,,,,,,1.00,02:31
,,,,,,,,,,2.52,02:30
,,,,,,,,,,3.70,02:30
,,,,,,,,,,1.32,02:29
,,,,,,,,,,1.91,02:29
,,,,,,,,,,1.27,02:29
,,,,,,,,,,1.47,02:29
,,,,,,,,,,2.73,02:28
,,,,,,,,,,11.70,02:28
,,,,,,,,,,1.29,02:27
,,,,,,,,,,1.11,02:27
,,,,,,,,,,4.17,02:26
,,,,,,,,,,4.03,02:26
,,,,,,,,,,1.03,02:25
,,,,,,,,,,1.99,02:25
,,,,,,,,,,3.99,02:25
,,,,,,,,,,1.59,02:24
,,,,,,,,,,1.60,02:24
,,,,,,,,,,6.34,02:23
,,,,,,,,,,2.04,02:23
,,,,,,,,,,1.79,02:22
,,,,,,,,,,1654.81,02:22
,,,,,,,,,,2.00,02:20
,,,,,,,,,,3.45,02:19
,,,,,,,,,,1.53,02:19
,,,,,,,,,,1.37,02:18
,,,,,,,,,,3.04,02:18
,,,,,,,,,,2.36,02:18
,,,,,,,,,,3.05,02:17
,,,,,,,,,,2.89,02:17
,,,,,,,,,,1.43,02:16
,,,,,,,,,,5.09,02:16
,,,,,,,,,,1.12,02:15
,,,,,,,,,,1.83,02:15
,,,,,,,,,,21.68,02:15
,,,,,,,,,,4.75,02:14
,,,,,,,,,,1.92,02:14
,,,,,,,,,,1.02,02:13
,,,,,,,,,,6.42,02:13
,,,,,,,,,,1.24,02:13
,,,,,,,,,,16.23,02:13
,,,,,,,,,,2.35,02:13
,,,,,,,,,,1.07,02:13
,,,,,,,,,,1.22,02:13
,,,,,,,,,,2.13,02:13
,,,,,,,,,,1.85,02:13
,,,,,,,,,,1.62,02:02
,,,,,,,,,,4.69,02:02
,,,,,,,,,,4.15,02:01
,,,,,,,,,,1.18,02:01
,,,,,,,,,,1.17,02:01
,,,,,,,,,,1.70,02:00
,,,,,,,,,,8.88,02:00
,,,,,,,,,,5.82,01:59
,,,,,,,,,,31.98,01:59
,,,,,,,,,,1.16,01:57
,,,,,,,,,,5.76,01:57
,,,,,,,,,,8.79,01:56
,,,,,,,,,,1.14,01:56
,,,,,,,,,,1.27,01:55
,,,,,,,,,,1.73,01:55
,,,,,,,,,,26.48,01:55
,,,,,,,,,,1.55,01:54
,,,,,,,,,,8.85,01:53
,,,,,,,,,,1.16,01:53
,,,,,,,,,,1.08,01:52
,,,,,,,,,,7.38,01:52
,,,,,,,,,,3.12,01:51
,,,,,,,,,,1.09,01:51
,,,,,,,,,,1.00,01:51
,,,,,,,,,,1.16,01:51
,,,,,,,,,,2.33,01:51
,,,,,,,,,,2.02,01:51
,,,,,,,,,,3.48,01:51
,,,,,,,,,,2.71,01:51
,,,,,,,,,,2.79,01:51
,,,,,,,,,,1.61,01:51
,,,,,,,,,,1.93,01:51
,,,,,,,,,,1.12,01:46
,,,,,,,,,,1.03,01:46
,,,,,,,,,,22.65,01:46
,,,,,,,,,,2.46,01:44
,,,,,,,,,,5.56,01:44
,,,,,,,,,,2.74,01:43
,,,,,,,,,,2.55,01:43
,,,,,,,,,,1.63,01:42
,,,,,,,,,,5.91,01:42
,,,,,,,,,,1.16,01:41
,,,,,,,,,,19.72,01:41
,,,,,,,,,,1.62,01:40
,,,,,,,,,,7.58,01:40
,,,,,,,,,,1.23,01:40
,,,,,,,,,,11.69,01:40
,,,,,,,,,,74.27,01:40
,,,,,,,,,,1.69,01:40
,,,,,,,,,,1.74,01:40
,,,,,,,,,,1.02,01:40
,,,,,,,,,,2.37,01:35
,,,,,,,,,,1.49,01:35
,,,,,,,,,,30.86,01:35
,,,,,,,,,,13.64,01:33
,,,,,,,,,,2.32,01:33
,,,,,,,,,,3.63,01:32
,,,,,,,,,,1.88,01:32
,,,,,,,,,,2.39,01:31
,,,,,,,,,,1.15,01:31
,,,,,,,,,,2.15,01:30
,,,,,,,,,,3.01,01:30
,,,,,,,,,,4.68,01:30
,,,,,,,,,,2.03,01:29
,,,,,,,,,,2.45,01:29
,,,,,,,,,,1.41,01:28
,,,,,,,,,,1.14,01:28
,,,,,,,,,,1.88,01:28
,,,,,,,,,,9.89,01:27
,,,,,,,,,,1.19,01:26
,,,,,,,,,,1.17,01:26
,,,,,,,,,,3.73,01:26
,,,,,,,,,,2.37,01:25
,,,,,,,,,,2.30,01:25
,,,,,,,,,,6.80,01:24
,,,,,,,,,,3.34,01:24
,,,,,,,,,,1.79,01:23
,,,,,,,,,,1.57,01:23
,,,,,,,,,,28.43,01:23
,,,,,,,,,,1.10,01:21
,,,,,,,,,,1.45,01:21
,,,,,,,,,,11.27,01:21
,,,,,,,,,,1.79,01:20
,,,,,,,,,,1.33,01:20
,,,,,,,,,,2.13,01:19
,,,,,,,,,,3.80,01:19
,,,,,,,,,,2.30,01:18
,,,,,,,,,,57.79,01:18
,,,,,,,,,,1.11,01:17
,,,,,,,,,,4.65,01:16
,,,,,,,,,,1.49,01:16
,,,,,,,,,,1.08,01:16
,,,,,,,,,,1.53,01:15
,,,,,,,,,,4.60,01:15
,,,,,,,,,,3.06,01:14
,,,,,,,,,,1.18,01:14
,,,,,,,,,,2.28,01:14
,,,,,,,,,,3.66,01:13
,,,,,,,,,,1.66,01:13
,,,,,,,,,,1.11,01:12
,,,,,,,,,,10.63,01:12
,,,,,,,,,,1.07,01:11
,,,,,,,,,,5.14,01:11
,,,,,,,,,,1.12,01:10
,,,,,,,,,,1.26,01:10
,,,,,,,,,,2.65,01:10
,,,,,,,,,,1.63,01:09
,,,,,,,,,,1.02,01:09
,,,,,,,,,,65.69,01:09
,,,,,,,,,,14.12,01:07
,,,,,,,,,,1.53,01:07
,,,,,,,,,,1.00,01:06
,,,,,,,,,,2.22,01:06
,,,,,,,,,,1.37,01:06
,,,,,,,,,,1.55,01:05
,,,,,,,,,,7.16,01:05
,,,,,,,,,,1.55,01:04
,,,,,,,,,,2.80,01:04
,,,,,,,,,,1.41,01:03
,,,,,,,,,,8.21,01:03
,,,,,,,,,,2.49,01:02
,,,,,,,,,,3.15,01:02
,,,,,,,,,,1.15,01:01
,,,,,,,,,,3.68,01:01
,,,,,,,,,,1.17,01:01
,,,,,,,,,,1.06,01:00
,,,,,,,,,,1.02,01:00
,,,,,,,,,,1.64,01:00
,,,,,,,,,,1.88,01:00
,,,,,,,,,,1.20,00:59
,,,,,,,,,,2.53,00:59
,,,,,,,,,,1.40,00:59
,,,,,,,,,,18.50,00:58
,,,,,,,,,,2.17,00:57
,,,,,,,,,,2.26,00:57
,,,,,,,,,,1.50,00:56
,,,,,,,,,,5.73,00:56
,,,,,,,,,,13.49,00:55
,,,,,,,,,,1.57,00:55
,,,,,,,,,,1.12,00:54
,,,,,,,,,,3.77,00:54
,,,,,,,,,,1.36,00:53
,,,,,,,,,,1.55,00:53
,,,,,,,,,,1.46,00:53
,,,,,,,,,,1.01,00:53
,,,,,,,,,,1.50,00:52
,,,,,,,,,,25.67,00:52
,,,,,,,,,,1.60,00:51
,,,,,,,,,,2.51,00:51
,,,,,,,,,,7.78,00:50
,,,,,,,,,,1.00,00:49
,,,,,,,,,,1.16,00:49
,,,,,,,,,,3.39,00:49
,,,,,,,,,,2.21,00:48
,,,,,,,,,,1.17,00:48
,,,,,,,,,,1.07,00:48
,,,,,,,,,,2.63,00:48
,,,,,,,,,,33.67,00:47
,,,,,,,,,,6.02,00:46
,,,,,,,,,,1.27,00:45
,,,,,,,,,,1.97,00:45
,,,,,,,,,,3.60,00:45
,,,,,,,,,,2.10,00:44
,,,,,,,,,,1.39,00:44
,,,,,,,,,,1.19,00:43
,,,,,,,,,,1.22,00:43
,,,,,,,,,,5.76,00:43
,,,,,,,,,,3.51,00:42
,,,,,,,,,,1.17,00:42
,,,,,,,,,,2.15,00:41
,,,,,,,,,,2.40,00:41
,,,,,,,,,,89.14,00:41
,,,,,,,,,,1.95,00:39
,,,,,,,,,,1.13,00:39
,,,,,,,,,,2.81,00:38
,,,,,,,,,,1.01,00:38
,,,,,,,,,,1.22,00:38
,,,,,,,,,,7.44,00:38
,,,,,,,,,,1.19,00:37
,,,,,,,,,,3.14,00:37
,,,,,,,,,,11.74,00:36
,,,,,,,,,,1.62,00:35
,,,,,,,,,,4.54,00:35
,,,,,,,,,,6.27,00:34
,,,,,,,,,,38.76,00:33
,,,,,,,,,,4.67,00:32
,,,,,,,,,,4.52,00:32
,,,,,,,,,,9.54,00:31
,,,,,,,,,,64.14,00:30
,,,,,,,,,,1.05,00:29
,,,,,,,,,,2.22,00:29
,,,,,,,,,,2.05,00:28
,,,,,,,,,,1.91,00:28
,,,,,,,,,,1.91,00:27
,,,,,,,,,,1.60,00:27
,,,,,,,,,,1.87,00:27
,,,,,,,,,,12.07,00:26
,,,,,,,,,,224.01,00:25
,,,,,,,,,,1.26,00:24
,,,,,,,,,,1.20,00:24
,,,,,,,,,,2.42,00:23
,,,,,,,,,,1.90,00:23
,,,,,,,,,,1.89,00:22
,,,,,,,,,,1.37,00:22
,,,,,,,,,,5.64,00:22
,,,,,,,,,,4.03,00:21
,,,,,,,,,,2.41,00:21
,,,,,,,,,,1.35,00:20
,,,,,,,,,,1.95,00:20
,,,,,,,,,,7.82,00:19
,,,,,,,,,,1.07,00:19
,,,,,,,,,,7.20,00:18
,,,,,,,,,,1.25,00:18
,,,,,,,,,,1.37,00:17
,,,,,,,,,,38.34,00:17
,,,,,,,,,,2.39,00:16
,,,,,,,,,,1.14,00:16
,,,,,,,,,,1.27,00:15
,,,,,,,,,,18.30,00:15
,,,,,,,,,,1.01,00:14
,,,,,,,,,,2.56,00:14
,,,,,,,,,,2.67,00:13
,,,,,,,,,,16.64,00:13
,,,,,,,,,,1.63,00:12
,,,,,,,,,,54.92,00:12
,,,,,,,,,,4.86,00:10
,,,,,,,,,,2.00,00:10
,,,,,,,,,,1.32,00:09
,,,,,,,,,,7.00,00:09
,,,,,,,,,,1.15,00:08
,,,,,,,,,,4.82,00:08
,,,,,,,,,,1.42,00:07
,,,,,,,,,,3.42,00:07
,,,,,,,,,,1.21,00:07
,,,,,,,,,,1.56,00:06
,,,,,,,,,,13.23,00:06
,,,,,,,,,,2.22,00:05
,,,,,,,,,,1.20,00:05
,,,,,,,,,,1.46,00:04
,,,,,,,,,,1.50,00:04
,,,,,,,,,,2.56,00:04
,,,,,,,,,,4.75,00:03
,,,,,,,,,,4.47,00:03
,,,,,,,,,,3.50,00:02
,,,,,,,,,,1.44,00:02
,,,,,,,,,,1.03,00:01
,,,,,,,,,,1.02,00:01
,,,,,,,,,,1.43,00:01
,,,,,,,,,,3.93,00:01
,,,,,,,,,,1.22,00:00
,,,,,,,,,,4.43,00:00
,,,,,,,,,,1.11,23:59
,,,,,,,,,,1.68,23:59
,,,,,,,,,,1.23,23:59
,,,,,,,,,,1.35,23:58
,,,,,,,,,,1.92,23:58
,,,,,,,,,,1.96,23:58
,,,,,,,,,,41.38,23:57
,,,,,,,,,,4.18,23:56
,,,,,,,,,,2.21,23:55
,,,,,,,,,,1.41,23:55
,,,,,,,,,,1.58,23:55
,,,,,,,,,,2.53,23:54
,,,,,,,,,,7.17,23:54
,,,,,,,,,,2.69,23:53
,,,,,,,,,,2.52,23:53
,,,,,,,,,,4.54,23:52
,,,,,,,,,,3.14,23:52
,,,,,,,,,,2.58,23:51
,,,,,,,,,,4.12,23:51
,,,,,,,,,,1.14,23:50
,,,,,,,,,,2.09,23:50
,,,,,,,,,,15.50,23:49
,,,,,,,,,,1.65,23:49
,,,,,,,,,,1.26,23:48
,,,,,,,,,,3.49,23:48
,,,,,,,,,,2.28,23:47
,,,,,,,,,,3.10,23:47
,,,,,,,,,,2.61,23:46
,,,,,,,,,,2.41,23:46
,,,,,,,,,,2.03,23:46
,,,,,,,,,,1.26,23:45
,,,,,,,,,,3.22,23:45
,,,,,,,,,,8.95,23:44
,,,,,,,,,,1.70,23:44
,,,,,,,,,,11.32,23:43
,,,,,,,,,,3.07,23:42
,,,,,,,,,,1.24,23:42
,,,,,,,,,,3.53,23:42
,,,,,,,,,,1.10,23:41
,,,,,,,,,,1.49,23:41
,,,,,,,,,,8.82,23:41
,,,,,,,,,,3.07,23:40
,,,,,,,,,,7.96,23:39
,,,,,,,,,,7.76,23:38
,,,,,,,,,,9.94,23:38
,,,,,,,,,,1.00,23:37
,,,,,,,,,,6.47,23:37
,,,,,,,,,,1.09,23:36
,,,,,,,,,,4.16,23:36
,,,,,,,,,,1.03,23:35
,,,,,,,,,,1.93,23:35
,,,,,,,,,,1.09,23:35
,,,,,,,,,,1.00,23:34
,,,,,,,,,,1.09,23:34
,,,,,,,,,,1.74,23:34
,,,,,,,,,,1.27,23:34
,,,,,,,,,,1.06,23:33
,,,,,,,,,,1.20,23:33
,,,,,,,,,,2.40,23:33
,,,,,,,,,,1.44,23:32
,,,,,,,,,,7.53,23:32
,,,,,,,,,,1.54,23:31
,,,,,,,,,,1.11,23:31
,,,,,,,,,,2.72,23:31
,,,,,,,,,,1.19,23:30
,,,,,,,,,,1.96,23:30
,,,,,,,,,,5.83,23:30
,,,,,,,,,,20.55,23:29
,,,,,,,,,,3.96,23:28
,,,,,,,,,,1.10,23:27
,,,,,,,,,,1.06,23:27
,,,,,,,,,,36.88,23:27
,,,,,,,,,,1.30,23:26
,,,,,,,,,,1.56,23:25
,,,,,,,,,,25.55,23:25
,,,,,,,,,,1.62,23:24
,,,,,,,,,,1.00,23:24
,,,,,,,,,,1.87,23:24
,,,,,,,,,,5.54,23:23
,,,,,,,,,,1.85,23:23
,,,,,,,,,,2.26,23:22
,,,,,,,,,,4.94,23:22
,,,,,,,,,,180.27,23:21
,,,,,,,,,,16.05,23:19
,,,,,,,,,,1.73,23:19
,,,,,,,,,,63.48,23:19
,,,,,,,,,,1.09,23:19
,,,,,,,,,,1.18,23:19
,,,,,,,,,,1.02,23:19
,,,,,,,,,,2.09,23:18
,,,,,,,,,,3.04,23:18
,,,,,,,,,,13.39,23:18
,,,,,,,,,,2.13,23:18
,,,,,,,,,,3.13,23:14
,,,,,,,,,,2.76,23:13
,,,,,,,,,,10.11,23:13
,,,,,,,,,,3.30,23:12
,,,,,,,,,,3.18,23:12
,,,,,,,,,,1.81,23:11
,,,,,,,,,,1.18,23:11
,,,,,,,,,,1.52,23:10
,,,,,,,,,,1.58,23:10
,,,,,,,,,,2.89,23:10
,,,,,,,,,,1.34,23:09
,,,,,,,,,,2.33,23:09
,,,,,,,,,,3.22,23:09
,,,,,,,,,,4.78,23:08
,,,,,,,,,,2.04,23:07
,,,,,,,,,,1.22,23:07
,,,,,,,,,,4.02,23:07
,,,,,,,,,,1.37,23:06
,,,,,,,,,,1.92,23:06
,,,,,,,,,,16.58,23:06
,,,,,,,,,,3.12,23:05
,,,,,,,,,,1.41,23:04
,,,,,,,,,,1.46,23:04
,,,,,,,,,,7.57,23:03
,,,,,,,,,,1.36,23:03
,,,,,,,,,,2.09,23:02
,,,,,,,,,,1.37,23:02
,,,,,,,,,,2.90,23:02
,,,,,,,,,,3.69,23:01
,,,,,,,,,,1.31,23:01
,,,,,,,,,,1.95,23:00
,,,,,,,,,,1.05,23:00
,,,,,,,,,,2.51,23:00
,,,,,,,,,,2.34,22:59
,,,,,,,,,,1.27,22:59
,,,,,,,,,,1.25,22:59
,,,,,,,,,,1.38,22:58
,,,,,,,,,,35.45,22:58
,,,,,,,,,,1.59,22:57
,,,,,,,,,,1.26,22:57
,,,,,,,,,,6.27,22:56
,,,,,,,,,,1.21,22:56
,,,,,,,,,,1.06,22:55
,,,,,,,,,,1.01,22:55
,,,,,,,,,,7.84,22:55
,,,,,,,,,,1.23,22:54
,,,,,,,,,,1.21,22:54
,,,,,,,,,,1.38,22:54
,,,,,,,,,,1.14,22:53
,,,,,,,,,,1.41,22:53
,,,,,,,,,,1.89,22:53
,,,,,,,,,,35.32,22:53
,,,,,,,,,,1.25,22:51
,,,,,,,,,,1.13,22:51
,,,,,,,,,,2.94,22:51
,,,,,,,,,,4.50,22:50
,,,,,,,,,,1.99,22:50
,,,,,,,,,,1.45,22:49
,,,,,,,,,,2.21,22:49
,,,,,,,,,,2.18,22:49
,,,,,,,,,,2.08,22:48
,,,,,,,,,,1.74,22:48
,,,,,,,,,,2.29,22:47
,,,,,,,,,,1.41,22:47
,,,,,,,,,,1.62,22:47
,,,,,,,,,,1.97,22:46
,,,,,,,,,,9.32,22:46
,,,,,,,,,,1.97,22:45
,,,,,,,,,,2.55,22:45
,,,,,,,,,,1.32,22:44
,,,,,,,,,,2.60,22:44
,,,,,,,,,,1.02,22:44
,,,,,,,,,,3.64,22:43
,,,,,,,,,,2.01,22:43
,,,,,,,,,,4.89,22:43
,,,,,,,,,,1.43,22:42
,,,,,,,,,,8.88,22:42
,,,,,,,,,,1.29,22:41
,,,,,,,,,,1.09,22:41
,,,,,,,,,,1.48,22:40
,,,,,,,,,,1.28,22:40
,,,,,,,,,,34.87,22:40
,,,,,,,,,,2.21,22:39
,,,,,,,,,,1.88,22:38
,,,,,,,,,,2.21,22:38
,,,,,,,,,,1.08,22:37
,,,,,,,,,,1.36,22:37
,,,,,,,,,,3.44,22:37
,,,,,,,,,,1.07,22:36
,,,,,,,,,,2.51,22:36
,,,,,,,,,,6.71,22:36
,,,,,,,,,,8.51,22:35
,,,,,,,,,,1.73,22:34
,,,,,,,,,,1.06,22:34
,,,,,,,,,,3.56,22:34
,,,,,,,,,,1.67,22:33
,,,,,,,,,,2.25,22:33
,,,,,,,,,,1.33,22:32
,,,,,,,,,,1.03,22:32
,,,,,,,,,,1.28,22:32
,,,,,,,,,,1.57,22:31
,,,,,,,,,,2.94,22:31
,,,,,,,,,,5.38,22:31
,,,,,,,,,,5.34,22:30
,,,,,,,,,,8.69,22:29
,,,,,,,,,,8.69,22:29
,,,,,,,,,,2.34,22:29
,,,,,,,,,,1.12,22:28
,,,,,,,,,,27.78,22:28
,,,,,,,,,,311.81,22:27
,,,,,,,,,,1.03,22:25
,,,,,,,,,,1.41,22:25
,,,,,,,,,,7.22,22:25
,,,,,,,,,,1.36,22:24
,,,,,,,,,,1.87,22:23
,,,,,,,,,,22.91,22:23
,,,,,,,,,,2.27,22:22
,,,,,,,,,,1.59,22:22
,,,,,,,,,,1.20,22:21
,,,,,,,,,,1.21,22:21
,,,,,,,,,,9.07,22:21
,,,,,,,,,,1.38,22:20
,,,,,,,,,,1.02,22:20
,,,,,,,,,,29.80,22:19
,,,,,,,,,,1.53,22:18
,,,,,,,,,,31.76,22:18
,,,,,,,,,,1.80,22:17
,,,,,,,,,,1.14,22:17
,,,,,,,,,,1.28,22:16
,,,,,,,,,,2.02,22:16
,,,,,,,,,,1.42,22:16
,,,,,,,,,,1.30,22:15
,,,,,,,,,,1.48,22:15
,,,,,,,,,,3.33,22:15
,,,,,,,,,,1.69,22:14
,,,,,,,,,,1.36,22:14
,,,,,,,,,,1.38,22:14
,,,,,,,,,,1.32,22:13
,,,,,,,,,,1.25,22:13
,,,,,,,,,,1.10,22:13
,,,,,,,,,,1.29,22:13
,,,,,,,,,,1.94,22:12
,,,,,,,,,,1.21,22:12
,,,,,,,,,,1.42,22:12
,,,,,,,,,,2.11,22:11
,,,,,,,,,,2.53,22:11
,,,,,,,,,,1.24,22:11
,,,,,,,,,,1.04,22:10
,,,,,,,,,,2.31,22:10
,,,,,,,,,,3.60,22:10
,,,,,,,,,,1.62,22:09
,,,,,,,,,,1.00,22:09
,,,,,,,,,,2.14,22:09
,,,,,,,,,,1.25,22:08
,,,,,,,,,,1.05,22:08
,,,,,,,,,,2.39,22:08
,,,,,,,,,,456.40,22:07
,,,,,,,,,,1.69,22:05
,,,,,,,,,,1.03,22:05
,,,,,,,,,,21.17,22:05
,,,,,,,,,,24.15,22:04
,,,,,,,,,,1.75,22:03
,,,,,,,,,,1.88,22:02
,,,,,,,,,,5.31,22:02
,,,,,,,,,,1.53,22:01
,,,,,,,,,,1.89,22:01
,,,,,,,,,,3.84,22:01
,,,,,,,,,,8.40,22:00
,,,,,,,,,,1.18,21:59
,,,,,,,,,,1.09,21:59
,,,,,,,,,,10.28,21:59
,,,,,,,,,,1.43,21:58
,,,,,,,,,,1.06,21:58
,,,,,,,,,,1.27,21:57
,,,,,,,,,,1.22,21:57
,,,,,,,,,,2.54,21:57
,,,,,,,,,,15.15,21:56
,,,,,,,,,,4.10,21:55
,,,,,,,,,,1.74,21:55
,,,,,,,,,,1.54,21:55
,,,,,,,,,,3.34,21:54
,,,,,,,,,,1.09,21:54
,,,,,,,,,,1.43,21:53
,,,,,,,,,,50.88,21:53
,,,,,,,,,,2.97,21:52
,,,,,,,,,,88.48,21:51
,,,,,,,,,,1.36,21:50
,,,,,,,,,,1.19,21:50
,,,,,,,,,,1.93,21:49
,,,,,,,,,,1.67,21:49
,,,,,,,,,,2.05,21:49
,,,,,,,,,,1.00,21:48
,,,,,,,,,,1.69,21:48
,,,,,,,,,,4.42,21:48
,,,,,,,,,,1.20,21:47
,,,,,,,,,,3.83,21:47
,,,,,,,,,,1.51,21:46
,,,,,,,,,,1.08,21:46
,,,,,,,,,,1.82,21:46
,,,,,,,,,,7.21,21:45
,,,,,,,,,,1.21,21:45
,,,,,,,,,,3.09,21:44
,,,,,,,,,,9.37,21:44
,,,,,,,,,,1.62,21:43
,,,,,,,,,,1.79,21:43
,,,,,,,,,,2.14,21:42
,,,,,,,,,,2.63,21:42
,,,,,,,,,,1.66,21:42
,,,,,,,,,,2.45,21:41
,,,,,,,,,,1.07,21:41
,,,,,,,,,,1.06,21:41
,,,,,,,,,,1.13,21:40
,,,,,,,,,,1.47,21:40
,,,,,,,,,,3.70,21:40
,,,,,,,,,,4.91,21:39
,,,,,,,,,,1.14,21:39
,,,,,,,,,,1.31,21:38
,,,,,,,,,,1.10,21:38
,,,,,,,,,,1.90,21:38
,,,,,,,,,,3.61,21:38
,,,,,,,,,,1.02,21:37
,,,,,,,,,,3.98,21:37
,,,,,,,,,,9.82,21:37
,,,,,,,,,,1.88,21:36
,,,,,,,,,,10.45,21:35
,,,,,,,,,,3.75,21:34
,,,,,,,,,,1.29,21:34
,,,,,,,,,,1.14,21:34
,,,,,,,,,,2.04,21:33
,,,,,,,,,,3.88,21:33
,,,,,,,,,,2.59,21:32
,,,,,,,,,,1.17,21:32
,,,,,,,,,,1.02,21:31
,,,,,,,,,,1.10,21:31
,,,,,,,,,,1.08,21:31
,,,,,,,,,,2.49,21:31
,,,,,,,,,,3.99,21:30
,,,,,,,,,,1.13,21:30
,,,,,,,,,,2.04,21:29
,,,,,,,,,,1.31,21:29
,,,,,,,,,,1.27,21:29
,,,,,,,,,,33.10,21:29
,,,,,,,,,,1.10,21:27
,,,,,,,,,,1.22,21:27
,,,,,,,,,,2.46,21:27
,,,,,,,,,,1.66,21:26
,,,,,,,,,,1.86,21:26
,,,,,,,,,,2.16,21:26
,,,,,,,,,,1.03,21:25
,,,,,,,,,,1.00,21:25
,,,,,,,,,,64.72,21:25
,,,,,,,,,,1.63,21:24
,,,,,,,,,,1.70,21:23
,,,,,,,,,,1.78,21:23
,,,,,,,,,,1.66,21:23
,,,,,,,,,,1.38,21:22
,,,,,,,,,,5.21,21:22
,,,,,,,,,,2.46,21:21
,,,,,,,,,,2.59,21:21
,,,,,,,,,,10.38,21:20
,,,,,,,,,,4.01,21:19
,,,,,,,,,,1.48,21:19
,,,,,,,,,,1.44,21:19
,,,,,,,,,,3.65,21:18
,,,,,,,,,,10.65,21:18
,,,,,,,,,,1.16,21:17
,,,,,,,,,,66.78,21:17
,,,,,,,,,,3.31,21:15
,,,,,,,,,,1.87,21:15
,,,,,,,,,,7.74,21:14
,,,,,,,,,,5.18,21:14
,,,,,,,,,,1.59,21:13
,,,,,,,,,,1.32,21:13
,,,,,,,,,,10.87,21:12
,,,,,,,,,,26.96,21:11
,,,,,,,,,,2.65,21:10
,,,,,,,,,,1.08,21:10
,,,,,,,,,,21.14,21:10
,,,,,,,,,,1.37,21:09
,,,,,,,,,,1.19,21:08
,,,,,,,,,,1.22,21:08
,,,,,,,,,,1.32,21:08
,,,,,,,,,,1.88,21:08
,,,,,,,,,,1.73,21:07
,,,,,,,,,,1.24,21:07
,,,,,,,,,,4.24,21:07
,,,,,,,,,,1.00,21:06
,,,,,,,,,,12.55,21:06
,,,,,,,,,,1.30,21:05
,,,,,,,,,,19.33,21:05
,,,,,,,,,,89.73,21:05
,,,,,,,,,,1.38,21:05
,,,,,,,,,,5.15,21:05
,,,,,,,,,,4.27,21:05
,,,,,,,,,,1.17,21:05
,,,,,,,,,,1.12,21:05
,,,,,,,,,,4.78,21:00
,,,,,,,,,,2.11,21:00
,,,,,,,,,,5.05,20:59
,,,,,,,,,,1.14,20:58
,,,,,,,,,,1.33,20:58
,,,,,,,,,,2.55,20:58
,,,,,,,,,,2.88,20:57
,,,,,,,,,,1.34,20:57
,,,,,,,,,,1.01,20:57
,,,,,,,,,,1.70,20:57
,,,,,,,,,,1.09,20:56
,,,,,,,,,,4.22,20:56
,,,,,,,,,,1.59,20:55
,,,,,,,,,,1.34,20:55
,,,,,,,,,,1.24,20:55
,,,,,,,,,,3.58,20:54
,,,,,,,,,,7.73,20:54
,,,,,,,,,,6.29,20:53
,,,,,,,,,,1.00,20:52
,,,,,,,,,,1.28,20:52
,,,,,,,,,,2.86,20:52
,,,,,,,,,,8.98,20:51
,,,,,,,,,,1.52,20:51
,,,,,,,,,,4.94,20:50
,,,,,,,,,,4.63,20:50
,,,,,,,,,,4.59,20:49
,,,,,,,,,,3.68,20:48
,,,,,,,,,,1.44,20:48
,,,,,,,,,,2.36,20:48
,,,,,,,,,,1.75,20:47
,,,,,,,,,,2.06,20:47
,,,,,,,,,,1.03,20:46
,,,,,,,,,,7.58,20:46
,,,,,,,,,,1.15,20:45
,,,,,,,,,,2.14,20:45
,,,,,,,,,,11.13,20:45
,,,,,,,,,,1.18,20:44
,,,,,,,,,,4.15,20:44
,,,,,,,,,,1.62,20:43
,,,,,,,,,,1.63,20:43
,,,,,,,,,,3.29,20:42
,,,,,,,,,,2.96,20:42
,,,,,,,,,,2.39,20:41
,,,,,,,,,,2.79,20:41
,,,,,,,,,,1.70,20:41
,,,,,,,,,,1.15,20:40
,,,,,,,,,,2.91,20:40
,,,,,,,,,,3.67,20:39
,,,,,,,,,,2.72,20:39
,,,,,,,,,,4.43,20:38
,,,,,,,,,,1.38,20:38
,,,,,,,,,,1.51,20:38
,,,,,,,,,,2.81,20:38
,,,,,,,,,,1.06,20:38
,,,,,,,,,,1.59,20:38
,,,,,,,,,,1.61,20:38
,,,,,,,,,,7.86,20:38
,,,,,,,,,,14.23,20:38
,,,,,,,,,,8.40,20:38
,,,,,,,,,,6.08,20:38
,,,,,,,,,,5.16,20:32
,,,,,,,,,,1.35,20:32
,,,,,,,,,,1.13,20:31
,,,,,,,,,,6.08,20:31
,,,,,,,,,,1.16,20:30
,,,,,,,,,,8.31,20:30
,,,,,,,,,,47.71,20:29
,,,,,,,,,,1.10,20:28
,,,,,,,,,,1.45,20:28
,,,,,,,,,,3.69,20:28
,,,,,,,,,,78.01,20:27
,,,,,,,,,,3.01,20:26
,,,,,,,,,,2.72,20:26
,,,,,,,,,,1.13,20:26
,,,,,,,,,,6.21,20:26
,,,,,,,,,,2.75,20:26
,,,,,,,,,,1.21,20:26
,,,,,,,,,,8.92,20:26
,,,,,,,,,,1.84,20:26
,,,,,,,,,,1.01,20:26
,,,,,,,,,,2.14,20:22
,,,,,,,,,,1.42,20:21
,,,,,,,,,,1.05,20:21
,,,,,,,,,,6.58,20:21
,,,,,,,,,,1.16,20:20
,,,,,,,,,,1.10,20:20
,,,,,,,,,,6.29,20:19
,,,,,,,,,,1.00,20:19
,,,,,,,,,,1.09,20:19
,,,,,,,,,,4.56,20:18
,,,,,,,,,,1.15,20:18
,,,,,,,,,,2.65,20:17
,,,,,,,,,,6.35,20:17
,,,,,,,,,,17.40,20:16
,,,,,,,,,,1.08,20:15
,,,,,,,,,,1.71,20:15
,,,,,,,,,,1.08,20:15
,,,,,,,,,,1.65,20:14
,,,,,,,,,,4.84,20:14
,,,,,,,,,,1.25,20:13
,,,,,,,,,,1.25,20:13
,,,,,,,,,,14.96,20:13
,,,,,,,,,,3.29,20:12
,,,,,,,,,,1.60,20:11
,,,,,,,,,,4.20,20:11
,,,,,,,,,,3.22,20:11
,,,,,,,,,,3.46,20:10
,,,,,,,,,,1.40,20:09
,,,,,,,,,,2.10,20:09
,,,,,,,,,,1.43,20:09
,,,,,,,,,,1.66,20:08
,,,,,,,,,,1.36,20:08
,,,,,,,,,,5.73,20:08
,,,,,,,,,,3.51,20:07
,,,,,,,,,,1.22,20:07
,,,,,,,,,,2.41,20:06
,,,,,,,,,,2.68,20:06
,,,,,,,,,,1.66,20:05
,,,,,,,,,,4.33,20:05
,,,,,,,,,,4.43,20:04
,,,,,,,,,,2.13,20:04
,,,,,,,,,,5.29,20:03
,,,,,,,,,,6.61,20:03
,,,,,,,,,,1.56,20:02
,,,,,,,,,,15.59,20:02
,,,,,,,,,,1.39,20:01
,,,,,,,,,,3.07,20:01
,,,,,,,,,,1.56,20:00
,,,,,,,,,,2.04,20:00
,,,,,,,,,,5.69,19:59
,,,,,,,,,,10.09,19:59
,,,,,,,,,,1.87,19:58
,,,,,,,,,,9.03,19:57
,,,,,,,,,,2.88,19:57
,,,,,,,,,,2.03,19:56
,,,,,,,,,,1.05,19:56
,,,,,,,,,,16.55,19:56
,,,,,,,,,,3.10,19:55
,,,,,,,,,,1.84,19:54
,,,,,,,,,,2.74,19:54
,,,,,,,,,,1.84,19:53
,,,,,,,,,,1.62,19:53
,,,,,,,,,,2.15,19:52
,,,,,,,,,,2.27,19:52
,,,,,,,,,,1.29,19:52
,,,,,,,,,,1.28,19:51
,,,,,,,,,,14.11,19:51
,,,,,,,,,,4.33,19:50
,,,,,,,,,,1.15,19:50
,,,,,,,,,,3.38,19:49
,,,,,,,,,,3.12,19:49
,,,,,,,,,,3.45,19:48
,,,,,,,,,,61.89,19:48
,,,,,,,,,,2.74,19:46
,,,,,,,,,,2.09,19:46
,,,,,,,,,,2.86,19:45
,,,,,,,,,,1.60,19:45
,,,,,,,,,,1.07,19:45
,,,,,,,,,,11.53,19:44
,,,,,,,,,,4.54,19:44
,,,,,,,,,,2.18,19:43
,,,,,,,,,,1.20,19:43
,,,,,,,,,,1817.12,19:42
,,,,,,,,,,1.24,19:40
,,,,,,,,,,29.56,19:40
,,,,,,,,,,2.37,19:39
,,,,,,,,,,1.98,19:38
,,,,,,,,,,1.62,19:38
,,,,,,,,,,2.09,19:37
,,,,,,,,,,8.52,19:37
,,,,,,,,,,4.69,19:36
,,,,,,,,,,1.47,19:36
,,,,,,,,,,3.15,19:35
,,,,,,,,,,1.24,19:35
,,,,,,,,,,1.25,19:35
,,,,,,,,,,5.42,19:34
,,,,,,,,,,1.02,19:34
,,,,,,,,,,9.15,19:33
,,,,,,,,,,1.05,19:33
,,,,,,,,,,3.01,19:32
,,,,,,,,,,1.53,19:32
,,,,,,,,,,12.10,19:32
,,,,,,,,,,3.62,19:31
,,,,,,,,,,1.71,19:30
,,,,,,,,,,2.50,19:30
,,,,,,,,,,3.04,19:29
,,,,,,,,,,5.22,19:29
,,,,,,,,,,1.85,19:28
,,,,,,,,,,2.98,19:28
,,,,,,,,,,1.58,19:27
,,,,,,,,,,12.95,19:27
,,,,,,,,,,1.66,19:26
,,,,,,,,,,3.04,19:26
,,,,,,,,,,3.83,19:25
,,,,,,,,,,1.37,19:25
,,,,,,,,,,1.14,19:24
,,,,,,,,,,1.89,19:24
,,,,,,,,,,1.36,19:24
,,,,,,,,,,1.99,19:23
,,,,,,,,,,1.41,19:23
,,,,,,,,,,2.79,19:23
,,,,,,,,,,27.92,19:22
,,,,,,,,,,1.42,19:21
,,,,,,,,,,9.63,19:21
,,,,,,,,,,1.11,19:20
,,,,,,,,,,6.57,19:20
,,,,,,,,,,1.78,19:19
,,,,,,,,,,4.31,19:19
,,,,,,,,,,1.01,19:18
,,,,,,,,,,1.19,19:18
,,,,,,,,,,3.46,19:18
,,,,,,,,,,1.67,19:17
,,,,,,,,,,1.28,19:17
,,,,,,,,,,1.09,19:17
,,,,,,,,,,1.03,19:16
,,,,,,,,,,2.16,19:16
,,,,,,,,,,1.44,19:16
,,,,,,,,,,4.16,19:15
,,,,,,,,,,1.85,19:15
,,,,,,,,,,1.60,19:14
,,,,,,,,,,1.54,19:14
,,,,,,,,,,1.34,19:14
,,,,,,,,,,1.10,19:14
,,,,,,,,,,1.68,19:13
,,,,,,,,,,2.76,19:13
,,,,,,,,,,1.33,19:12
,,,,,,,,,,4.53,19:12
,,,,,,,,,,1.65,19:12
,,,,,,,,,,1.83,19:11
,,,,,,,,,,7.42,19:11
,,,,,,,,,,2.16,19:10
,,,,,,,,,,1.18,19:10
,,,,,,,,,,1.39,19:09
,,,,,,,,,,1.00,19:09
,,,,,,,,,,6.15,19:09
,,,,,,,,,,1.00,19:08
,,,,,,,,,,1.09,19:08
,,,,,,,,,,1.47,19:08
,,,,,,,,,,2.30,19:08
,,,,,,,,,,3.79,19:07
,,,,,,,,,,10.18,19:07
,,,,,,,,,,1.14,19:06
,,,,,,,,,,7.99,19:05
,,,,,,,,,,19.83,19:05
,,,,,,,,,,1.94,19:04
,,,,,,,,,,20.07,19:03
,,,,,,,,,,1.35,19:02
,,,,,,,,,,3.72,19:02
,,,,,,,,,,1.64,19:01
,,,,,,,,,,1.11,19:01
,,,,,,,,,,3.68,19:01
,,,,,,,,,,3.15,19:00
,,,,,,,,,,3.77,19:00
,,,,,,,,,,3.12,18:59
,,,,,,,,,,9.15,18:59
,,,,,,,,,,1.19,18:58
,,,,,,,,,,3.74,18:58
,,,,,,,,,,1.10,18:57
,,,,,,,,,,62.08,18:57
,,,,,,,,,,2.39,18:56
,,,,,,,,,,4.76,18:55
,,,,,,,,,,1.49,18:54
,,,,,,,,,,1.36,18:54
,,,,,,,,,,13.14,18:54
,,,,,,,,,,2.08,18:53
,,,,,,,,,,2.55,18:53
,,,,,,,,,,1.40,18:52
,,,,,,,,,,2.82,18:52
,,,,,,,,,,3.44,18:51
,,,,,,,,,,1.13,18:51
,,,,,,,,,,1.18,18:51
,,,,,,,,,,1.22,18:50
,,,,,,,,,,1.03,18:50
,,,,,,,,,,5.77,18:50
,,,,,,,,,,9.34,18:49
,,,,,,,,,,1.79,18:48
,,,,,,,,,,14.39,18:48
,,,,,,,,,,1.34,18:47
,,,,,,,,,,1.23,18:47
,,,,,,,,,,3.18,18:46
,,,,,,,,,,1.00,18:46
,,,,,,,,,,3.44,18:46
,,,,,,,,,,6.40,18:45
,,,,,,,,,,2.05,18:45
,,,,,,,,,,1.35,18:44
,,,,,,,,,,2.12,18:44
,,,,,,,,,,4.64,18:43
,,,,,,,,,,2.20,18:43
,,,,,,,,,,2.57,18:42
,,,,,,,,,,2.63,18:42
,,,,,,,,,,1.14,18:41
,,,,,,,,,,1.07,18:41
,,,,,,,,,,1.79,18:41
,,,,,,,,,,1.17,18:41
,,,,,,,,,,1.28,18:40
,,,,,,,,,,3.38,18:40
,,,,,,,,,,1.92,18:40
,,,,,,,,,,2.74,18:39
,,,,,,,,,,1.42,18:39
,,,,,,,,,,1.73,18:38
,,,,,,,,,,14.42,18:38
,,,,,,,,,,1.39,18:37
,,,,,,,,,,1.44,18:37
,,,,,,,,,,2.07,18:37
,,,,,,,,,,1.28,18:36
,,,,,,,,,,1.39,18:36
,,,,,,,,,,9.18,18:36
,,,,,,,,,,2.42,18:35
,,,,,,,,,,1.36,18:34
,,,,,,,,,,2.12,18:34
,,,,,,,,,,1.43,18:34
,,,,,,,,,,1.45,18:33
,,,,,,,,,,1.92,18:33
,,,,,,,,,,1.00,18:33
,,,,,,,,,,2.18,18:32
,,,,,,,,,,1.39,18:32
,,,,,,,,,,2.11,18:32
,,,,,,,,,,2.40,18:31
,,,,,,,,,,1.04,18:31
,,,,,,,,,,2.97,18:31
,,,,,,,,,,1.12,18:30
,,,,,,,,,,3.26,18:30
,,,,,,,,,,51.40,18:29
,,,,,,,,,,164.60,18:28
,,,,,,,,,,2.38,18:27
,,,,,,,,,,8.47,18:26
,,,,,,,,,,14.93,18:25
,,,,,,,,,,1.08,18:24
,,,,,,,,,,5.12,18:24
,,,,,,,,,,4.42,18:23
,,,,,,,,,,4.06,18:23
,,,,,,,,,,1.26,18:22
,,,,,,,,,,1.52,18:22
,,,,,,,,,,6.87,18:22
,,,,,,,,,,1.81,18:21
,,,,,,,,,,14.97,18:21
,,,,,,,,,,1.74,18:20
,,,,,,,,,,4.32,18:19
,,,,,,,,,,3.44,18:19
,,,,,,,,,,2.58,18:18
,,,,,,,,,,2.27,18:18
,,,,,,,,,,3.40,18:17
,,,,,,,,,,6.45,18:17
,,,,,,,,,,5.18,18:16
,,,,,,,,,,2.75,18:15
,,,,,,,,,,2.61,18:15
,,,,,,,,,,4.73,18:14
,,,,,,,,,,3.98,18:14
,,,,,,,,,,1.38,18:13
,,,,,,,,,,11.13,18:13
,,,,,,,,,,50.86,18:12
,,,,,,,,,,1.14,18:11
,,,,,,,,,,6.89,18:11
,,,,,,,,,,4.58,18:10
,,,,,,,,,,1.11,18:10
,,,,,,,,,,24.67,18:09
,,,,,,,,,,20.30,18:08
,,,,,,,,,,1.62,18:07
,,,,,,,,,,1.61,18:07
,,,,,,,,,,4.10,18:06
,,,,,,,,,,1.00,18:06
,,,,,,,,,,1.22,18:05
,,,,,,,,,,2.36,18:05
,,,,,,,,,,3.10,18:05
,,,,,,,,,,4.43,18:04
,,,,,,,,,,2.66,18:04
,,,,,,,,,,8.37,18:03
,,,,,,,,,,1.42,18:02
,,,,,,,,,,3.01,18:02
,,,,,,,,,,2.97,18:02
,,,,,,,,,,1.64,18:01
,,,,,,,,,,1.35,18:01
,,,,,,,,,,1.01,18:00
,,,,,,,,,,2.76,18:00
,,,,,,,,,,2.82,18:00
,,,,,,,,,,1.42,17:59
,,,,,,,,,,5.56,17:59
,,,,,,,,,,2.09,17:58
,,,,,,,,,,8.55,17:58
,,,,,,,,,,2.39,17:57
,,,,,,,,,,1.18,17:57
,,,,,,,,,,1.99,17:56
,,,,,,,,,,5.03,17:56
,,,,,,,,,,1.20,17:55
,,,,,,,,,,2.51,17:55
,,,,,,,,,,1.14,17:55
,,,,,,,,,,1.35,17:54
,,,,,,,,,,1.36,17:54
,,,,,,,,,,1.64,17:54
,,,,,,,,,,1.58,17:54
,,,,,,,,,,1.10,17:53
,,,,,,,,,,10.01,17:53
,,,,,,,,,,2.26,17:52
,,,,,,,,,,1.39,17:52
,,,,,,,,,,1.99,17:51
,,,,,,,,,,2.55,17:51
,,,,,,,,,,7.40,17:51
,,,,,,,,,,1.84,17:50
,,,,,,,,,,3.15,17:49
,,,,,,,,,,2.28,17:49
,,,,,,,,,,1.76,17:49
,,,,,,,,,,2.83,17:48
,,,,,,,,,,2.56,17:48
,,,,,,,,,,3.40,17:47
,,,,,,,,,,1.28,17:47
,,,,,,,,,,1.58,17:46
,,,,,,,,,,3.05,17:46
,,,,,,,,,,1.30,17:46
,,,,,,,,,,1.01,17:45
,,,,,,,,,,2.11,17:45
,,,,,,,,,,1.03,17:45
,,,,,,,,,,1.47,17:44
,,,,,,,,,,1.03,17:44
,,,,,,,,,,1.37,17:44
,,,,,,,,,,5.56,17:44
,,,,,,,,,,9.29,17:43
,,,,,,,,,,16.73,17:42
,,,,,,,,,,1.66,17:41
,,,,,,,,,,1.01,17:41
,,,,,,,,,,5.58,17:41
,,,,,,,,,,2.83,17:40
,,,,,,,,,,9.41,17:40
,,,,,,,,,,2.34,17:39
,,,,,,,,,,8.21,17:38
,,,,,,,,,,3.28,17:37
,,,,,,,,,,1.61,17:37
,,,,,,,,,,2.55,17:37
,,,,,,,,,,23.84,17:36
,,,,,,,,,,1.11,17:35
,,,,,,,,,,5.33,17:35
,,,,,,,,,,1.00,17:34
,,,,,,,,,,1.49,17:34
,,,,,,,,,,3.49,17:34
,,,,,,,,,,1.42,17:33
,,,,,,,,,,1.14,17:33
,,,,,,,,,,2.11,17:33
,,,,,,,,,,1.60,17:32
,,,,,,,,,,2.66,17:32
,,,,,,,,,,32.44,17:31
,,,,,,,,,,3.16,17:30
,,,,,,,,,,4.46,17:30
,,,,,,,,,,1.08,17:30
,,,,,,,,,,1.24,17:30
,,,,,,,,,,1.63,17:30
,,,,,,,,,,2.73,17:30
,,,,,,,,,,1.56,17:30
,,,,,,,,,,1.91,17:30
,,,,,,,,,,1.30,17:30
,,,,,,,,,,1.49,17:30
,,,,,,,,,,1.00,17:30
,,,,,,,,,,1.84,17:25
,,,,,,,,,,1.68,17:24
,,,,,,,,,,1.69,17:24
,,,,,,,,,,1.00,17:24
,,,,,,,,,,1.01,17:24
,,,,,,,,,,1.24,17:23
,,,,,,,,,,1.91,17:23
,,,,,,,,,,4.79,17:23
,,,,,,,,,,2.22,17:22
,,,,,,,,,,3.92,17:22
,,,,,,,,,,1.84,17:21
,,,,,,,,,,1.46,17:21
,,,,,,,,,,1.06,17:20
,,,,,,,,,,2.05,17:20
,,,,,,,,,,2.21,17:20
,,,,,,,,,,1.10,17:19
,,,,,,,,,,1.10,17:19
,,,,,,,,,,13.30,17:19
,,,,,,,,,,4.52,17:18
,,,,,,,,,,1.19,17:17
,,,,,,,,,,16.73,17:17
,,,,,,,,,,112.93,17:16
,,,,,,,,,,3.73,17:15
,,,,,,,,,,1.39,17:14
,,,,,,,,,,1.74,17:14
,,,,,,,,,,1.60,17:13
,,,,,,,,,,2.33,17:13
,,,,,,,,,,6.24,17:13
,,,,,,,,,,1.08,17:12
,,,,,,,,,,3.31,17:12
,,,,,,,,,,4.29,17:11
,,,,,,,,,,295.09,17:11
,,,,,,,,,,81.36,17:09
,,,,,,,,,,4.33,17:07
,,,,,,,,,,1.05,17:07
,,,,,,,,,,7.05,17:07
,,,,,,,,,,1.07,17:06
,,,,,,,,,,10.31,17:06
,,,,,,,,,,21.82,17:05
,,,,,,,,,,2.59,17:04
,,,,,,,,,,2.84,17:03
,,,,,,,,,,2.01,17:03
,,,,,,,,,,2.44,17:02
,,,,,,,,,,4.64,17:02
,,,,,,,,,,3.13,17:01
,,,,,,,,,,1.63,17:01
,,,,,,,,,,2.66,17:01
,,,,,,,,,,1.07,17:00
,,,,,,,,,,55.26,17:00
,,,,,,,,,,17.48,16:59
,,,,,,,,,,3.00,16:58
,,,,,,,,,,2.80,16:57
,,,,,,,,,,3.95,16:57
,,,,,,,,,,1.25,16:56
,,,,,,,,,,1.24,16:56
,,,,,,,,,,1.12,16:55
,,,,,,,,,,1.09,16:55
,,,,,,,,,,1.50,16:55
,,,,,,,,,,1.06,16:55
,,,,,,,,,,1.68,16:54
,,,,,,,,,,37.43,16:54
,,,,,,,,,,2.82,16:53
,,,,,,,,,,1.48,16:52
,,,,,,,,,,4.29,16:52
,,,,,,,,,,3.56,16:52
,,,,,,,,,,1.95,16:51
,,,,,,,,,,3.30,16:51
,,,,,,,,,,14.56,16:50
,,,,,,,,,,4.46,16:49
,,,,,,,,,,1.29,16:49
,,,,,,,,,,29.84,16:48
,,,,,,,,,,1.53,16:47
,,,,,,,,,,10.40,16:47
,,,,,,,,,,2.86,16:46
,,,,,,,,,,5.23,16:45
,,,,,,,,,,15.47,16:45
,,,,,,,,,,3.98,16:44
,,,,,,,,,,9.88,16:43
,,,,,,,,,,3.76,16:42
,,,,,,,,,,3.13,16:42
,,,,,,,,,,2.08,16:41
,,,,,,,,,,1.16,16:41
,,,,,,,,,,1.94,16:41
,,,,,,,,,,1.82,16:40
,,,,,,,,,,2.31,16:40
,,,,,,,,,,1.40,16:40
,,,,,,,,,,2.15,16:39
,,,,,,,,,,2.95,16:39
,,,,,,,,,,2.05,16:38
,,,,,,,,,,5.64,16:38
,,,,,,,,,,1.61,16:37
,,,,,,,,,,12.23,16:37
,,,,,,,,,,1.88,16:36
,,,,,,,,,,80.29,16:36
,,,,,,,,,,1.13,16:34
,,,,,,,,,,1.40,16:34
,,,,,,,,,,1.45,16:34
,,,,,,,,,,1.00,16:33
,,,,,,,,,,1.03,16:33
,,,,,,,,,,1.28,16:33
,,,,,,,,,,1.00,16:33
,,,,,,,,,,1.27,16:33
,,,,,,,,,,5.16,16:32
,,,,,,,,,,1.10,16:32
,,,,,,,,,,1.50,16:31
,,,,,,,,,,1.02,16:31
,,,,,,,,,,2.14,16:31
,,,,,,,,,,35.82,16:31
,,,,,,,,,,1.00,16:29
,,,,,,,,,,8.44,16:29
,,,,,,,,,,5.39,16:28
,,,,,,,,,,1.22,16:28
,,,,,,,,,,1.67,16:27
,,,,,,,,,,3.19,16:27
,,,,,,,,,,1.48,16:27
,,,,,,,,,,1.39,16:26
,,,,,,,,,,1.61,16:26
,,,,,,,,,,13.63,16:26
,,,,,,,,,,2.27,16:25
,,,,,,,,,,1.48,16:24
,,,,,,,,,,1.73,16:24
,,,,,,,,,,2.99,16:24
,,,,,,,,,,1.61,16:23
,,,,,,,,,,1.28,16:23
,,,,,,,,,,1.22,16:23
,,,,,,,,,,2.70,16:22
,,,,,,,,,,1.45,16:22
,,,,,,,,,,1.39,16:22
,,,,,,,,,,1.58,16:21
,,,,,,,,,,3.27,16:21
,,,,,,,,,,2.06,16:20
,,,,,,,,,,1.31,16:20
,,,,,,,,,,3.50,16:20
,,,,,,,,,,6.78,16:19
,,,,,,,,,,1.11,16:18
,,,,,,,,,,2.82,16:18
,,,,,,,,,,5.76,16:18
,,,,,,,,,,1.10,16:17
,,,,,,,,,,3.76,16:17
,,,,,,,,,,19.87,16:16
,,,,,,,,,,2.32,16:15
,,,,,,,,,,1.09,16:15
,,,,,,,,,,2.14,16:15
,,,,,,,,,,2.95,16:14
,,,,,,,,,,1.32,16:14
,,,,,,,,,,4.29,16:13
,,,,,,,,,,2.25,16:13
,,,,,,,,,,1.29,16:12
,,,,,,,,,,2.63,16:12
,,,,,,,,,,6.95,16:12
,,,,,,,,,,2.28,16:11
,,,,,,,,,,1.89,16:10
,,,,,,,,,,41.86,16:10
,,,,,,,,,,3.80,16:09
,,,,,,,,,,5.37,16:08
,,,,,,,,,,1.41,16:08
,,,,,,,,,,2.00,16:07
,,,,,,,,,,1.26,16:07
,,,,,,,,,,3.13,16:07
,,,,,,,,,,1.41,16:06
,,,,,,,,,,2.89,16:06
,,,,,,,,,,2.72,16:05
,,,,,,,,,,1.38,16:05
,,,,,,,,,,6.03,16:05
,,,,,,,,,,1.09,16:04
,,,,,,,,,,3.38,16:04
,,,,,,,,,,1.70,16:03
,,,,,,,,,,1.54,16:03
,,,,,,,,,,2.94,16:02
,,,,,,,,,,2.32,16:02
,,,,,,,,,,1.01,16:02
,,,,,,,,,,2.29,16:01
,,,,,,,,,,3.00,16:01
,,,,,,,,,,1.09,16:00
,,,,,,,,,,1.61,16:00
,,,,,,,,,,1.32,16:00
,,,,,,,,,,1.38,16:00
,,,,,,,,,,1.43,15:59
,,,,,,,,,,1.31,15:59
,,,,,,,,,,21.97,15:59
,,,,,,,,,,1.09,15:58
,,,,,,,,,,1.65,15:57
,,,,,,,,,,1.31,15:57
,,,,,,,,,,1.67,15:57
,,,,,,,,,,11.94,15:57
,,,,,,,,,,1.14,15:56
,,,,,,,,,,1.81,15:55
,,,,,,,,,,1.45,15:55
,,,,,,,,,,1.51,15:55
,,,,,,,,,,8.59,15:54
,,,,,,,,,,1.78,15:54
,,,,,,,,,,2.22,15:53
,,,,,,,,,,4.84,15:53
,,,,,,,,,,6.88,15:52
,,,,,,,,,,1.94,15:51
,,,,,,,,,,1.17,15:51
,,,,,,,,,,2.45,15:51
,,,,,,,,,,1.37,15:50
,,,,,,,,,,1.09,15:50
,,,,,,,,,,28.22,15:50
,,,,,,,,,,430.91,15:49
,,,,,,,,,,1.54,15:47
,,,,,,,,,,13.89,15:47
,,,,,,,,,,1.03,15:46
,,,,,,,,,,2.55,15:45
,,,,,,,,,,2.06,15:45
,,,,,,,,,,1.14,15:45
,,,,,,,,,,2.33,15:44
,,,,,,,,,,1.94,15:44
,,,,,,,,,,7.84,15:44
,,,,,,,,,,1.34,15:43
,,,,,,,,,,1.69,15:42
,,,,,,,,,,8.13,15:42
,,,,,,,,,,1.45,15:41
,,,,,,,,,,9.22,15:41
,,,,,,,,,,3.09,15:40
,,,,,,,,,,1.44,15:40
,,,,,,,,,,1.21,15:39
,,,,,,,,,,16.10,15:39
,,,,,,,,,,4.00,15:38
,,,,,,,,,,2.86,15:38
,,,,,,,,,,1.89,15:37
,,,,,,,,,,10.36,15:37
,,,,,,,,,,1.08,15:36
,,,,,,,,,,34.87,15:36
,,,,,,,,,,2.59,15:35
,,,,,,,,,,1.02,15:34
,,,,,,,,,,1.10,15:34
,,,,,,,,,,1.22,15:34
,,,,,,,,,,1.45,15:33
,,,,,,,,,,19.52,15:33
,,,,,,,,,,4.69,15:32
,,,,,,,,,,3.77,15:31
,,,,,,,,,,1.17,15:31
,,,,,,,,,,3.54,15:31
,,,,,,,,,,4.26,15:30
,,,,,,,,,,1.87,15:29
,,,,,,,,,,4.55,15:29
,,,,,,,,,,1.03,15:28
,,,,,,,,,,1.02,15:28
,,,,,,,,,,1.23,15:28
,,,,,,,,,,1.59,15:28
,,,,,,,,,,2.78,15:27
,,,,,,,,,,4.91,15:27
,,,,,,,,,,1.17,15:26
,,,,,,,,,,5.13,15:26
,,,,,,,,,,1.12,15:25
,,,,,,,,,,1.48,15:25
,,,,,,,,,,1.28,15:25
,,,,,,,,,,3.26,15:25
,,,,,,,,,,1.12,15:24
,,,,,,,,,,1.06,15:24
,,,,,,,,,,1.08,15:24
,,,,,,,,,,12.56,15:23
,,,,,,,,,,11.51,15:23
,,,,,,,,,,1.21,15:22
,,,,,,,,,,5.54,15:21
,,,,,,,,,,3.15,15:21
,,,,,,,,,,2.45,15:20
,,,,,,,,,,2.45,15:20
,,,,,,,,,,1.78,15:20
,,,,,,,,,,1.37,15:19
,,,,,,,,,,2.82,15:19
,,,,,,,,,,1.23,15:19
,,,,,,,,,,14.84,15:18
,,,,,,,,,,25.12,15:17
,,,,,,,,,,1.14,15:16
,,,,,,,,,,5.30,15:16
,,,,,,,,,,2.25,15:16
,,,,,,,,,,1.88,15:15
,,,,,,,,,,1.16,15:15
,,,,,,,,,,4.81,15:14
,,,,,,,,,,1.40,15:14
,,,,,,,,,,2.29,15:14
,,,,,,,,,,86.25,15:13
,,,,,,,,,,2.66,15:12
,,,,,,,,,,749.52,15:11
,,,,,,,,,,1.10,15:09
,,,,,,,,,,8.38,15:09
,,,,,,,,,,3.29,15:08
,,,,,,,,,,1.96,15:08
,,,,,,,,,,1.16,15:07
,,,,,,,,,,1.15,15:07
,,,,,,,,,,2.01,15:07
,,,,,,,,,,1.69,15:06
,,,,,,,,,,1.69,15:06
,,,,,,,,,,1.37,15:06
,,,,,,,,,,1.18,15:05
,,,,,,,,,,1.10,15:05
,,,,,,,,,,4.97,15:05
,,,,,,,,,,2.28,15:04
,,,,,,,,,,3.96,15:04
,,,,,,,,,,1.81,15:03
,,,,,,,,,,3.36,15:03
,,,,,,,,,,1.17,15:02
,,,,,,,,,,1.00,15:02
,,,,,,,,,,8.72,15:02
,,,,,,,,,,2.69,15:01
,,,,,,,,,,1.25,15:01
,,,,,,,,,,1.09,15:00
,,,,,,,,,,2.23,15:00
,,,,,,,,,,13.65,15:00
,,,,,,,,,,2.38,14:59
,,,,,,,,,,1.13,14:58
,,,,,,,,,,1.57,14:58
,,,,,,,,,,6.09,14:58
,,,,,,,,,,2.83,14:57
,,,,,,,,,,19.95,14:57
,,,,,,,,,,1.11,14:56
,,,,,,,,,,1.98,14:55
,,,,,,,,,,2.06,14:55
,,,,,,,,,,4.18,14:55
,,,,,,,,,,5.37,14:54
,,,,,,,,,,1.06,14:53
,,,,,,,,,,16.39,14:53
,,,,,,,,,,2.73,14:52
,,,,,,,,,,2.02,14:52
,,,,,,,,,,1.03,14:51
,,,,,,,,,,1.59,14:51
,,,,,,,,,,6.70,14:51
,,,,,,,,,,1.07,14:50
,,,,,,,,,,1.81,14:50
,,,,,,,,,,1.18,14:49
,,,,,,,,,,1.95,14:49
,,,,,,,,,,2.43,14:49
,,,,,,,,,,6.16,14:48
,,,,,,,,,,1.00,14:48
,,,,,,,,,,1.45,14:48
,,,,,,,,,,3.83,14:47
,,,,,,,,,,1.00,14:47
,,,,,,,,,,1.98,14:46
,,,,,,,,,,1.04,14:46
,,,,,,,,,,1.70,14:46
,,,,,,,,,,3.54,14:45
,,,,,,,,,,1.17,14:45
,,,,,,,,,,10.51,14:45
,,,,,,,,,,5.55,14:44
,,,,,,,,,,1.45,14:43
,,,,,,,,,,23.60,14:43
,,,,,,,,,,3.33,14:42
,,,,,,,,,,17.87,14:41
,,,,,,,,,,2.49,14:40
,,,,,,,,,,2.37,14:40
,,,,,,,,,,1.67,14:39
,,,,,,,,,,11.96,14:39
,,,,,,,,,,1.75,14:38
,,,,,,,,,,1.62,14:38
,,,,,,,,,,1.01,14:37
,,,,,,,,,,1.61,14:37
,,,,,,,,,,1.30,14:37
,,,,,,,,,,1.42,14:37
,,,,,,,,,,1.15,14:36
,,,,,,,,,,2.01,14:36
,,,,,,,,,,2.69,14:36
,,,,,,,,,,1.16,14:35
,,,,,,,,,,3.19,14:35
,,,,,,,,,,5.58,14:35
,,,,,,,,,,1.13,14:34
,,,,,,,,,,11.62,14:34
,,,,,,,,,,1.57,14:33
,,,,,,,,,,16.47,14:32
,,,,,,,,,,1.07,14:31
,,,,,,,,,,1.41,14:31
,,,,,,,,,,1.47,14:31
,,,,,,,,,,3.15,14:31
,,,,,,,,,,2.01,14:30
,,,,,,,,,,5.42,14:30
,,,,,,,,,,2.07,14:29
,,,,,,,,,,4.33,14:29
,,,,,,,,,,1.86,14:29
,,,,,,,,,,1.60,14:28
,,,,,,,,,,14.46,14:27
,,,,,,,,,,91.94,14:26
,,,,,,,,,,1.95,14:25
,,,,,,,,,,2.33,14:25
,,,,,,,,,,1.18,14:24
,,,,,,,,,,1.47,14:24
,,,,,,,,,,3.27,14:24
,,,,,,,,,,14.54,14:23
,,,,,,,,,,1.94,14:22
,,,,,,,,,,11.10,14:22
,,,,,,,,,,1.98,14:21
,,,,,,,,,,1.00,14:20
,,,,,,,,,,1.47,14:20
,,,,,,,,,,1.01,14:20
,,,,,,,,,,2.85,14:20
,,,,,,,,,,1.30,14:19
,,,,,,,,,,1.74,14:19
,,,,,,,,,,3.93,14:19
,,,,,,,,,,1.00,14:18
,,,,,,,,,,1.36,14:18
,,,,,,,,,,3.28,14:18
,,,,,,,,,,1.58,14:17
,,,,,,,,,,26.64,14:17
,,,,,,,,,,3.35,14:16
,,,,,,,,,,29.27,14:15
,,,,,,,,,,1.08,14:14
,,,,,,,,,,1.05,14:14
,,,,,,,,,,1.31,14:14
,,,,,,,,,,3.41,14:13
,,,,,,,,,,2.16,14:13
,,,,,,,,,,15.62,14:12
,,,,,,,,,,12.10,14:11
,,,,,,,,,,46.32,14:10
,,,,,,,,,,2.15,14:09
,,,,,,,,,,2.25,14:09
,,,,,,,,,,1.93,14:08
,,,,,,,,,,1.68,14:08
,,,,,,,,,,2.44,14:08
,,,,,,,,,,1.09,14:07
,,,,,,,,,,1.47,14:07
,,,,,,,,,,3.02,14:07
,,,,,,,,,,2.21,14:06
,,,,,,,,,,1.35,14:06
,,,,,,,,,,1.07,14:05
,,,,,,,,,,16.49,14:05
,,,,,,,,,,1.22,14:04
,,,,,,,,,,4.17,14:04
,,,,,,,,,,2.16,14:03
,,,,,,,,,,6.95,14:03
,,,,,,,,,,2.28,14:02
,,,,,,,,,,1.58,14:02
,,,,,,,,,,1.21,14:02
,,,,,,,,,,2.93,14:01
,,,,,,,,,,2.65,14:01
,,,,,,,,,,2.30,14:00
,,,,,,,,,,1.40,14:00
,,,,,,,,,,1.03,14:00
,,,,,,,,,,1.41,13:59
,,,,,,,,,,1.19,13:59
,,,,,,,,,,1.47,13:59
,,,,,,,,,,1.01,13:59
,,,,,,,,,,1.21,13:58
,,,,,,,,,,1.21,13:58
,,,,,,,,,,1.44,13:58
,,,,,,,,,,1.66,13:58
,,,,,,,,,,2.94,13:57
,,,,,,,,,,1.34,13:57
,,,,,,,,,,2.21,13:56
,,,,,,,,,,10.32,13:56
,,,,,,,,,,1.80,13:55
,,,,,,,,,,2.32,13:55
,,,,,,,,,,1.66,13:54
,,,,,,,,,,2.55,13:54
,,,,,,,,,,5.99,13:54
,,,,,,,,,,17.46,13:53
,,,,,,,,,,2.19,13:52
,,,,,,,,,,1.63,13:52
,,,,,,,,,,2.11,13:51
,,,,,,,,,,3.48,13:51
,,,,,,,,,,16.90,13:50
,,,,,,,,,,3.80,13:49
,,,,,,,,,,1.51,13:49
,,,,,,,,,,32.18,13:48
,,,,,,,,,,1.69,13:47
,,,,,,,,,,1.37,13:47
,,,,,,,,,,6.41,13:47
,,,,,,,,,,3.49,13:46
,,,,,,,,,,1.10,13:45
,,,,,,,,,,1.26,13:45
,,,,,,,,,,6.19,13:45
,,,,,,,,,,2.22,13:44
,,,,,,,,,,72.60,13:44
,,,,,,,,,,1.08,13:42
,,,,,,,,,,2.30,13:42
,,,,,,,,,,3.89,13:42
,,,,,,,,,,2.81,13:41
,,,,,,,,,,11.29,13:41
,,,,,,,,,,5.85,13:40
,,,,,,,,,,2.00,13:39
,,,,,,,,,,2.96,13:39
,,,,,,,,,,15.90,13:38
,,,,,,,,,,1.12,13:38
,,,,,,,,,,1.40,13:38
,,,,,,,,,,3.54,13:38
,,,,,,,,,,2.27,13:38
,,,,,,,,,,2.66,13:38
,,,,,,,,,,1.38,13:38
,,,,,,,,,,3.49,13:38
,,,,,,,,,,3.27,13:38
,,,,,,,,,,1.00,13:38
,,,,,,,,,,1.55,13:34
,,,,,,,,,,2.72,13:33
,,,,,,,,,,11.60,13:33
,,,,,,,,,,2.07,13:32
,,,,,,,,,,1.04,13:32
,,,,,,,,,,1.30,13:31
,,,,,,,,,,3.70,13:31
,,,,,,,,,,2.40,13:31
,,,,,,,,,,1.33,13:30
,,,,,,,,,,1.55,13:30
,,,,,,,,,,3.12,13:30
,,,,,,,,,,5.07,13:29
,,,,,,,,,,19.20,13:28
,,,,,,,,,,2.01,13:27
,,,,,,,,,,1.30,13:27
,,,,,,,,,,2.34,13:27
,,,,,,,,,,1.29,13:26
,,,,,,,,,,1.25,13:26
,,,,,,,,,,1.62,13:26
,,,,,,,,,,2.84,13:25
,,,,,,,,,,3.62,13:25
,,,,,,,,,,1.33,13:24
,,,,,,,,,,9.45,13:24
,,,,,,,,,,1.27,13:23
,,,,,,,,,,1.07,13:23
,,,,,,,,,,1.17,13:23
,,,,,,,,,,1.05,13:23
,,,,,,,,,,1.71,13:22
,,,,,,,,,,5.18,13:22
,,,,,,,,,,405.40,13:21
,,,,,,,,,,1.04,13:20
,,,,,,,,,,1.81,13:19
,,,,,,,,,,2.31,13:19
,,,,,,,,,,1.93,13:18
,,,,,,,,,,2.43,13:18
,,,,,,,,,,1.73,13:18
,,,,,,,,,,18.50,13:17
,,,,,,,,,,1.51,13:16
,,,,,,,,,,1.93,13:16
,,,,,,,,,,1.06,13:16
,,,,,,,,,,1.19,13:15
,,,,,,,,,,4.59,13:15
,,,,,,,,,,1.98,13:15
,,,,,,,,,,2.22,13:14
,,,,,,,,,,1.52,13:14
,,,,,,,,,,1.03,13:13
,,,,,,,,,,1.00,13:13
,,,,,,,,,,2.59,13:13
,,,,,,,,,,1.05,13:13
,,,,,,,,,,1.96,13:12
,,,,,,,,,,8.60,13:12
,,,,,,,,,,5.22,13:12
,,,,,,,,,,3.59,13:11
,,,,,,,,,,1.35,13:11
,,,,,,,,,,100.28,13:10
,,,,,,,,,,1.57,13:08
,,,,,,,,,,19.03,13:08
,,,,,,,,,,10.21,13:07
,,,,,,,,,,1.35,13:06
,,,,,,,,,,5.04,13:06
,,,,,,,,,,9.34,13:05
,,,,,,,,,,1.50,13:04
,,,,,,,,,,1.41,13:04
,,,,,,,,,,1.04,13:04
,,,,,,,,,,2.11,13:03
,,,,,,,,,,3.19,13:03
,,,,,,,,,,1.01,13:03
,,,,,,,,,,3.56,13:02
,,,,,,,,,,1.78,13:02
,,,,,,,,,,1.70,13:01
,,,,,,,,,,1.21,13:01
,,,,,,,,,,1.50,13:01
,,,,,,,,,,2.32,13:01
,,,,,,,,,,1.17,13:00
,,,,,,,,,,1.04,13:00
,,,,,,,,,,2.12,13:00
,,,,,,,,,,1.01,12:59
,,,,,,,,,,3.94,12:59
,,,,,,,,,,24.49,12:58
,,,,,,,,,,8.82,12:57
,,,,,,,,,,1.16,12:57
,,,,,,,,,,1.81,12:56
,,,,,,,,,,3.79,12:56
,,,,,,,,,,1.35,12:55
,,,,,,,,,,1.34,12:55
,,,,,,,,,,1.12,12:55
,,,,,,,,,,2.64,12:55
,,,,,,,,,,1.36,12:54
,,,,,,,,,,1.00,12:54
,,,,,,,,,,1.25,12:54
,,,,,,,,,,1.94,12:53
,,,,,,,,,,1.21,12:53
,,,,,,,,,,1.97,12:53
,,,,,,,,,,1.04,12:52
,,,,,,,,,,1.07,12:52
,,,,,,,,,,1.32,12:52
,,,,,,,,,,1.30,12:52
,,,,,,,,,,6.16,12:51
,,,,,,,,,,2.07,12:51
,,,,,,,,,,5.24,12:50
,,,,,,,,,,1.48,12:50
,,,,,,,,,,1.77,12:49
,,,,,,,,,,2.35,12:49
,,,,,,,,,,1.62,12:49
,,,,,,,,,,3.82,12:48
,,,,,,,,,,1.12,12:48
,,,,,,,,,,1.08,12:47
,,,,,,,,,,8.05,12:47
,,,,,,,,,,5.43,12:46
,,,,,,,,,,1.73,12:46
,,,,,,,,,,40.61,12:45
,,,,,,,,,,3.29,12:44
,,,,,,,,,,1.72,12:44
,,,,,,,,,,4.37,12:43
,,,,,,,,,,3.94,12:43
,,,,,,,,,,1.21,12:42
,,,,,,,,,,1.01,12:42
,,,,,,,,,,2.70,12:42
,,,,,,,,,,1.24,12:41
,,,,,,,,,,1.01,12:41
,,,,,,,,,,5.29,12:41
,,,,,,,,,,1.64,12:40
,,,,,,,,,,1.32,12:40
,,,,,,,,,,1.72,12:39
,,,,,,,,,,8.09,12:39
,,,,,,,,,,1.51,12:38
,,,,,,,,,,1.03,12:38
,,,,,,,,,,123.25,12:38
,,,,,,,,,,2.46,12:36
,,,,,,,,,,1.44,12:36
,,,,,,,,,,4.04,12:36
,,,,,,,,,,1.64,12:35
,,,,,,,,,,1.59,12:35
,,,,,,,,,,2.12,12:34
,,,,,,,,,,2.72,12:34
,,,,,,,,,,2.98,12:33
,,,,,,,,,,12.35,12:33
,,,,,,,,,,16.29,12:32
,,,,,,,,,,2.32,12:31
,,,,,,,,,,1.00,12:31
,,,,,,,,,,1.40,12:30
,,,,,,,,,,56.78,12:30
,,,,,,,,,,5.39,12:29
,,,,,,,,,,1.21,12:28
,,,,,,,,,,2.00,12:28
,,,,,,,,,,1.25,12:27
,,,,,,,,,,1.00,12:27
,,,,,,,,,,1.13,12:27
,,,,,,,,,,1.95,12:27
,,,,,,,,,,2.01,12:26
,,,,,,,,,,1.03,12:26
,,,,,,,,,,1.15,12:26
,,,,,,,,,,1.36,12:26
,,,,,,,,,,1.32,12:25
,,,,,,,,,,1.73,12:25
,,,,,,,,,,2.08,12:25
,,,,,,,,,,1.12,12:24
,,,,,,,,,,2.37,12:24
,,,,,,,,,,2.55,12:24
,,,,,,,,,,2.22,12:23
,,,,,,,,,,1.24,12:23
,,,,,,,,,,28.37,12:22
,,,,,,,,,,3.57,12:21
,,,,,,,,,,1.38,12:21
,,,,,,,,,,1.73,12:20
,,,,,,,,,,1.31,12:20
,,,,,,,,,,8.24,12:20
,,,,,,,,,,1.00,12:19
,,,,,,,,,,1.21,12:19
,,,,,,,,,,7.13,12:19
,,,,,,,,,,4.42,12:18
,,,,,,,,,,4.30,12:17
,,,,,,,,,,7.22,12:17
,,,,,,,,,,4.09,12:16
,,,,,,,,,,1.21,12:15
,,,,,,,,,,4.69,12:15
,,,,,,,,,,5.50,12:14
,,,,,,,,,,1.17,12:14
,,,,,,,,,,8.38,12:14
,,,,,,,,,,1.92,12:13
,,,,,,,,,,1.11,12:12
,,,,,,,,,,2.51,12:12
,,,,,,,,,,6.04,12:12
,,,,,,,,,,1.31,12:11
,,,,,,,,,,4.10,12:11
,,,,,,,,,,2.22,12:10
,,,,,,,,,,1.22,12:10
,,,,,,,,,,40.37,12:09
,,,,,,,,,,1.05,12:08
,,,,,,,,,,1.11,12:08
,,,,,,,,,,2.96,12:08
,,,,,,,,,,1.26,12:07
,,,,,,,,,,1.40,12:07
,,,,,,,,,,1.50,12:07
,,,,,,,,,,13.49,12:06
,,,,,,,,,,1.54,12:05
,,,,,,,,,,511.92,12:05
,,,,,,,,,,1.16,12:03
,,,,,,,,,,1.70,12:03
,,,,,,,,,,86.92,12:03
,,,,,,,,,,1.32,12:01
,,,,,,,,,,17.49,12:01
,,,,,,,,,,2.90,12:00
,,,,,,,,,,2.39,11:59
,,,,,,,,,,1.92,11:59
,,,,,,,,,,2.25,11:59
,,,,,,,,,,1.60,11:58
,,,,,,,,,,1.00,11:58
,,,,,,,,,,1.63,11:58
,,,,,,,,,,1.51,11:57
,,,,,,,,,,2.13,11:57
,,,,,,,,,,1.04,11:57
,,,,,,,,,,6.22,11:56
,,,,,,,,,,4.66,11:56
,,,,,,,,,,21.65,11:55
,,,,,,,,,,2.40,11:54
,,,,,,,,,,2.12,11:54
,,,,,,,,,,2.30,11:53
,,,,,,,,,,1.01,11:53
,,,,,,,,,,1.12,11:53
,,,,,,,,,,1.30,11:52
,,,,,,,,,,25.54,11:52
,,,,,,,,,,1.53,11:51
,,,,,,,,,,2.82,11:51
,,,,,,,,,,1.36,11:50
,,,,,,,,,,1.05,11:50
,,,,,,,,,,13.73,11:50
,,,,,,,,,,1.27,11:49
,,,,,,,,,,1.20,11:48
,,,,,,,,,,1.02,11:48
,,,,,,,,,,1.06,11:48
,,,,,,,,,,2.19,11:48
,,,,,,,,,,6.93,11:47
,,,,,,,,,,3.03,11:47
,,,,,,,,,,48.17,11:46
,,,,,,,,,,1.54,11:45
,,,,,,,,,,1.04,11:45
,,,,,,,,,,1.61,11:44
,,,,,,,,,,13.79,11:44
,,,,,,,,,,1.31,11:43
,,,,,,,,,,2.12,11:43
,,,,,,,,,,1.29,11:42
,,,,,,,,,,1.00,11:42
,,,,,,,,,,1.28,11:42
,,,,,,,,,,1.63,11:42
,,,,,,,,,,3.01,11:41
,,,,,,,,,,1.38,11:41
,,,,,,,,,,17.19,11:41
,,,,,,,,,,2.00,11:40
,,,,,,,,,,1.07,11:39
,,,,,,,,,,1.24,11:39
,,,,,,,,,,51.63,11:39
,,,,,,,,,,4.84,11:37
,,,,,,,,,,11.43,11:37
,,,,,,,,,,1.28,11:36
,,,,,,,,,,1.04,11:36
,,,,,,,,,,1.01,11:35
,,,,,,,,,,1.19,11:35
,,,,,,,,,,1.43,11:35
,,,,,,,,,,2.96,11:35
,,,,,,,,,,1.22,11:34
,,,,,,,,,,96.26,11:34
,,,,,,,,,,3.61,11:32
,,,,,,,,,,2.06,11:32
,,,,,,,,,,1.06,11:32
,,,,,,,,,,1.05,11:31
,,,,,,,,,,9.90,11:31
,,,,,,,,,,1.14,11:30
,,,,,,,,,,1.78,11:30
,,,,,,,,,,1.14,11:30
,,,,,,,,,,1.65,11:29
,,,,,,,,,,1.10,11:29
,,,,,,,,,,1.00,11:29
,,,,,,,,,,1.04,11:29
,,,,,,,,,,3.56,11:28
,,,,,,,,,,2.07,11:28
,,,,,,,,,,2.49,11:27
,,,,,,,,,,1.61,11:27
,,,,,,,,,,1.07,11:27
,,,,,,,,,,3.24,11:26
,,,,,,,,,,1.32,11:26
,,,,,,,,,,1.08,11:26
,,,,,,,,,,4.54,11:25
,,,,,,,,,,5.41,11:25
,,,,,,,,,,1.71,11:24
,,,,,,,,,,1.72,11:24
,,,,,,,,,,1.01,11:23
,,,,,,,,,,3.09,11:23
,,,,,,,,,,1.39,11:23
,,,,,,,,,,1.93,11:22
,,,,,,,,,,1.07,11:22
,,,,,,,,,,2.52,11:22
,,,,,,,,,,10.12,11:21
,,,,,,,,,,19.81,11:21
,,,,,,,,,,2.28,11:20
,,,,,,,,,,8.94,11:19
,,,,,,,,,,2.32,11:18
,,,,,,,,,,15.24,11:18
,,,,,,,,,,2.47,11:17
,,,,,,,,,,2.70,11:17
,,,,,,,,,,1.91,11:16
,,,,,,,,,,2.13,11:16
,,,,,,,,,,1.19,11:15
,,,,,,,,,,1.02,11:15
,,,,,,,,,,1.21,11:15
,,,,,,,,,,1.59,11:15
,,,,,,,,,,4.24,11:14
,,,,,,,,,,1.24,11:14
,,,,,,,,,,1.13,11:13
,,,,,,,,,,4.82,11:13
,,,,,,,,,,1.54,11:12
,,,,,,,,,,4.67,11:12
,,,,,,,,,,1.92,11:12
,,,,,,,,,,3.69,11:11
,,,,,,,,,,1.10,11:11
,,,,,,,,,,2.80,11:10
,,,,,,,,,,1.28,11:10
,,,,,,,,,,2.81,11:10
,,,,,,,,,,2.35,11:09
,,,,,,,,,,1.10,11:09
,,,,,,,,,,2.22,11:08
,,,,,,,,,,8.55,11:08
,,,,,,,,,,1.22,11:07
,,,,,,,,,,2.02,11:07
,,,,,,,,,,1.68,11:07
,,,,,,,,,,6.93,11:07
,,,,,,,,,,1.14,11:06
,,,,,,,,,,7.76,11:06
,,,,,,,,,,1.20,11:05
,,,,,,,,,,4.25,11:05
,,,,,,,,,,1.97,11:04
,,,,,,,,,,3.07,11:04
,,,,,,,,,,1.14,11:03
,,,,,,,,,,2.22,11:03
,,,,,,,,,,3.99,11:02
,,,,,,,,,,1.25,11:02
,,,,,,,,,,4.21,11:01
,,,,,,,,,,1.96,11:01
,,,,,,,,,,1.21,11:00
,,,,,,,,,,1.34,11:00
,,,,,,,,,,2.68,11:00
,,,,,,,,,,1.23,10:59
,,,,,,,,,,28.94,10:59
,,,,,,,,,,2.71,10:58
,,,,,,,,,,1.00,10:57
,,,,,,,,,,2.20,10:57
,,,,,,,,,,1.32,10:57
,,,,,,,,,,1.82,10:57
,,,,,,,,,,59.92,10:56
,,,,,,,,,,37.74,10:55
,,,,,,,,,,3.76,10:54
,,,,,,,,,,3.90,10:53
,,,,,,,,,,66.91,10:52
,,,,,,,,,,3.75,10:51
,,,,,,,,,,3.21,10:51
,,,,,,,,,,2.75,10:50
,,,,,,,,,,1.21,10:50
,,,,,,,,,,1.48,10:49
,,,,,,,,,,2.89,10:49
,,,,,,,,,,1.15,10:49
,,,,,,,,,,1.44,10:48
,,,,,,,,,,1.59,10:48
,,,,,,,,,,1.23,10:48
,,,,,,,,,,4.59,10:47
,,,,,,,,,,6.07,10:47
,,,,,,,,,,5.45,10:46
,,,,,,,,,,4.53,10:45
,,,,,,,,,,1.11,10:45
,,,,,,,,,,1.71,10:45
,,,,,,,,,,2.49,10:44
,,,,,,,,,,1.76,10:44
,,,,,,,,,,5.00,10:43
,,,,,,,,,,1.20,10:43
,,,,,,,,,,1.46,10:42
,,,,,,,,,,1.08,10:42
,,,,,,,,,,540.46,10:42
,,,,,,,,,,1.34,10:40
,,,,,,,,,,37.85,10:40
,,,,,,,,,,1.22,10:39
,,,,,,,,,,2.96,10:38
,,,,,,,,,,2.24,10:38
,,,,,,,,,,1.10,10:37
,,,,,,,,,,4.50,10:37
,,,,,,,,,,213.05,10:37
,,,,,,,,,,12.74,10:35
,,,,,,,,,,1.07,10:34
,,,,,,,,,,1.05,10:34
,,,,,,,,,,31.96,10:34
,,,,,,,,,,10.05,10:32
,,,,,,,,,,1.04,10:32
,,,,,,,,,,5.84,10:31
,,,,,,,,,,1.38,10:31
,,,,,,,,,,16.55,10:30
,,,,,,,,,,1.45,10:29
,,,,,,,,,,23.22,10:29
,,,,,,,,,,1.06,10:28
,,,,,,,,,,1.34,10:28
,,,,,,,,,,5.33,10:27
,,,,,,,,,,1.67,10:27
,,,,,,,,,,218.01,10:26
,,,,,,,,,,1.74,10:25
,,,,,,,,,,1.02,10:24
,,,,,,,,,,1.90,10:24
,,,,,,,,,,1.00,10:24
,,,,,,,,,,1.35,10:24
,,,,,,,,,,13.56,10:23
,,,,,,,,,,1.81,10:22
,,,,,,,,,,3.26,10:22
,,,,,,,,,,41.95,10:22
,,,,,,,,,,1.75,10:20
,,,,,,,,,,1.31,10:20
,,,,,,,,,,1.00,10:20
,,,,,,,,,,88.29,10:20
,,,,,,,,,,8.02,10:18
,,,,,,,,,,9.26,10:17
,,,,,,,,,,4.46,10:16
,,,,,,,,,,2.01,10:16
,,,,,,,,,,1.15,10:15
,,,,,,,,,,2.79,10:15
,,,,,,,,,,1.35,10:15
,,,,,,,,,,3.77,10:14
,,,,,,,,,,2.89,10:14
,,,,,,,,,,3.56,10:13
,,,,,,,,,,1.35,10:13
,,,,,,,,,,5.20,10:13
,,,,,,,,,,1.13,10:12
,,,,,,,,,,1.56,10:12
,,,,,,,,,,2.30,10:11
,,,,,,,,,,8.45,10:11
,,,,,,,,,,2.44,10:10
,,,,,,,,,,2.72,10:10
,,,,,,,,,,1.09,10:09
,,,,,,,,,,1.54,10:09
,,,,,,,,,,2.99,10:09
,,,,,,,,,,2.90,10:08
,,,,,,,,,,3.53,10:08
,,,,,,,,,,1.34,10:07
,,,,,,,,,,7.32,10:07
,,,,,,,,,,1.12,10:06
,,,,,,,,,,8.71,10:06
,,,,,,,,,,1.05,10:05
,,,,,,,,,,1.42,10:05
,,,,,,,,,,2.49,10:05
,,,,,,,,,,2.60,10:04
,,,,,,,,,,1.39,10:04
,,,,,,,,,,2.64,10:03
,,,,,,,,,,1.44,10:03
,,,,,,,,,,4.02,10:03
,,,,,,,,,,1.04,10:02
,,,,,,,,,,1.59,10:02
,,,,,,,,,,1.03,10:01
,,,,,,,,,,1.78,10:01
,,,,,,,,,,1.40,10:01
,,,,,,,,,,1.36,10:01
,,,,,,,,,,1.11,10:00
,,,,,,,,,,1.39,10:00
,,,,,,,,,,7.98,10:00
,,,,,,,,,,1.32,09:59
,,,,,,,,,,1.71,09:59
,,,,,,,,,,1.14,09:58
,,,,,,,,,,2.38,09:58
,,,,,,,,,,1.35,09:58
,,,,,,,,,,1.31,09:57
,,,,,,,,,,3.85,09:57
,,,,,,,,,,1.64,09:57
,,,,,,,,,,1.21,09:56
,,,,,,,,,,1.00,09:56
,,,,,,,,,,16.51,09:56
,,,,,,,,,,1.99,09:55
,,,,,,,,,,7.36,09:54
,,,,,,,,,,73.34,09:54
,,,,,,,,,,1.38,09:52
,,,,,,,,,,1.00,09:52
,,,,,,,,,,2.26,09:52
,,,,,,,,,,2.87,09:51
,,,,,,,,,,9.48,09:51
,,,,,,,,,,14.71,09:50
,,,,,,,,,,2.00,09:49
,,,,,,,,,,2.99,09:49
,,,,,,,,,,1.09,09:48
,,,,,,,,,,2.27,09:48
,,,,,,,,,,8.94,09:48
,,,,,,,,,,7.96,09:47
,,,,,,,,,,2.13,09:46
,,,,,,,,,,3.73,09:46
,,,,,,,,,,3.77,09:45
,,,,,,,,,,11.50,09:45
,,,,,,,,,,3.68,09:44
,,,,,,,,,,1.82,09:43
,,,,,,,,,,4.12,09:43
,,,,,,,,,,1.38,09:42
,,,,,,,,,,2.60,09:42
,,,,,,,,,,1.56,09:41
,,,,,,,,,,1.42,09:41
,,,,,,,,,,1.37,09:41
,,,,,,,,,,1.03,09:40
,,,,,,,,,,3.75,09:40
,,,,,,,,,,8.54,09:40
,,,,,,,,,,1.36,09:39
,,,,,,,,,,1.15,09:39
,,,,,,,,,,3.06,09:38
,,,,,,,,,,1.42,09:38
,,,,,,,,,,8.65,09:38
,,,,,,,,,,1.06,09:37
,,,,,,,,,,1.25,09:37
,,,,,,,,,,3.89,09:36
,,,,,,,,,,1.62,09:36
,,,,,,,,,,1.35,09:35
,,,,,,,,,,1.09,09:35
,,,,,,,,,,1.45,09:35
,,,,,,,,,,1.64,09:35
,,,,,,,,,,23.14,09:34
,,,,,,,,,,1.66,09:33
,,,,,,,,,,1.03,09:33
,,,,,,,,,,1.37,09:33
,,,,,,,,,,1.13,09:32
,,,,,,,,,,6.83,09:32
,,,,,,,,,,6.38,09:31
,,,,,,,,,,3.44,09:31
,,,,,,,,,,1.00,09:30
,,,,,,,,,,3.01,09:30
,,,,,,,,,,1.84,09:29
,,,,,,,,,,1.82,09:29
,,,,,,,,,,2.97,09:29
,,,,,,,,,,34.82,09:28
,,,,,,,,,,9.89,09:27
,,,,,,,,,,2.85,09:26
,,,,,,,,,,2.38,09:26
,,,,,,,,,,1.62,09:25
,,,,,,,,,,23.09,09:25
,,,,,,,,,,1.94,09:24
,,,,,,,,,,1.09,09:24
,,,,,,,,,,1.23,09:23
,,,,,,,,,,1.64,09:23
,,,,,,,,,,2.44,09:23
,,,,,,,,,,1.78,09:22
,,,,,,,,,,1.25,09:22
,,,,,,,,,,7.52,09:22
,,,,,,,,,,4.67,09:21
,,,,,,,,,,2.75,09:20
,,,,,,,,,,15.14,09:20
,,,,,,,,,,1.30,09:19
,,,,,,,,,,1.49,09:19
,,,,,,,,,,1.44,09:18
,,,,,,,,,,1.38,09:18
,,,,,,,,,,1.25,09:18
,,,,,,,,,,1.13,09:17
,,,,,,,,,,1.45,09:17
,,,,,,,,,,3.83,09:17
,,,,,,,,,,8.46,09:16
,,,,,,,,,,9.83,09:15
,,,,,,,,,,1.59,09:15
,,,,,,,,,,8.71,09:14
,,,,,,,,,,5.88,09:14
,,,,,,,,,,3.06,09:13
,,,,,,,,,,1.34,09:12
,,,,,,,,,,1.77,09:12
,,,,,,,,,,4.99,09:12
,,,,,,,,,,1.16,09:11
,,,,,,,,,,1.17,09:11
,,,,,,,,,,2.22,09:11
,,,,,,,,,,3.69,09:10
,,,,,,,,,,1.42,09:10
,,,,,,,,,,5.96,09:09
,,,,,,,,,,2.79,09:09
,,,,,,,,,,1.12,09:08
,,,,,,,,,,1.60,09:08
,,,,,,,,,,1.98,09:08
,,,,,,,,,,1.04,09:07
,,,,,,,,,,1.64,09:07
,,,,,,,,,,5.03,09:07
,,,,,,,,,,7.95,09:06
,,,,,,,,,,2.49,09:05
,,,,,,,,,,7.47,09:05
,,,,,,,,,,1.31,09:04
,,,,,,,,,,2.17,09:04
,,,,,,,,,,1.24,09:03
,,,,,,,,,,1.43,09:03
,,,,,,,,,,3.22,09:03
,,,,,,,,,,7.28,09:02
,,,,,,,,,,1.13,09:01
,,,,,,,,,,1.80,09:01
,,,,,,,,,,1.05,09:01
,,,,,,,,,,3.23,09:01
,,,,,,,,,,1.27,09:01
,,,,,,,,,,13.92,09:01
,,,,,,,,,,2.55,09:01
,,,,,,,,,,1.73,08:59
,,,,,,,,,,1.00,08:58
,,,,,,,,,,8.20,08:58
,,,,,,,,,,34.47,08:57
,,,,,,,,,,2.58,08:56
,,,,,,,,,,1.09,08:56
,,,,,,,,,,1.34,08:55
,,,,,,,,,,4.53,08:55
,,,,,,,,,,2.13,08:54
,,,,,,,,,,1.71,08:54
,,,,,,,,,,1.66,08:54
,,,,,,,,,,14.82,08:53
,,,,,,,,,,1.74,08:52
,,,,,,,,,,12.28,08:52
,,,,,,,,,,1.12,08:51
,,,,,,,,,,2.36,08:51
,,,,,,,,,,3.26,08:50
,,,,,,,,,,7.41,08:50
,,,,,,,,,,1.46,08:49
,,,,,,,,,,2.24,08:49
,,,,,,,,,,3.03,08:48
,,,,,,,,,,13.53,08:48
,,,,,,,,,,1.01,08:47
,,,,,,,,,,3.01,08:47
,,,,,,,,,,7.50,08:46
,,,,,,,,,,8.52,08:46
,,,,,,,,,,2.20,08:45
,,,,,,,,,,2.52,08:44
,,,,,,,,,,1.41,08:44
,,,,,,,,,,2.96,08:44
,,,,,,,,,,9.47,08:43
,,,,,,,,,,1.21,08:42
,,,,,,,,,,3.57,08:42
,,,,,,,,,,1.81,08:42
,,,,,,,,,,2.44,08:41
,,,,,,,,,,1.41,08:41
,,,,,,,,,,2.06,08:40
,,,,,,,,,,2.30,08:40
,,,,,,,,,,5.52,08:40
,,,,,,,,,,1.21,08:39
,,,,,,,,,,2.72,08:39
,,,,,,,,,,1.19,08:38
,,,,,,,,,,2.03,08:38
,,,,,,,,,,2.43,08:38
,,,,,,,,,,7.71,08:37
,,,,,,,,,,2.45,08:36
,,,,,,,,,,1.99,08:36
,,,,,,,,,,2.30,08:36
,,,,,,,,,,2.91,08:35
,,,,,,,,,,1.89,08:35
,,,,,,,,,,1.98,08:34
,,,,,,,,,,1.26,08:34
,,,,,,,,,,3.50,08:34
,,,,,,,,,,4.53,08:33
,,,,,,,,,,2.22,08:32
,,,,,,,,,,3.51,08:32
,,,,,,,,,,5.58,08:31
,,,,,,,,,,2.60,08:31
,,,,,,,,,,1.30,08:30
,,,,,,,,,,1.42,08:30
,,,,,,,,,,3.82,08:30
,,,,,,,,,,4.91,08:29
,,,,,,,,,,2.05,08:29
,,,,,,,,,,5.00,08:28
,,,,,,,,,,3.27,08:28
,,,,,,,,,,1.34,08:27
,,,,,,,,,,1.38,08:27
,,,,,,,,,,1.41,08:26
,,,,,,,,,,2.47,08:26
,,,,,,,,,,1.70,08:26
,,,,,,,,,,1.99,08:25
,,,,,,,,,,12.85,08:25
,,,,,,,,,,1.50,08:24
,,,,,,,,,,2.14,08:24
,,,,,,,,,,1.48,08:23
,,,,,,,,,,1.35,08:23
,,,,,,,,,,1.12,08:23
,,,,,,,,,,1.09,08:22
,,,,,,,,,,2.24,08:22
,,,,,,,,,,4.03,08:22
,,,,,,,,,,1.68,08:21
,,,,,,,,,,6.62,08:21
,,,,,,,,,,3.37,08:20
,,,,,,,,,,1.03,08:20
,,,,,,,,,,3.33,08:19
,,,,,,,,,,1.06,08:19
,,,,,,,,,,6.60,08:19
,,,,,,,,,,1.17,08:18
,,,,,,,,,,1.03,08:18
,,,,,,,,,,4.28,08:18
,,,,,,,,,,2.64,08:17
,,,,,,,,,,1.51,08:16
,,,,,,,,,,1.09,08:16
,,,,,,,,,,1.43,08:16
,,,,,,,,,,1.05,08:16
,,,,,,,,,,1.64,08:15
,,,,,,,,,,1.81,08:15
,,,,,,,,,,5.31,08:15
,,,,,,,,,,3.71,08:14
,,,,,,,,,,1.16,08:14
,,,,,,,,,,2.20,08:13
,,,,,,,,,,1.29,08:13
,,,,,,,,,,1.74,08:13
,,,,,,,,,,6.19,08:12
,,,,,,,,,,1.10,08:12
,,,,,,,,,,1.44,08:11
,,,,,,,,,,1.03,08:11
,,,,,,,,,,1.66,08:11
,,,,,,,,,,1.48,08:10
,,,,,,,,,,1.19,08:10
,,,,,,,,,,4.15,08:10
,,,,,,,,,,2.58,08:09
,,,,,,,,,,13.87,08:09
,,,,,,,,,,37.03,08:08
,,,,,,,,,,2.16,08:07
,,,,,,,,,,1.47,08:06
,,,,,,,,,,2.14,08:06
,,,,,,,,,,571.32,08:06
,,,,,,,,,,11.26,08:04
,,,,,,,,,,1.33,08:03
,,,,,,,,,,4.09,08:03
,,,,,,,,,,1.90,08:02
,,,,,,,,,,1.11,08:02
,,,,,,,,,,1.10,08:01
,,,,,,,,,,2.02,08:01
,,,,,,,,,,3.51,08:01
,,,,,,,,,,1.78,08:00
,,,,,,,,,,4.76,08:00
,,,,,,,,,,1.00,07:59
,,,,,,,,,,1.33,07:59
,,,,,,,,,,1.54,07:59
,,,,,,,,,,2.03,07:58
,,,,,,,,,,2.00,07:58
,,,,,,,,,,8.11,07:58
,,,,,,,,,,1.68,07:57
,,,,,,,,,,2.61,07:56
,,,,,,,,,,1.40,07:56
,,,,,,,,,,1.02,07:56
,,,,,,,,,,6.23,07:56
,,,,,,,,,,5.47,07:55
,,,,,,,,,,1.62,07:54
,,,,,,,,,,1.14,07:54
,,,,,,,,,,1.24,07:54
,,,,,,,,,,448.76,07:53
,,,,,,,,,,1.45,07:51
,,,,,,,,,,1.35,07:51
,,,,,,,,,,3.25,07:51
,,,,,,,,,,2.66,07:50
,,,,,,,,,,1.14,07:50
,,,,,,,,,,1.77,07:50
,,,,,,,,,,1.49,07:49
,,,,,,,,,,1.14,07:49
,,,,,,,,,,2.14,07:49
,,,,,,,,,,1.75,07:48
,,,,,,,,,,1.33,07:48
,,,,,,,,,,1.85,07:48
,,,,,,,,,,9.16,07:47
,,,,,,,,,,3.21,07:47
,,,,,,,,,,1.97,07:46
,,,,,,,,,,1.24,07:46
,,,,,,,,,,5.20,07:45
,,,,,,,,,,28.76,07:45
,,,,,,,,,,1.23,07:44
,,,,,,,,,,8.38,07:43
,,,,,,,,,,4.09,07:43
,,,,,,,,,,4.35,07:42
,,,,,,,,,,1.23,07:41
,,,,,,,,,,1.46,07:41
,,,,,,,,,,1.14,07:41
,,,,,,,,,,1.75,07:41
,,,,,,,,,,1.82,07:40
,,,,,,,,,,1.36,07:40
,,,,,,,,,,2.52,07:40
,,,,,,,,,,2.94,07:39
,,,,,,,,,,1.55,07:39
,,,,,,,,,,595.36,07:38
,,,,,,,,,,4.81,07:36
,,,,,,,,,,4.30,07:36
,,,,,,,,,,5.25,07:35
,,,,,,,,,,3.20,07:34
,,,,,,,,,,3.25,07:34
,,,,,,,,,,4.49,07:33
,,,,,,,,,,1.71,07:33
,,,,,,,,,,2.39,07:32
,,,,,,,,,,1.74,07:32
,,,,,,,,,,1.27,07:32
,,,,,,,,,,2.02,07:31
,,,,,,,,,,1.05,07:31
,,,,,,,,,,1.00,07:31
,,,,,,,,,,11.69,07:31
,,,,,,,,,,1.88,07:30
,,,,,,,,,,6.28,07:29
,,,,,,,,,,4.47,07:29
,,,,,,,,,,3.77,07:28
,,,,,,,,,,9.89,07:27
,,,,,,,,,,10.94,07:27
,,,,,,,,,,2.90,07:26
,,,,,,,,,,1.97,07:25
,,,,,,,,,,1.91,07:25
,,,,,,,,,,1.14,07:24
,,,,,,,,,,2.37,07:24
,,,,,,,,,,2.01,07:24
,,,,,,,,,,2.39,07:23
,,,,,,,,,,1.51,07:23
,,,,,,,,,,1.07,07:23
,,,,,,,,,,1.17,07:22
,,,,,,,,,,3.48,07:22
,,,,,,,,,,1.84,07:22
,,,,,,,,,,1.42,07:21
,,,,,,,,,,1.57,07:21
,,,,,,,,,,1.04,07:21
,,,,,,,,,,2.09,07:20
,,,,,,,,,,11.17,07:20
,,,,,,,,,,1.07,07:19
,,,,,,,,,,1.31,07:19
,,,,,,,,,,1.49,07:19
,,,,,,,,,,2.82,07:18
,,,,,,,,,,3.19,07:18
,,,,,,,,,,1.08,07:17
,,,,,,,,,,1.67,07:17
,,,,,,,,,,1.41,07:17
,,,,,,,,,,1.52,07:17
,,,,,,,,,,1.55,07:16
,,,,,,,,,,4.05,07:16
,,,,,,,,,,1.00,07:15
,,,,,,,,,,1.05,07:15
,,,,,,,,,,1.51,07:15
,,,,,,,,,,1.55,07:15
,,,,,,,,,,1.04,07:14
,,,,,,,,,,2.70,07:14
,,,,,,,,,,1.07,07:14
,,,,,,,,,,2.48,07:13
,,,,,,,,,,1.66,07:13
,,,,,,,,,,2.33,07:13
,,,,,,,,,,5.71,07:12
,,,,,,,,,,1.82,07:11
,,,,,,,,,,1.00,07:11
,,,,,,,,,,1.98,07:11
,,,,,,,,,,3.49,07:11
,,,,,,,,,,64.65,07:10
,,,,,,,,,,1.30,07:09
,,,,,,,,,,2.37,07:08
,,,,,,,,,,5.81,07:08
,,,,,,,,,,16.14,07:07
,,,,,,,,,,1.53,07:06
,,,,,,,,,,1.88,07:06
,,,,,,,,,,1.13,07:06
,,,,,,,,,,1.17,07:05
,,,,,,,,,,1.21,07:05
,,,,,,,,,,2.26,07:05
,,,,,,,,,,1.41,07:04
,,,,,,,,,,6.93,07:04
,,,,,,,,,,1.56,07:03
,,,,,,,,,,3.85,07:03
,,,,,,,,,,1.63,07:03
,,,,,,,,,,10.06,07:02
,,,,,,,,,,1.79,07:01
,,,,,,,,,,25.09,07:01
,,,,,,,,,,1.12,07:00
,,,,,,,,,,23.40,07:00
,,,,,,,,,,35.51,06:59
,,,,,,,,,,1.23,06:57
,,,,,,,,,,3.48,06:57
,,,,,,,,,,5.03,06:57
,,,,,,,,,,1.26,06:56
,,,,,,,,,,1.16,06:56
,,,,,,,,,,4.52,06:55
,,,,,,,,,,2.56,06:55
,,,,,,,,,,1.04,06:54
,,,,,,,,,,1.16,06:54
,,,,,,,,,,1.92,06:54
,,,,,,,,,,17.97,06:54
,,,,,,,,,,1.29,06:53
,,,,,,,,,,1.54,06:52
,,,,,,,,,,1.07,06:52
,,,,,,,,,,1.24,06:52
,,,,,,,,,,1.02,06:52
,,,,,,,,,,10.07,06:51
,,,,,,,,,,1.43,06:50
,,,,,,,,,,2.64,06:50
,,,,,,,,,,1.04,06:50
,,,,,,,,,,1.84,06:50
,,,,,,,,,,1.39,06:49
,,,,,,,,,,2.10,06:49
,,,,,,,,,,1.43,06:48
,,,,,,,,,,1.21,06:48
,,,,,,,,,,1.14,06:48
,,,,,,,,,,1.72,06:48
,,,,,,,,,,14.73,06:47
,,,,,,,,,,15.61,06:46
,,,,,,,,,,1.89,06:45
,,,,,,,,,,7.15,06:45
,,,,,,,,,,1.71,06:44
,,,,,,,,,,1.22,06:44
,,,,,,,,,,3.19,06:44
,,,,,,,,,,2.54,06:43
,,,,,,,,,,1.18,06:43
,,,,,,,,,,4.33,06:42
,,,,,,,,,,1.40,06:42
,,,,,,,,,,2.34,06:42
,,,,,,,,,,5.37,06:41
,,,,,,,,,,1.00,06:40
,,,,,,,,,,2.11,06:40
,,,,,,,,,,1.02,06:40
,,,,,,,,,,1.90,06:40
,,,,,,,,,,1.36,06:39
,,,,,,,,,,8.16,06:39
,,,,,,,,,,2.07,06:38
,,,,,,,,,,1.26,06:38
,,,,,,,,,,2.06,06:38
,,,,,,,,,,3.46,06:37
,,,,,,,,,,2.18,06:37
,,,,,,,,,,2.97,06:36
,,,,,,,,,,1.80,06:36
,,,,,,,,,,11.63,06:35
,,,,,,,,,,2.24,06:34
,,,,,,,,,,2.76,06:34
,,,,,,,,,,1.92,06:34
,,,,,,,,,,3.38,06:33
,,,,,,,,,,7.52,06:33
,,,,,,,,,,1.34,06:32
,,,,,,,,,,2.83,06:32
,,,,,,,,,,4.52,06:31
,,,,,,,,,,1.64,06:31
,,,,,,,,,,1.32,06:30
,,,,,,,,,,3.62,06:30
,,,,,,,,,,1.10,06:29
,,,,,,,,,,1.55,06:29
,,,,,,,,,,8.95,06:29
,,,,,,,,,,135.01,06:28
,,,,,,,,,,1.14,06:26
,,,,,,,,,,1.19,06:26
,,,,,,,,,,1.79,06:26
,,,,,,,,,,1.05,06:26
,,,,,,,,,,10.61,06:25
,,,,,,,,,,10.29,06:25
,,,,,,,,,,20.56,06:24
,,,,,,,,,,4.09,06:23
,,,,,,,,,,3.76,06:22
,,,,,,,,,,8.35,06:22
,,,,,,,,,,3.24,06:21
,,,,,,,,,,1.18,06:20
,,,,,,,,,,1.14,06:20
,,,,,,,,,,1.31,06:20
,,,,,,,,,,5.73,06:19
,,,,,,,,,,1.08,06:19
,,,,,,,,,,1.46,06:19
,,,,,,,,,,1.37,06:18
,,,,,,,,,,697.10,06:18
,,,,,,,,,,3.02,06:16
,,,,,,,,,,2.41,06:15
,,,,,,,,,,3.28,06:15
,,,,,,,,,,2.53,06:15
,,,,,,,,,,1.08,06:14
,,,,,,,,,,5.01,06:14
,,,,,,,,,,2.13,06:13
,,,,,,,,,,1.45,06:13
,,,,,,,,,,2.25,06:12
,,,,,,,,,,1.06,06:12
,,,,,,,,,,3.58,06:12
,,,,,,,,,,1.06,06:11
,,,,,,,,,,2.52,06:11
,,,,,,,,,,5.90,06:11
,,,,,,,,,,1.08,06:10
,,,,,,,,,,1.31,06:10
,,,,,,,,,,1.78,06:09
,,,,,,,,,,2.04,06:09
,,,,,,,,,,1.98,06:09
,,,,,,,,,,1.46,06:08
,,,,,,,,,,2.69,06:08
,,,,,,,,,,2.19,06:08
,,,,,,,,,,11.59,06:07
,,,,,,,,,,1.49,06:06
,,,,,,,,,,1.89,06:06
,,,,,,,,,,5.87,06:06
,,,,,,,,,,1.47,06:05
,,,,,,,,,,1.85,06:05
,,,,,,,,,,1.72,06:04
,,,,,,,,,,1.71,06:04
,,,,,,,,,,1.19,06:04
,,,,,,,,,,1.30,06:03
,,,,,,,,,,4.74,06:03
,,,,,,,,,,2.27,06:02
,,,,,,,,,,2.88,06:02
,,,,,,,,,,1.26,06:01
,,,,,,,,,,1.38,06:01
,,,,,,,,,,2.84,06:01
,,,,,,,,,,1.57,06:00
,,,,,,,,,,1.04,06:00
,,,,,,,,,,1.08,06:00
,,,,,,,,,,1.25,06:00
,,,,,,,,,,1.25,06:00
,,,,,,,,,,1.88,05:59
,,,,,,,,,,5.28,05:59
,,,,,,,,,,7.26,05:58
,,,,,,,,,,3.14,05:58
,,,,,,,,,,2.83,05:57
,,,,,,,,,,2.26,05:57
,,,,,,,,,,1.60,05:56
,,,,,,,,,,10.22,05:56
,,,,,,,,,,1.67,05:55
,,,,,,,,,,13.00,05:55
,,,,,,,,,,2.79,05:54
,,,,,,,,,,2.37,05:53
,,,,,,,,,,12.23,05:53
,,,,,,,,,,1.44,05:52
,,,,,,,,,,8.95,05:52
,,,,,,,,,,1.70,05:51
,,,,,,,,,,1.69,05:51
,,,,,,,,,,3.16,05:50
,,,,,,,,,,1.22,05:50
,,,,,,,,,,1.47,05:49
,,,,,,,,,,1.50,05:49
,,,,,,,,,,1.50,05:49
,,,,,,,,,,1.46,05:49
,,,,,,,,,,10.50,05:48
,,,,,,,,,,1.94,05:47
,,,,,,,,,,6.94,05:47
,,,,,,,,,,7.98,05:46
,,,,,,,,,,2.42,05:45
,,,,,,,,,,1.09,05:45
,,,,,,,,,,2.00,05:45
,,,,,,,,,,11.84,05:44
,,,,,,,,,,1.18,05:44
,,,,,,,,,,11.93,05:43
,,,,,,,,,,1.35,05:42
,,,,,,,,,,1.00,05:42
,,,,,,,,,,2.02,05:42
,,,,,,,,,,1.25,05:42
,,,,,,,,,,2.26,05:41
,,,,,,,,,,1.68,05:41
,,,,,,,,,,1.47,05:40
,,,,,,,,,,2.47,05:40
,,,,,,,,,,1.82,05:40
,,,,,,,,,,2.41,05:39
,,,,,,,,,,1.64,05:39
,,,,,,,,,,1.01,05:39
,,,,,,,,,,1.49,05:38
,,,,,,,,,,4.09,05:38
,,,,,,,,,,1.18,05:37
,,,,,,,,,,46.42,05:37
,,,,,,,,,,1.36,05:36
,,,,,,,,,,1.44,05:36
,,,,,,,,,,27.67,05:35
,,,,,,,,,,3.51,05:34
,,,,,,,,,,1.48,05:34
,,,,,,,,,,1.63,05:33
,,,,,,,,,,1.25,05:33
,,,,,,,,,,1.45,05:33
,,,,,,,,,,5.20,05:33
,,,,,,,,,,1.69,05:32
,,,,,,,,,,1.82,05:32
,,,,,,,,,,1.55,05:31
,,,,,,,,,,1.90,05:31
,,,,,,,,,,3.38,05:30
,,,,,,,,,,1.09,05:30
,,,,,,,,,,1.14,05:30
,,,,,,,,,,2.97,05:29
,,,,,,,,,,4.03,05:29
,,,,,,,,,,7.05,05:28
,,,,,,,,,,16.12,05:28
,,,,,,,,,,1.19,05:27
,,,,,,,,,,1.35,05:26
,,,,,,,,,,6.32,05:26
,,,,,,,,,,1.43,05:25
,,,,,,,,,,1.23,05:25
,,,,,,,,,,10.90,05:25
,,,,,,,,,,1.13,05:24
,,,,,,,,,,2.38,05:24
,,,,,,,,,,2.60,05:23
,,,,,,,,,,2.03,05:23
,,,,,,,,,,3.09,05:23
,,,,,,,,,,24.84,05:22
,,,,,,,,,,13.80,05:21
,,,,,,,,,,1.39,05:20
,,,,,,,,,,13.50,05:20
,,,,,,,,,,14.25,05:19
,,,,,,,,,,4.58,05:18
,,,,,,,,,,1.80,05:17
,,,,,,,,,,232.67,05:17
,,,,,,,,,,1.69,05:15
,,,,,,,,,,1.93,05:15
,,,,,,,,,,1.70,05:14
,,,,,,,,,,72.68,05:14
,,,,,,,,,,2.20,05:13
,,,,,,,,,,1.06,05:12
,,,,,,,,,,3.15,05:12
,,,,,,,,,,1.31,05:12
,,,,,,,,,,1.74,05:11
,,,,,,,,,,1.26,05:11
,,,,,,,,,,2.67,05:11
,,,,,,,,,,2.27,05:10
,,,,,,,,,,1.30,05:10
,,,,,,,,,,2.32,05:10
,,,,,,,,,,1.04,05:09
,,,,,,,,,,3.82,05:09
,,,,,,,,,,1.75,05:08
,,,,,,,,,,2.13,05:08
,,,,,,,,,,16.04,05:08
,,,,,,,,,,1.25,05:07
,,,,,,,,,,6.06,05:06
,,,,,,,,,,2.27,05:06
,,,,,,,,,,8.99,05:05
,,,,,,,,,,1.08,05:04
,,,,,,,,,,1.83,05:04
,,,,,,,,,,2.00,05:04
,,,,,,,,,,2.54,05:03
,,,,,,,,,,1.05,05:03
,,,,,,,,,,1.21,05:03
,,,,,,,,,,2.77,05:03
,,,,,,,,,,3.23,05:02
,,,,,,,,,,1.74,05:02
,,,,,,,,,,1.07,05:01
,,,,,,,,,,1.00,05:01
,,,,,,,,,,1.05,05:01
,,,,,,,,,,1.02,05:01
,,,,,,,,,,1.12,05:00
,,,,,,,,,,13.60,05:00
,,,,,,,,,,2.81,04:59
,,,,,,,,,,5.24,04:59
,,,,,,,,,,1.63,04:59
,,,,,,,,,,1.23,04:59
,,,,,,,,,,1.60,04:59
,,,,,,,,,,5.02,04:59
,,,,,,,,,,2.01,04:58
,,,,,,,,,,2.53,04:58
,,,,,,,,,,15.02,04:58
,,,,,,,,,,3.61,04:58
,,,,,,,,,,6.80,04:58
,,,,,,,,,,4.25,04:53
,,,,,,,,,,1.14,04:53
,,,,,,,,,,1.22,04:53
,,,,,,,,,,3.53,04:52
,,,,,,,,,,3.41,04:52
,,,,,,,,,,1.47,04:51
,,,,,,,,,,5.67,04:51
,,,,,,,,,,1.00,04:50
,,,,,,,,,,6.35,04:50
,,,,,,,,,,1.36,04:49
,,,,,,,,,,3.72,04:49
,,,,,,,,,,1.30,04:49
,,,,,,,,,,1.70,04:48
,,,,,,,,,,5.97,04:48
,,,,,,,,,,19.29,04:47
,,,,,,,,,,1.12,04:46
,,,,,,,,,,2.52,04:46
,,,,,,,,,,15.74,04:46
,,,,,,,,,,6.27,04:45
,,,,,,,,,,1.53,04:44
,,,,,,,,,,12.48,04:44
,,,,,,,,,,1.80,04:43
,,,,,,,,,,3.76,04:42
,,,,,,,,,,2.62,04:42
,,,,,,,,,,1.00,04:41
,,,,,,,,,,2.51,04:41
,,,,,,,,,,2.76,04:41
,,,,,,,,,,1.02,04:40
,,,,,,,,,,1.06,04:40
,,,,,,,,,,3.36,04:40
,,,,,,,,,,3.19,04:39
,,,,,,,,,,1.03,04:39
,,,,,,,,,,1.30,04:38
,,,,,,,,,,5.24,04:38
,,,,,,,,,,127.70,04:38
,,,,,,,,,,13.53,04:36
,,,,,,,,,,1.99,04:35
,,,,,,,,,,8.28,04:35
,,,,,,,,,,1.18,04:34
,,,,,,,,,,4.94,04:34
,,,,,,,,,,2.32,04:33
,,,,,,,,,,7.94,04:33
,,,,,,,,,,2.42,04:32
,,,,,,,,,,1.41,04:31
,,,,,,,,,,1.27,04:31
,,,,,,,,,,4.97,04:31
,,,,,,,,,,2.36,04:30
,,,,,,,,,,2.76,04:30
,,,,,,,,,,3.32,04:29
,,,,,,,,,,1.26,04:29
,,,,,,,,,,1.25,04:28
,,,,,,,,,,1.00,04:28
,,,,,,,,,,1.15,04:28
,,,,,,,,,,1.27,04:28
,,,,,,,,,,4.90,04:28
,,,,,,,,,,3.04,04:27
,,,,,,,,,,16.58,04:26
,,,,,,,,,,5.09,04:25
,,,,,,,,,,1.31,04:25
,,,,,,,,,,1.48,04:24
,,,,,,,,,,4.59,04:24
,,,,,,,,,,2.37,04:24
,,,,,,,,,,1.80,04:23
,,,,,,,,,,2.48,04:23
,,,,,,,,,,1.85,04:22
,,,,,,,,,,18.23,04:22
,,,,,,,,,,45.06,04:21
,,,,,,,,,,1.80,04:20
,,,,,,,,,,1.14,04:19
,,,,,,,,,,8.19,04:19
,,,,,,,,,,1.32,04:18
,,,,,,,,,,1.22,04:18
,,,,,,,,,,2.08,04:18
,,,,,,,,,,2.19,04:17
,,,,,,,,,,3.16,04:17
,,,,,,,,,,10.25,04:16
,,,,,,,,,,26.24,04:16
,,,,,,,,,,9.69,04:15
,,,,,,,,,,2.69,04:14
,,,,,,,,,,9.23,04:13
,,,,,,,,,,8.65,04:12
,,,,,,,,,,3.35,04:12
,,,,,,,,,,6.57,04:11
,,,,,,,,,,37.84,04:10
,,,,,,,,,,1.21,04:09
,,,,,,,,,,1.31,04:09
,,,,,,,,,,2.13,04:09
,,,,,,,,,,2.91,04:08
,,,,,,,,,,2.06,04:08
,,,,,,,,,,3.72,04:07
,,,,,,,,,,3.02,04:07
,,,,,,,,,,2.86,04:06
,,,,,,,,,,7.52,04:06
,,,,,,,,,,1.24,04:05
,,,,,,,,,,1.75,04:05
,,,,,,,,,,2.77,04:04
,,,,,,,,,,1.29,04:04
,,,,,,,,,,7.18,04:04
,,,,,,,,,,1.36,04:03
,,,,,,,,,,2.71,04:03
,,,,,,,,,,1.60,04:02
,,,,,,,,,,1.50,04:02
,,,,,,,,,,1.40,04:02
,,,,,,,,,,2.26,04:01
,,,,,,,,,,3.54,04:01
,,,,,,,,,,11.89,04:00
,,,,,,,,,,1.31,03:59
,,,,,,,,,,4.07,03:59
,,,,,,,,,,1.40,03:59
,,,,,,,,,,13.26,03:58
,,,,,,,,,,1.67,03:57
,,,,,,,,,,2.40,03:57
,,,,,,,,,,1.08,03:57
,,,,,,,,,,1.11,03:56
,,,,,,,,,,1.94,03:56
,,,,,,,,,,1.17,03:56
,,,,,,,,,,3.52,03:55
,,,,,,,,,,162.68,03:55
,,,,,,,,,,1.20,03:53
,,,,,,,,,,1.04,03:53
,,,,,,,,,,1.05,03:53
,,,,,,,,,,6.75,03:53
,,,,,,,,,,1.21,03:52
,,,,,,,,,,1.49,03:52
,,,,,,,,,,1.21,03:51
,,,,,,,,,,4.47,03:51
,,,,,,,,,,1.59,03:50
,,,,,,,,,,8.46,03:50
,,,,,,,,,,1.21,03:49
,,,,,,,,,,1.09,03:49
,,,,,,,,,,1.08,03:49
,,,,,,,,,,1.24,03:49
,,,,,,,,,,1.51,03:48
,,,,,,,,,,5.31,03:48
,,,,,,,,,,1.59,03:47
,,,,,,,,,,2.49,03:47
,,,,,,,,,,1.01,03:47
,,,,,,,,,,8.14,03:46
,,,,,,,,,,156.99,03:45
,,,,,,,,,,1.36,03:44
,,,,,,,,,,1.58,03:43
,,,,,,,,,,1.97,03:43
,,,,,,,,,,1.08,03:43
,,,,,,,,,,43.67,03:42
,,,,,,,,,,1.04,03:41
,,,,,,,,,,283.54,03:41
,,,,,,,,,,3.95,03:39
,,,,,,,,,,1.85,03:39
,,,,,,,,,,7.62,03:38
,,,,,,,,,,2.28,03:37
,,,,,,,,,,2.19,03:37
,,,,,,,,,,1.09,03:37
,,,,,,,,,,4.36,03:36
,,,,,,,,,,2.27,03:36
,,,,,,,,,,2.38,03:35
,,,,,,,,,,15.21,03:35
,,,,,,,,,,4.13,03:34
,,,,,,,,,,3.18,03:33
,,,,,,,,,,1.79,03:33
,,,,,,,,,,1.16,03:33
,,,,,,,,,,1.06,03:32
,,,,,,,,,,1.74,03:32
,,,,,,,,,,1.93,03:32
,,,,,,,,,,3.65,03:31
,,,,,,,,,,19.38,03:31
,,,,,,,,,,2.82,03:30
,,,,,,,,,,1.26,03:29
,,,,,,,,,,2.52,03:29
,,,,,,,,,,2.16,03:29
,,,,,,,,,,1.04,03:28
,,,,,,,,,,1.64,03:28
,,,,,,,,,,1.68,03:28
,,,,,,,,,,1.94,03:27
,,,,,,,,,,4.03,03:27
,,,,,,,,,,1.41,03:26
,,,,,,,,,,1.56,03:26
,,,,,,,,,,5.84,03:26
,,,,,,,,,,1.81,03:25
,,,,,,,,,,9.34,03:25
,,,,,,,,,,3.31,03:24
,,,,,,,,,,1.21,03:23
,,,,,,,,,,1.31,03:23
,,,,,,,,,,3.53,03:23
,,,,,,,,,,6.08,03:22
,,,,,,,,,,1.04,03:22
,,,,,,,,,,1.05,03:21
,,,,,,,,,,3.29,03:21
,,,,,,,,,,44.04,03:21
,,,,,,,,,,4.47,03:19
,,,,,,,,,,8.17,03:19
,,,,,,,,,,2.74,03:18
,,,,,,,,,,1.01,03:18
,,,,,,,,,,2.11,03:17
,,,,,,,,,,5.17,03:17
,,,,,,,,,,1.80,03:16
,,,,,,,,,,1.69,03:16
,,,,,,,,,,1.27,03:16
,,,,,,,,,,2.44,03:15
,,,,,,,,,,1.09,03:15
,,,,,,,,,,1.52,03:15
,,,,,,,,,,1.16,03:14
,,,,,,,,,,1.05,03:14
,,,,,,,,,,1.03,03:14
,,,,,,,,,,1.17,03:14
,,,,,,,,,,5.49,03:13
,,,,,,,,,,2.05,03:13
,,,,,,,,,,2.47,03:12
,,,,,,,,,,2.81,03:12
,,,,,,,,,,2.07,03:11
,,,,,,,,,,3.91,03:11
,,,,,,,,,,4.29,03:10
,,,,,,,,,,1.56,03:10
,,,,,,,,,,62.54,03:10
,,,,,,,,,,1.09,03:08
,,,,,,,,,,1.04,03:08
,,,,,,,,,,1.72,03:08
,,,,,,,,,,1.37,03:07
,,,,,,,,,,7.88,03:07
,,,,,,,,,,1.28,03:06
,,,,,,,,,,1.51,03:06
,,,,,,,,,,1.41,03:06
,,,,,,,,,,4.74,03:05
,,,,,,,,,,1.09,03:05
,,,,,,,,,,12.12,03:05
,,,,,,,,,,5.38,03:04
,,,,,,,,,,2.22,03:03
,,,,,,,,,,1.05,03:03
,,,,,,,,,,1.00,03:02
,,,,,,,,,,1.00,03:02
,,,,,,,,,,1.17,03:02
,,,,,,,,,,1.25,03:02
,,,,,,,,,,228.43,03:02
,,,,,,,,,,1.43,03:00
,,,,,,,,,,8.07,03:00
,,,,,,,,,,1.06,02:59
,,,,,,,,,,15.40,02:59
,,,,,,,,,,5.76,02:58
,,,,,,,,,,2.08,02:57
,,,,,,,,,,99.54,02:57
,,,,,,,,,,2.63,02:55
,,,,,,,,,,26.17,02:55
,,,,,,,,,,1.54,02:54
,,,,,,,,,,7.10,02:53
,,,,,,,,,,2.89,02:52
,,,,,,,,,,1.83,02:52
,,,,,,,,,,1.86,02:52
,,,,,,,,,,18.42,02:51
,,,,,,,,,,2.89,02:50
,,,,,,,,,,25.56,02:50
,,,,,,,,,,1.03,02:49
,,,,,,,,,,1.38,02:48
,,,,,,,,,,1.27,02:48
,,,,,,,,,,1.05,02:48
,,,,,,,,,,21.85,02:48
,,,,,,,,,,1.03,02:47
,,,,,,,,,,14.24,02:46
,,,,,,,,,,1.03,02:46
,,,,,,,,,,1.00,02:45
,,,,,,,,,,1.42,02:45
,,,,,,,,,,1.52,02:45
,,,,,,,,,,1.12,02:44
,,,,,,,,,,1.16,02:44
,,,,,,,,,,22.89,02:44
,,,,,,,,,,1.40,02:43
,,,,,,,,,,1.50,02:43
,,,,,,,,,,1.32,02:42
,,,,,,,,,,1.24,02:42
,,,,,,,,,,1.10,02:42
,,,,,,,,,,1.34,02:42
,,,,,,,,,,1.09,02:41
,,,,,,,,,,1.82,02:41
,,,,,,,,,,187.58,02:41
,,,,,,,,,,1.86,02:39
,,,,,,,,,,1.15,02:39
,,,,,,,,,,17.79,02:38
,,,,,,,,,,2.30,02:37
,,,,,,,,,,2.01,02:37
,,,,,,,,,,1.67,02:37
,,,,,,,,,,2.83,02:36
,,,,,,,,,,3.00,02:36
,,,,,,,,,,2.64,02:35
,,,,,,,,,,2.54,02:35
,,,,,,,,,,7.18,02:34
,,,,,,,,,,4.17,02:34
,,,,,,,,,,1.26,02:33
,,,,,,,,,,1.29,02:33
,,,,,,,,,,1.14,02:33
,,,,,,,,,,10.73,02:32
,,,,,,,,,,1.98,02:32
,,,,,,,,,,1.60,02:31
,,,,,,,,,,4.44,02:31
,,,,,,,,,,1.00,02:30
,,,,,,,,,,2.69,02:30
,,,,,,,,,,72.07,02:29
,,,,,,,,,,1.82,02:29
,,,,,,,,,,1.85,02:28
,,,,,,,,,,1.15,02:27
,,,,,,,,,,1.22,02:27
,,,,,,,,,,1.12,02:27
,,,,,,,,,,1.37,02:27
,,,,,,,,,,5.02,02:26
,,,,,,,,,,24.66,02:26
,,,,,,,,,,1.31,02:25
,,,,,,,,,,2.97,02:24
,,,,,,,,,,1.00,02:24
,,,,,,,,,,1.23,02:24
,,,,,,,,,,1.68,02:23
,,,,,,,,,,2.62,02:23
,,,,,,,,,,1.47,02:23
,,,,,,,,,,74.99,02:22
,,,,,,,,,,1.32,02:21
,,,,,,,,,,1.22,02:21
,,,,,,,,,,1.05,02:20
,,,,,,,,,,1.73,02:20
,,,,,,,,,,1.03,02:20
,,,,,,,,,,1.42,02:20
,,,,,,,,,,1.05,02:19
,,,,,,,,,,1.04,02:19
,,,,,,,,,,6.10,02:19
,,,,,,,,,,1.62,02:18
,,,,,,,,,,20.19,02:18
,,,,,,,,,,3.22,02:17
,,,,,,,,,,1.66,02:16
,,,,,,,,,,1.09,02:16
,,,,,,,,,,2.88,02:16
,,,,,,,,,,3.06,02:16
,,,,,,,,,,2.48,02:16
,,,,,,,,,,2.61,02:16
,,,,,,,,,,2.70,02:16
,,,,,,,,,,5.84,02:16
,,,,,,,,,,1.07,02:16
,,,,,,,,,,1.33,02:16
,,,,,,,,,,4.20,02:16
,,,,,,,,,,1.08,02:16
,,,,,,,,,,1.75,02:11
,,,,,,,,,,4.13,02:11
,,,,,,,,,,1.21,02:11
,,,,,,,,,,3.23,02:10
,,,,,,,,,,130.64,02:10
,,,,,,,,,,1.31,02:08
,,,,,,,,,,1.49,02:08
,,,,,,,,,,1.58,02:08
,,,,,,,,,,1.03,02:07
,,,,,,,,,,1.32,02:07
,,,,,,,,,,1.38,02:07
,,,,,,,,,,1.30,02:07
,,,,,,,,,,4.67,02:06
,,,,,,,,,,1.06,02:06
,,,,,,,,,,1.05,02:05
,,,,,,,,,,34.34,02:05
,,,,,,,,,,6.41,02:04
,,,,,,,,,,1.31,02:03
,,,,,,,,,,1.65,02:03
,,,,,,,,,,1.20,02:03
,,,,,,,,,,1.14,02:02
,,,,,,,,,,2.27,02:02
,,,,,,,,,,1.65,02:02
,,,,,,,,,,1.78,02:01
,,,,,,,,,,1.24,02:01
,,,,,,,,,,2.44,02:01
,,,,,,,,,,1.03,02:00
,,,,,,,,,,1.30,02:00
,,,,,,,,,,1.52,02:00
,,,,,,,,,,7.47,02:00
,,,,,,,,,,1.26,01:59
,,,,,,,,,,3.89,01:59
,,,,,,,,,,2.15,01:58
,,,,,,,,,,4.33,01:58
,,,,,,,,,,1.24,01:57
,,,,,,,,,,2.58,01:57
,,,,,,,,,,1.00,01:56
,,,,,,,,,,1.11,01:56
,,,,,,,,,,1.98,01:56
,,,,,,,,,,1.08,01:56
,,,,,,,,,,4.33,01:55
,,,,,,,,,,1.00,01:55
,,,,,,,,,,1.20,01:54
,,,,,,,,,,2.01,01:54
,,,,,,,,,,29.67,01:54
,,,,,,,,,,19.83,01:53
,,,,,,,,,,2.54,01:52
,,,,,,,,,,5.90,01:51
,,,,,,,,,,482.35,01:51
,,,,,,,,,,1.09,01:49
,,,,,,,,,,4.07,01:48
,,,,,,,,,,19.94,01:48
,,,,,,,,,,1.10,01:47
,,,,,,,,,,2.91,01:47
,,,,,,,,,,2.94,01:46
,,,,,,,,,,1.59,01:46
,,,,,,,,,,8.00,01:45
,,,,,,,,,,8.77,01:44
,,,,,,,,,,1.80,01:44
,,,,,,,,,,1.00,01:43
,,,,,,,,,,6.76,01:43
,,,,,,,,,,10.00,01:42
,,,,,,,,,,1.04,01:42
,,,,,,,,,,1.66,01:41
,,,,,,,,,,5.83,01:41
,,,,,,,,,,7.76,01:40
,,,,,,,,,,1.38,01:40
,,,,,,,,,,1.09,01:39
,,,,,,,,,,56.55,01:39
,,,,,,,,,,1.34,01:38
,,,,,,,,,,4.08,01:37
,,,,,,,,,,1.36,01:37
,,,,,,,,,,3.23,01:37
,,,,,,,,,,1.87,01:36
,,,,,,,,,,3.52,01:36
,,,,,,,,,,9.50,01:35
,,,,,,,,,,1.45,01:34
,,,,,,,,,,1.33,01:34
,,,,,,,,,,1.05,01:34
,,,,,,,,,,2.12,01:34
,,,,,,,,,,1.27,01:33
,,,,,,,,,,1.56,01:33
,,,,,,,,,,2.01,01:33
,,,,,,,,,,2.42,01:32
,,,,,,,,,,2.55,01:32
,,,,,,,,,,11.19,01:31
,,,,,,,,,,1.09,01:30
,,,,,,,,,,1.00,01:30
,,,,,,,,,,1.48,01:30
,,,,,,,,,,6.62,01:30
,,,,,,,,,,1.84,01:29
,,,,,,,,,,1.21,01:29
,,,,,,,,,,2.87,01:28
,,,,,,,,,,5.96,01:28
,,,,,,,,,,3.02,01:27
,,,,,,,,,,1.17,01:27
,,,,,,,,,,2.54,01:26
,,,,,,,,,,1.40,01:26
,,,,,,,,,,1.44,01:26
,,,,,,,,,,5.24,01:25
,,,,,,,,,,2.05,01:25
,,,,,,,,,,1.15,01:24
,,,,,,,,,,2.14,01:24
,,,,,,,,,,1.43,01:24
,,,,,,,,,,1.49,01:23
,,,,,,,,,,3.00,01:23
,,,,,,,,,,2.91,01:23
,,,,,,,,,,1.27,01:22
,,,,,,,,,,1.02,01:22
,,,,,,,,,,1.12,01:22
,,,,,,,,,,1.64,01:21
,,,,,,,,,,4.99,01:21
,,,,,,,,,,1.15,01:20
,,,,,,,,,,1.06,01:20
,,,,,,,,,,2.29,01:20
,,,,,,,,,,12.23,01:20
,,,,,,,,,,1.33,01:19
,,,,,,,,,,3.61,01:18
,,,,,,,,,,1.70,01:18
,,,,,,,,,,14.70,01:17
,,,,,,,,,,1.66,01:17
,,,,,,,,,,41.72,01:16
,,,,,,,,,,1.50,01:15
,,,,,,,,,,6.74,01:15
,,,,,,,,,,2.09,01:14
,,,,,,,,,,1.29,01:14
,,,,,,,,,,875.98,01:13
,,,,,,,,,,6.14,01:11
,,,,,,,,,,1.22,01:11
,,,,,,,,,,2.63,01:10
,,,,,,,,,,1.66,01:10
,,,,,,,,,,1.84,01:09
,,,,,,,,,,2.22,01:09
,,,,,,,,,,2.26,01:09
,,,,,,,,,,9.35,01:08
,,,,,,,,,,24.04,01:07
,,,,,,,,,,63.17,01:06
,,,,,,,,,,8.07,01:05
,,,,,,,,,,5.10,01:04
,,,,,,,,,,13.80,01:04
,,,,,,,,,,1.06,01:03
,,,,,,,,,,1.31,01:02
,,,,,,,,,,3.88,01:02
,,,,,,,,,,17.22,01:02
,,,,,,,,,,1.45,01:01
,,,,,,,,,,1.94,01:00
,,,,,,,,,,11.95,01:00
,,,,,,,,,,12.39,00:59
,,,,,,,,,,1.27,00:58
,,,,,,,,,,2.55,00:58
,,,,,,,,,,18.30,00:57
,,,,,,,,,,3.03,00:56
,,,,,,,,,,2.49,00:56
,,,,,,,,,,7.85,00:55
,,,,,,,,,,4.18,00:55
,,,,,,,,,,2.53,00:54
,,,,,,,,,,2.46,00:54
,,,,,,,,,,3.28,00:53
,,,,,,,,,,1.65,00:53
,,,,,,,,,,1.05,00:52
,,,,,,,,,,1.53,00:52
,,,,,,,,,,1.57,00:52
,,,,,,,,,,1.00,00:52
,,,,,,,,,,1.09,00:51
,,,,,,,,,,1.73,00:51
,,,,,,,,,,1.02,00:51
,,,,,,,,,,5.53,00:51
,,,,,,,,,,1.57,00:50
,,,,,,,,,,2.72,00:50
,,,,,,,,,,1.15,00:49
,,,,,,,,,,1.36,00:49
,,,,,,,,,,4.29,00:49
,,,,,,,,,,1.75,00:48
,,,,,,,,,,1.14,00:48
,,,,,,,,,,5.15,00:47
,,,,,,,,,,5.94,00:47
,,,,,,,,,,3.25,00:46
,,,,,,,,,,1.37,00:46
,,,,,,,,,,3.69,00:45
,,,,,,,,,,22.61,00:45
,,,,,,,,,,3.55,00:44
,,,,,,,,,,2.54,00:43
,,,,,,,,,,1.31,00:43
,,,,,,,,,,7.90,00:42
,,,,,,,,,,1.01,00:42
,,,,,,,,,,3.21,00:41
,,,,,,,,,,3.32,00:41
,,,,,,,,,,5.39,00:40
,,,,,,,,,,3.90,00:40
,,,,,,,,,,1.69,00:39
,,,,,,,,,,6.18,00:39
,,,,,,,,,,41.43,00:38
,,,,,,,,,,3.26,00:37
,,,,,,,,,,4.00,00:36
,,,,,,,,,,8.22,00:36
,,,,,,,,,,3.18,00:35
,,,,,,,,,,1.52,00:34
,,,,,,,,,,1.58,00:34
,,,,,,,,,,1.38,00:34
,,,,,,,,,,1.97,00:33
,,,,,,,,,,13.75,00:33
,,,,,,,,,,3.81,00:32
,,,,,,,,,,1.79,00:32
,,,,,,,,,,3.53,00:31
,,,,,,,,,,1.55,00:31
,,,,,,,,,,1.89,00:30
,,,,,,,,,,1.93,00:30
,,,,,,,,,,1.09,00:30
,,,,,,,,,,1.00,00:29
,,,,,,,,,,5.66,00:29
,,,,,,,,,,1.27,00:29
,,,,,,,,,,1.17,00:28
,,,,,,,,,,2.99,00:28
,,,,,,,,,,2.03,00:28
,,,,,,,,,,2.92,00:27
,,,,,,,,,,4.30,00:27
,,,,,,,,,,1.41,00:26
,,,,,,,,,,4.29,00:26
,,,,,,,,,,1.46,00:25
,,,,,,,,,,1.52,00:25
,,,,,,,,,,7.45,00:25
,,,,,,,,,,1.47,00:24
,,,,,,,,,,1.22,00:23
,,,,,,,,,,1.11,00:23
,,,,,,,,,,1.58,00:23
,,,,,,,,,,1.33,00:23
,,,,,,,,,,1.64,00:22
,,,,,,,,,,3.54,00:22
,,,,,,,,,,4.75,00:22
,,,,,,,,,,47.08,00:21
,,,,,,,,,,19.63,00:20
,,,,,,,,,,3.24,00:19
,,,,,,,,,,3.02,00:18
,,,,,,,,,,3.61,00:18
,,,,,,,,,,1.23,00:17
,,,,,,,,,,12.20,00:17
,,,,,,,,,,1.32,00:16
,,,,,,,,,,1.23,00:16
,,,,,,,,,,48.55,00:15
,,,,,,,,,,1.00,00:14
,,,,,,,,,,1.51,00:14
,,,,,,,,,,2.48,00:14
,,,,,,,,,,1.00,00:13
,,,,,,,,,,9.20,00:13
,,,,,,,,,,4.25,00:12
,,,,,,,,,,3.20,00:12
,,,,,,,,,,1.60,00:11
,,,,,,,,,,1.30,00:11
,,,,,,,,,,3.28,00:10
,,,,,,,,,,1.29,00:10
,,,,,,,,,,1.27,00:10
,,,,,,,,,,2.95,00:09
,,,,,,,,,,3.77,00:09
,,,,,,,,,,1.44,00:08
,,,,,,,,,,5.59,00:08
,,,,,,,,,,1.70,00:07
,,,,,,,,,,1.25,00:07
,,,,,,,,,,4.64,00:07
,,,,,,,,,,16.70,00:06
,,,,,,,,,,2.93,00:05
,,,,,,,,,,3.64,00:05
,,,,,,,,,,4.02,00:04
,,,,,,,,,,1.78,00:03
,,,,,,,,,,4.48,00:03
,,,,,,,,,,2.82,00:03
,,,,,,,,,,1.45,00:02
,,,,,,,,,,9.56,00:02
,,,,,,,,,,27.67,00:01
,,,,,,,,,,3.39,00:00
,,,,,,,,,,1.53,23:59
,,,,,,,,,,15.85,23:59
,,,,,,,,,,3.10,23:58
,,,,,,,,,,1.15,23:57
,,,,,,,,,,1.01,23:57
,,,,,,,,,,1.47,23:57
,,,,,,,,,,1.85,23:57
,,,,,,,,,,1.41,23:56
,,,,,,,,,,3.20,23:56
,,,,,,,,,,1.24,23:56
,,,,,,,,,,1.79,23:55
,,,,,,,,,,2.04,23:55
,,,,,,,,,,3.58,23:55
,,,,,,,,,,2.93,23:54
,,,,,,,,,,1.09,23:54
,,,,,,,,,,1.83,23:53
,,,,,,,,,,2.35,23:53
,,,,,,,,,,5.40,23:52
,,,,,,,,,,18.87,23:52
,,,,,,,,,,1.77,23:51
,,,,,,,,,,1.14,23:50
,,,,,,,,,,1.02,23:50
,,,,,,,,,,1.48,23:50
,,,,,,,,,,1.69,23:50
,,,,,,,,,,1.18,23:49
,,,,,,,,,,1.11,23:49
,,,,,,,,,,1.40,23:49
,,,,,,,,,,9.53,23:49
,,,,,,,,,,3.21,23:48
,,,,,,,,,,1.02,23:47
,,,,,,,,,,5.56,23:47
,,,,,,,,,,1.63,23:46
,,,,,,,,,,1.83,23:46
,,,,,,,,,,1.11,23:46
,,,,,,,,,,3.36,23:45
,,,,,,,,,,18.41,23:45
,,,,,,,,,,2.31,23:44
,,,,,,,,,,12.67,23:44
,,,,,,,,,,3.07,23:43
,,,,,,,,,,1.00,23:42
,,,,,,,,,,1.53,23:42
,,,,,,,,,,2.79,23:42
,,,,,,,,,,1.38,23:41
,,,,,,,,,,5.65,23:41
,,,,,,,,,,1.04,23:40
,,,,,,,,,,1.28,23:40
,,,,,,,,,,8.42,23:40
,,,,,,,,,,3.34,23:39
,,,,,,,,,,1.15,23:38
,,,,,,,,,,6.95,23:38
,,,,,,,,,,1.20,23:37
,,,,,,,,,,1.00,23:37
,,,,,,,,,,1.14,23:37
,,,,,,,,,,1.47,23:37
,,,,,,,,,,2.62,23:36
,,,,,,,,,,1.00,23:36
,,,,,,,,,,1.52,23:36
,,,,,,,,,,1.00,23:35
,,,,,,,,,,112.65,23:35
,,,,,,,,,,1.06,23:34
,,,,,,,,,,3.02,23:34
,,,,,,,,,,1.08,23:33
,,,,,,,,,,1.38,23:33
,,,,,,,,,,4.76,23:33
,,,,,,,,,,1.80,23:32
,,,,,,,,,,1.49,23:32
,,,,,,,,,,1.04,23:31
,,,,,,,,,,1.44,23:31
,,,,,,,,,,5.36,23:31
,,,,,,,,,,1.92,23:30
,,,,,,,,,,1.72,23:30
,,,,,,,,,,2.45,23:29
,,,,,,,,,,1.15,23:29
,,,,,,,,,,4.00,23:29
,,,,,,,,,,9.39,23:28
,,,,,,,,,,1.97,23:27
,,,,,,,,,,2.12,23:27
,,,,,,,,,,1.20,23:26
,,,,,,,,,,1.19,23:26
,,,,,,,,,,4.62,23:26
,,,,,,,,,,1.62,23:25
,,,,,,,,,,1.25,23:25
,,,,,,,,,,7.57,23:25
,,,,,,,,,,1.42,23:24
,,,,,,,,,,2.62,23:24
,,,,,,,,,,2.74,23:23
,,,,,,,,,,2.14,23:23
,,,,,,,,,,1.00,23:22
,,,,,,,,,,1.20,23:22
,,,,,,,,,,2.37,23:22
,,,,,,,,,,3.44,23:21
,,,,,,,,,,1.25,23:21
,,,,,,,,,,1.03,23:21
,,,,,,,,,,6.43,23:20
,,,,,,,,,,3.88,23:20
,,,,,,,,,,7.31,23:19
,,,,,,,,,,2.43,23:18
,,,,,,,,,,1.16,23:18
,,,,,,,,,,1.25,23:18
,,,,,,,,,,2.31,23:17
,,,,,,,,,,3.21,23:17
,,,,,,,,,,6.85,23:17
,,,,,,,,,,1.28,23:16
,,,,,,,,,,3.13,23:16
,,,,,,,,,,3.57,23:15
,,,,,,,,,,15.11,23:14
,,,,,,,,,,2.70,23:14
,,,,,,,,,,7.97,23:13
,,,,,,,,,,5.38,23:12
,,,,,,,,,,2.71,23:12
,,,,,,,,,,3.02,23:11
,,,,,,,,,,2.59,23:11
,,,,,,,,,,1.44,23:10
,,,,,,,,,,8.50,23:10
,,,,,,,,,,1.00,23:09
,,,,,,,,,,1.43,23:09
,,,,,,,,,,1.16,23:09
,,,,,,,,,,2.19,23:08
,,,,,,,,,,1.97,23:08
,,,,,,,,,,1.17,23:08
,,,,,,,,,,1.97,23:07
,,,,,,,,,,2.44,23:07
,,,,,,,,,,3.04,23:06
,,,,,,,,,,1.08,23:06
,,,,,,,,,,3.34,23:06
,,,,,,,,,,2.15,23:05
,,,,,,,,,,1.86,23:05
,,,,,,,,,,1.91,23:04
,,,,,,,,,,2.43,23:04
,,,,,,,,,,1.42,23:04
,,,,,,,,,,1.44,23:03
,,,,,,,,,,2.65,23:03
,,,,,,,,,,5.49,23:03
,,,,,,,,,,1.02,23:02
,,,,,,,,,,1.29,23:02
,,,,,,,,,,4.79,23:01
,,,,,,,,,,1.05,23:01
,,,,,,,,,,1.86,23:01
,,,,,,,,,,1.29,23:00
,,,,,,,,,,1.53,23:00
,,,,,,,,,,3.62,23:00
,,,,,,,,,,1.21,22:59
,,,,,,,,,,9.79,22:59
,,,,,,,,,,3.82,22:58
,,,,,,,,,,1.33,22:57
,,,,,,,,,,2.78,22:57
,,,,,,,,,,3.46,22:57
,,,,,,,,,,1.27,22:56
,,,,,,,,,,4.31,22:56
,,,,,,,,,,1.16,22:55
,,,,,,,,,,3.73,22:55
,,,,,,,,,,29.19,22:54
,,,,,,,,,,1.02,22:53
,,,,,,,,,,3.74,22:53
,,,,,,,,,,1.25,22:53
,,,,,,,,,,1.67,22:52
,,,,,,,,,,2.02,22:52
,,,,,,,,,,1.03,22:52
,,,,,,,,,,1.64,22:51
,,,,,,,,,,1.44,22:51
,,,,,,,,,,1.53,22:51
,,,,,,,,,,1.19,22:50
,,,,,,,,,,52.93,22:50
,,,,,,,,,,4.35,22:49
,,,,,,,,,,1.43,22:48
,,,,,,,,,,9.41,22:48
,,,,,,,,,,3.74,22:47
,,,,,,,,,,5.38,22:47
,,,,,,,,,,13.30,22:46
,,,,,,,,,,1.39,22:45
,,,,,,,,,,1.02,22:45
,,,,,,,,,,1.70,22:45
,,,,,,,,,,1.63,22:44
,,,,,,,,,,41.28,22:44
,,,,,,,,,,1.55,22:43
,,,,,,,,,,1.36,22:42
,,,,,,,,,,1.12,22:42
,,,,,,,,,,1.90,22:42
,,,,,,,,,,1.19,22:41
,,,,,,,,,,1.14,22:41
,,,,,,,,,,53.93,22:41
,,,,,,,,,,1.09,22:40
,,,,,,,,,,1.25,22:39
,,,,,,,,,,1.93,22:39
,,,,,,,,,,1.14,22:39
,,,,,,,,,,1.06,22:39
,,,,,,,,,,1.12,22:38
,,,,,,,,,,1.31,22:38
,,,,,,,,,,1.04,22:38
,,,,,,,,,,56.42,22:38
,,,,,,,,,,1.23,22:36
,,,,,,,,,,1.16,22:36
,,,,,,,,,,2.45,22:36
,,,,,,,,,,2.97,22:35
,,,,,,,,,,1.01,22:35
,,,,,,,,,,3.82,22:35
,,,,,,,,,,6.71,22:34
,,,,,,,,,,2.87,22:33
,,,,,,,,,,18.01,22:33
,,,,,,,,,,3.67,22:32
,,,,,,,,,,1.06,22:31
,,,,,,,,,,1.09,22:31
,,,,,,,,,,5.11,22:31
,,,,,,,,,,11.09,22:30
,,,,,,,,,,1.09,22:29
,,,,,,,,,,3.45,22:29
,,,,,,,,,,3.62,22:29
,,,,,,,,,,3.22,22:28
,,,,,,,,,,1.19,22:28
,,,,,,,,,,1.00,22:27
,,,,,,,,,,8.37,22:27
,,,,,,,,,,2.82,22:26
,,,,,,,,,,1.72,22:26
,,,,,,,,,,2.10,22:25
,,,,,,,,,,1.86,22:25
,,,,,,,,,,1.42,22:25
,,,,,,,,,,3.32,22:24
,,,,,,,,,,1.09,22:24
,,,,,,,,,,7.55,22:24
,,,,,,,,,,1.17,22:23
,,,,,,,,,,18.27,22:23
,,,,,,,,,,1.98,22:22
,,,,,,,,,,2.72,22:21
,,,,,,,,,,1.02,22:21
,,,,,,,,,,3.09,22:21
,,,,,,,,,,2.03,22:20
,,,,,,,,,,3.97,22:20
,,,,,,,,,,1.46,22:19
,,,,,,,,,,4.37,22:19
,,,,,,,,,,2.42,22:18
,,,,,,,,,,1.25,22:18
,,,,,,,,,,1.77,22:17
,,,,,,,,,,1.11,22:17
,,,,,,,,,,4.16,22:17
,,,,,,,,,,1.60,22:16
,,,,,,,,,,2.14,22:16
,,,,,,,,,,10.80,22:16
,,,,,,,,,,1.51,22:15
,,,,,,,,,,1.11,22:14
,,,,,,,,,,2.05,22:14
,,,,,,,,,,1.54,22:14
,,,,,,,,,,2.80,22:14
,,,,,,,,,,1.19,22:13
,,,,,,,,,,7.03,22:13
,,,,,,,,,,77.19,22:12
,,,,,,,,,,7.25,22:11
,,,,,,,,,,1.93,22:10
,,,,,,,,,,2.95,22:09
,,,,,,,,,,1.03,22:09
,,,,,,,,,,2.43,22:09
,,,,,,,,,,14.62,22:08
,,,,,,,,,,1.57,22:07
,,,,,,,,,,1.37,22:07
,,,,,,,,,,2.48,22:07
,,,,,,,,,,1.71,22:06
,,,,,,,,,,40.96,22:06
,,,,,,,,,,1.19,22:05
,,,,,,,,,,1.29,22:04
,,,,,,,,,,1.46,22:04
,,,,,,,,,,1.57,22:04
,,,,,,,,,,3.10,22:04
,,,,,,,,,,3.28,22:03
,,,,,,,,,,1.23,22:03
,,,,,,,,,,4.61,22:02
,,,,,,,,,,6.47,22:02
,,,,,,,,,,3.56,22:01
,,,,,,,,,,1.48,22:00
,,,,,,,,,,2.22,22:00
,,,,,,,,,,1.16,22:00
,,,,,,,,,,1.95,21:59
,,,,,,,,,,1.28,21:59
,,,,,,,,,,1.62,21:59
,,,,,,,,,,8.78,21:58
,,,,,,,,,,1.30,21:58
,,,,,,,,,,5.10,21:57
,,,,,,,,,,1.04,21:57
,,,,,,,,,,1.04,21:57
,,,,,,,,,,1.54,21:56
,,,,,,,,,,16.71,21:56
,,,,,,,,,,1.49,21:55
,,,,,,,,,,3.81,21:55
,,,,,,,,,,4.11,21:54
,,,,,,,,,,4.24,21:54
,,,,,,,,,,1.12,21:53
,,,,,,,,,,3.03,21:53
,,,,,,,,,,1.76,21:52
,,,,,,,,,,1.24,21:52
,,,,,,,,,,1.83,21:52
,,,,,,,,,,6.50,21:51
,,,,,,,,,,1.33,21:51
,,,,,,,,,,1.04,21:50
,,,,,,,,,,1.04,21:50
,,,,,,,,,,2.15,21:50
,,,,,,,,,,3.73,21:49
,,,,,,,,,,3.32,21:49
,,,,,,,,,,2.58,21:48
,,,,,,,,,,1.10,21:48
,,,,,,,,,,2.07,21:48
,,,,,,,,,,11.81,21:47
,,,,,,,,,,9.78,21:46
,,,,,,,,,,1.30,21:46
,,,,,,,,,,1.55,21:45
,,,,,,,,,,2.17,21:45
,,,,,,,,,,2.15,21:45
,,,,,,,,,,1.77,21:44
,,,,,,,,,,10.03,21:44
,,,,,,,,,,20.19,21:43
,,,,,,,,,,2.94,21:42
,,,,,,,,,,1.16,21:41
,,,,,,,,,,1.10,21:41
,,,,,,,,,,1.38,21:41
,,,,,,,,,,6.78,21:41
,,,,,,,,,,1.27,21:40
,,,,,,,,,,3.20,21:40
,,,,,,,,,,4.52,21:39
,,,,,,,,,,1.51,21:39
,,,,,,,,,,2.26,21:38
,,,,,,,,,,6.76,21:38
,,,,,,,,,,26.61,21:37
,,,,,,,,,,1.07,21:36
,,,,,,,,,,1.06,21:36
,,,,,,,,,,1.48,21:36
,,,,,,,,,,3.61,21:35
,,,,,,,,,,1.18,21:35
,,,,,,,,,,4.64,21:34
,,,,,,,,,,16.38,21:34
,,,,,,,,,,2.81,21:33
,,,,,,,,,,5.67,21:32
,,,,,,,,,,2.48,21:32
,,,,,,,,,,2.20,21:31
,,,,,,,,,,2.79,21:31
,,,,,,,,,,2.20,21:30
,,,,,,,,,,2.90,21:30
,,,,,,,,,,3.88,21:29
,,,,,,,,,,15.45,21:29
,,,,,,,,,,1.05,21:29
,,,,,,,,,,1.15,21:29
,,,,,,,,,,1.22,21:29
,,,,,,,,,,1.49,21:29
,,,,,,,,,,2.78,21:29
,,,,,,,,,,6.91,21:29
,,,,,,,,,,1.63,21:29
,,,,,,,,,,2.65,21:29
,,,,,,,,,,1.00,21:29
,,,,,,,,,,1.54,21:24
,,,,,,,,,,43.97,21:24
,,,,,,,,,,1.28,21:23
,,,,,,,,,,5.80,21:22
,,,,,,,,,,4.59,21:22
,,,,,,,,,,1.81,21:21
,,,,,,,,,,1.20,21:21
,,,,,,,,,,1.23,21:21
,,,,,,,,,,2.10,21:20
,,,,,,,,,,3.66,21:20
,,,,,,,,,,1.11,21:19
,,,,,,,,,,13.84,21:19
,,,,,,,,,,1.05,21:18
,,,,,,,,,,2.61,21:18
,,,,,,,,,,6.87,21:18
,,,,,,,,,,1.54,21:17
,,,,,,,,,,8.77,21:16
,,,,,,,,,,2.41,21:16
,,,,,,,,,,1.59,21:15
,,,,,,,,,,1.66,21:15
,,,,,,,,,,9.55,21:15
,,,,,,,,,,1.12,21:14
,,,,,,,,,,2.25,21:13
,,,,,,,,,,4.31,21:13
,,,,,,,,,,1.10,21:12
,,,,,,,,,,5.18,21:12
,,,,,,,,,,1.01,21:12
,,,,,,,,,,1.84,21:11
,,,,,,,,,,1.39,21:11
,,,,,,,,,,1.69,21:11
,,,,,,,,,,3.18,21:10
,,,,,,,,,,1.78,21:10
,,,,,,,,,,1.28,21:10
,,,,,,,,,,7.75,21:09
,,,,,,,,,,7.98,21:08
,,,,,,,,,,2.02,21:08
,,,,,,,,,,2.15,21:07
,,,,,,,,,,1.96,21:07
,,,,,,,,,,1.01,21:07
,,,,,,,,,,2.00,21:06
,,,,,,,,,,1.00,21:06
,,,,,,,,,,2.23,21:06
,,,,,,,,,,10.63,21:05
,,,,,,,,,,4.00,21:04
,,,,,,,,,,1.89,21:04
,,,,,,,,,,1.01,21:04
,,,,,,,,,,1.34,21:03
,,,,,,,,,,1.28,21:03
,,,,,,,,,,1.19,21:03
,,,,,,,,,,3.02,21:03
,,,,,,,,,,1.27,21:02
,,,,,,,,,,7.03,21:02
,,,,,,,,,,8.57,21:01
,,,,,,,,,,4.24,21:00
,,,,,,,,,,1.00,21:00
,,,,,,,,,,2.21,20:59
,,,,,,,,,,1.62,20:59
,,,,,,,,,,1.33,20:59
,,,,,,,,,,1.57,20:58
,,,,,,,,,,1.63,20:58
,,,,,,,,,,1.24,20:58
,,,,,,,,,,1.25,20:57
,,,,,,,,,,1.46,20:57
,,,,,,,,,,1.60,20:57
,,,,,,,,,,1.30,20:57
,,,,,,,,,,1.74,20:56
,,,,,,,,,,7.28,20:56
,,,,,,,,,,13.58,20:55
,,,,,,,,,,1.09,20:54
,,,,,,,,,,1.55,20:54
,,,,,,,,,,2.03,20:54
,,,,,,,,,,3.15,20:53
,,,,,,,,,,1.49,20:53
,,,,,,,,,,1.10,20:52
,,,,,,,,,,10.16,20:52
,,,,,,,,,,1.74,20:51
,,,,,,,,,,1.01,20:51
,,,,,,,,,,3.07,20:51
,,,,,,,,,,5.09,20:50
,,,,,,,,,,1.49,20:50
,,,,,,,,,,1.16,20:49
,,,,,,,,,,1.01,20:49
,,,,,,,,,,1.85,20:49
,,,,,,,,,,5.56,20:49
,,,,,,,,,,1.58,20:48
,,,,,,,,,,6.81,20:48
,,,,,,,,,,1.78,20:47
,,,,,,,,,,2.41,20:46
,,,,,,,,,,2.79,20:46
,,,,,,,,,,1.29,20:46
,,,,,,,,,,1.05,20:45
,,,,,,,,,,1.50,20:45
,,,,,,,,,,2.22,20:45
,,,,,,,,,,3.83,20:44
,,,,,,,,,,4.07,20:44
,,,,,,,,,,5.15,20:43
,,,,,,,,,,1.17,20:43
,,,,,,,,,,1.34,20:42
,,,,,,,,,,5.80,20:42
,,,,,,,,,,1.47,20:41
,,,,,,,,,,1.03,20:41
,,,,,,,,,,2.97,20:41
,,,,,,,,,,12.77,20:40
,,,,,,,,,,1.66,20:39
,,,,,,,,,,3.82,20:39
,,,,,,,,,,14.79,20:39
,,,,,,,,,,1.02,20:38
,,,,,,,,,,1.04,20:37
,,,,,,,,,,1.77,20:37
,,,,,,,,,,2.18,20:37
,,,,,,,,,,1.37,20:36
,,,,,,,,,,1.03,20:36
,,,,,,,,,,2.06,20:36
,,,,,,,,,,1.03,20:35
,,,,,,,,,,1.38,20:35
,,,,,,,,,,1.33,20:35
,,,,,,,,,,1.64,20:35
,,,,,,,,,,2.94,20:34
,,,,,,,,,,5.31,20:34
,,,,,,,,,,1.28,20:33
,,,,,,,,,,1.13,20:33
,,,,,,,,,,1.28,20:33
,,,,,,,,,,1.33,20:32
,,,,,,,,,,1.01,20:32
,,,,,,,,,,4.11,20:32
,,,,,,,,,,19.45,20:31
,,,,,,,,,,2.14,20:30
,,,,,,,,,,6.22,20:30
,,,,,,,,,,4.54,20:29
,,,,,,,,,,1.25,20:29
,,,,,,,,,,6.17,20:28
,,,,,,,,,,1.41,20:28
,,,,,,,,,,3.50,20:27
,,,,,,,,,,2.42,20:27
,,,,,,,,,,10.58,20:26
,,,,,,,,,,1.83,20:26
,,,,,,,,,,1.45,20:25
,,,,,,,,,,29.51,20:25
,,,,,,,,,,3.49,20:24
,,,,,,,,,,4.88,20:23
,,,,,,,,,,1.65,20:23
,,,,,,,,,,1.07,20:22
,,,,,,,,,,1.93,20:22
,,,,,,,,,,1.30,20:22
,,,,,,,,,,1.30,20:21
,,,,,,,,,,4.54,20:21
,,,,,,,,,,2.00,20:20
,,,,,,,,,,1.94,20:20
,,,,,,,,,,2.65,20:20
,,,,,,,,,,2.76,20:19
,,,,,,,,,,2.38,20:19
,,,,,,,,,,1.36,20:18
,,,,,,,,,,1.36,20:18
,,,,,,,,,,1.68,20:18
,,,,,,,,,,1.34,20:17
,,,,,,,,,,1.20,20:17
,,,,,,,,,,1.14,20:17
,,,,,,,,,,1.12,20:17
,,,,,,,,,,1.66,20:16
,,,,,,,,,,2.17,20:16
,,,,,,,,,,7.65,20:16
,,,,,,,,,,1.21,20:15
,,,,,,,,,,1.35,20:15
,,,,,,,,,,7.82,20:14
,,,,,,,,,,1.89,20:14
,,,,,,,,,,9.11,20:13
,,,,,,,,,,6.90,20:12
,,,,,,,,,,1.32,20:12
,,,,,,,,,,1.89,20:11
,,,,,,,,,,1.22,20:11
,,,,,,,,,,1.03,20:11
,,,,,,,,,,1.48,20:10
,,,,,,,,,,1.94,20:10
,,,,,,,,,,3.14,20:10
,,,,,,,,,,3.11,20:09
,,,,,,,,,,1.03,20:09
,,,,,,,,,,1.96,20:09
,,,,,,,,,,3.78,20:08
,,,,,,,,,,1.18,20:08
,,,,,,,,,,1.16,20:07
,,,,,,,,,,1.06,20:07
,,,,,,,,,,1.85,20:07
,,,,,,,,,,2.76,20:07
,,,,,,,,,,1.47,20:06
,,,,,,,,,,3854.20,20:06
,,,,,,,,,,3.55,20:03
,,,,,,,,,,1.45,20:03
,,,,,,,,,,1.36,20:02
,,,,,,,,,,1.74,20:02
,,,,,,,,,,1.51,20:02
,,,,,,,,,,1.21,20:01
,,,,,,,,,,2.03,20:01
,,,,,,,,,,2.48,20:01
,,,,,,,,,,1.40,20:00
,,,,,,,,,,1.08,20:00
,,,,,,,,,,3.06,20:00
,,,,,,,,,,1.01,19:59
,,,,,,,,,,1.85,19:59
,,,,,,,,,,2.25,19:59
,,,,,,,,,,1.21,19:58
,,,,,,,,,,1.88,19:58
,,,,,,,,,,1.87,19:58
,,,,,,,,,,1.95,19:57
,,,,,,,,,,2.50,19:57
,,,,,,,,,,6.52,19:56
,,,,,,,,,,5.37,19:56
,,,,,,,,,,4.58,19:55
,,,,,,,,,,3.09,19:54
,,,,,,,,,,1.11,19:54
,,,,,,,,,,1.33,19:54
,,,,,,,,,,4.68,19:53
,,,,,,,,,,1.59,19:53
,,,,,,,,,,1.92,19:52
,,,,,,,,,,1.19,19:52
,,,,,,,,,,1.00,19:52
,,,,,,,,,,1.42,19:52
,,,,,,,,,,3.08,19:51
,,,,,,,,,,1.01,19:51
,,,,,,,,,,1.31,19:51
,,,,,,,,,,3.37,19:50
,,,,,,,,,,2.33,19:50
,,,,,,,,,,1.38,19:49
,,,,,,,,,,3.73,19:49
,,,,,,,,,,9.84,19:49
,,,,,,,,,,4.08,19:48
,,,,,,,,,,4.00,19:47
,,,,,,,,,,1.40,19:47
,,,,,,,,,,1.12,19:46
,,,,,,,,,,22.09,19:46
,,,,,,,,,,1.24,19:45
,,,,,,,,,,1.75,19:45
,,,,,,,,,,1.85,19:44
,,,,,,,,,,2.03,19:44
,,,,,,,,,,22.20,19:44
,,,,,,,,,,1.49,19:42
,,,,,,,,,,1.08,19:42
,,,,,,,,,,9.20,19:42
,,,,,,,,,,21.73,19:41
,,,,,,,,,,1.43,19:40
,,,,,,,,,,1.30,19:40
,,,,,,,,,,9.57,19:40
,,,,,,,,,,3.78,19:39
,,,,,,,,,,1.14,19:38
,,,,,,,,,,1.44,19:38
,,,,,,,,,,1.22,19:38
,,,,,,,,,,1.53,19:37
,,,,,,,,,,1.99,19:37
,,,,,,,,,,5.73,19:37
,,,,,,,,,,1.27,19:36
,,,,,,,,,,8.97,19:36
,,,,,,,,,,1.11,19:35
,,,,,,,,,,4.59,19:35
,,,,,,,,,,2.35,19:34
,,,,,,,,,,2.28,19:34
,,,,,,,,,,6.58,19:33
,,,,,,,,,,2.73,19:32
,,,,,,,,,,1.74,19:32
,,,,,,,,,,2.23,19:32
,,,,,,,,,,1.46,19:31
,,,,,,,,,,1.05,19:31
,,,,,,,,,,2.85,19:31
,,,,,,,,,,4.01,19:30
,,,,,,,,,,6.61,19:29
,,,,,,,,,,1.49,19:29
,,,,,,,,,,17.36,19:28
,,,,,,,,,,1.00,19:28
,,,,,,,,,,2.68,19:27
,,,,,,,,,,9.23,19:27
,,,,,,,,,,1.72,19:26
,,,,,,,,,,2.11,19:26
,,,,,,,,,,501.77,19:25
,,,,,,,,,,2.12,19:23
,,,,,,,,,,5.41,19:23
,,,,,,,,,,1.37,19:22
,,,,,,,,,,13.03,19:22
,,,,,,,,,,2.41,19:21
,,,,,,,,,,1.00,19:21
,,,,,,,,,,4.61,19:20
,,,,,,,,,,1.32,19:20
,,,,,,,,,,5.69,19:19
,,,,,,,,,,1.00,19:19
,,,,,,,,,,5.93,19:19
,,,,,,,,,,3.01,19:18
,,,,,,,,,,5.30,19:17
,,,,,,,,,,9.59,19:17
,,,,,,,,,,4.50,19:16
,,,,,,,,,,1.70,19:15
,,,,,,,,,,2.09,19:15
,,,,,,,,,,2.09,19:15
,,,,,,,,,,1.30,19:14
,,,,,,,,,,9.79,19:14
,,,,,,,,,,10.21,19:13
,,,,,,,,,,1.27,19:12
,,,,,,,,,,2.23,19:12
,,,,,,,,,,2.27,19:11
,,,,,,,,,,1.44,19:11
,,,,,,,,,,26.47,19:11
,,,,,,,,,,3.54,19:10
,,,,,,,,,,3.66,19:09
,,,,,,,,,,1.52,19:08
,,,,,,,,,,3.78,19:08
,,,,,,,,,,40.36,19:08
,,,,,,,,,,8.17,19:06
,,,,,,,,,,1.37,19:06
,,,,,,,,,,15.58,19:05
,,,,,,,,,,2.21,19:04
,,,,,,,,,,1.81,19:04
,,,,,,,,,,6.43,19:04
,,,,,,,,,,1.02,19:03
,,,,,,,,,,1.12,19:03
,,,,,,,,,,1.07,19:02
,,,,,,,,,,3.28,19:02
,,,,,,,,,,5.77,19:02
,,,,,,,,,,58.75,19:01
,,,,,,,,,,4.60,19:00
,,,,,,,,,,2.64,18:59
,,,,,,,,,,1.49,18:59
,,,,,,,,,,30.85,18:58
,,,,,,,,,,4.33,18:57
,,,,,,,,,,36.70,18:57
,,,,,,,,,,3.31,18:55
,,,,,,,,,,1.83,18:55
,,,,,,,,,,5.08,18:54
,,,,,,,,,,3.86,18:54
,,,,,,,,,,1.12,18:53
,,,,,,,,,,2.23,18:53
,,,,,,,,,,19.32,18:53
,,,,,,,,,,1.32,18:52
,,,,,,,,,,2.37,18:51
,,,,,,,,,,1.26,18:51
,,,,,,,,,,13.48,18:51
,,,,,,,,,,1.15,18:50
,,,,,,,,,,1.47,18:49
,,,,,,,,,,6.56,18:49
,,,,,,,,,,1.99,18:48
,,,,,,,,,,77.12,18:48
,,,,,,,,,,4.40,18:47
,,,,,,,,,,1.22,18:46
,,,,,,,,,,1.56,18:46
,,,,,,,,,,1.40,18:45
,,,,,,,,,,5.05,18:45
,,,,,,,,,,1.10,18:44
,,,,,,,,,,4.09,18:44
,,,,,,,,,,17.19,18:44
,,,,,,,,,,6.66,18:43
,,,,,,,,,,1.15,18:42
,,,,,,,,,,4.90,18:42
,,,,,,,,,,3.11,18:41
,,,,,,,,,,1.36,18:40
,,,,,,,,,,4.62,18:40
,,,,,,,,,,2.38,18:40
,,,,,,,,,,5.16,18:39
,,,,,,,,,,2.14,18:39
,,,,,,,,,,9.66,18:39
,,,,,,,,,,1.48,18:39
,,,,,,,,,,4.61,18:39
,,,,,,,,,,1.08,18:39
,,,,,,,,,,1.30,18:39
,,,,,,,,,,1.32,18:39
,,,,,,,,,,23.73,18:39
,,,,,,,,,,1.16,18:39
,,,,,,,,,,2.31,18:34
,,,,,,,,,,1.03,18:34
,,,,,,,,,,1.56,18:34
,,,,,,,,,,2.44,18:33
,,,,,,,,,,2.07,18:33
,,,,,,,,,,1.25,18:32
,,,,,,,,,,1.34,18:32
,,,,,,,,,,93.79,18:32
,,,,,,,,,,1.02,18:30
,,,,,,,,,,11.56,18:30
,,,,,,,,,,3.08,18:29
,,,,,,,,,,7.38,18:29
,,,,,,,,,,5.64,18:28
,,,,,,,,,,26.79,18:27
,,,,,,,,,,1.19,18:26
,,,,,,,,,,4.61,18:26
,,,,,,,,,,6.76,18:25
,,,,,,,,,,1.86,18:25
,,,,,,,,,,1.10,18:24
,,,,,,,,,,2.17,18:24
,,,,,,,,,,4.70,18:24
,,,,,,,,,,2.38,18:23
,,,,,,,,,,1.00,18:23
,,,,,,,,,,6.90,18:22
,,,,,,,,,,6.64,18:22
,,,,,,,,,,1.08,18:21
,,,,,,,,,,1.39,18:21
,,,,,,,,,,1.78,18:20
,,,,,,,,,,1.34,18:20
,,,,,,,,,,5.67,18:20
,,,,,,,,,,9.42,18:19
,,,,,,,,,,4.30,18:18
,,,,,,,,,,2.07,18:18
,,,,,,,,,,3.64,18:17
,,,,,,,,,,339.24,18:17
,,,,,,,,,,2.19,18:15
,,,,,,,,,,1.50,18:14
,,,,,,,,,,2.55,18:14
,,,,,,,,,,2.04,18:14
,,,,,,,,,,1.22,18:13
,,,,,,,,,,2.36,18:13
,,,,,,,,,,13.99,18:13
,,,,,,,,,,1.31,18:12
,,,,,,,,,,1.92,18:11
,,,,,,,,,,1.41,18:11
,,,,,,,,,,1.01,18:11
,,,,,,,,,,3.31,18:11
,,,,,,,,,,1.27,18:10
,,,,,,,,,,3.39,18:10
,,,,,,,,,,4.25,18:09
,,,,,,,,,,1.03,18:09
,,,,,,,,,,4.21,18:08
,,,,,,,,,,3.05,18:08
,,,,,,,,,,3.74,18:07
,,,,,,,,,,3.74,18:07
,,,,,,,,,,1.75,18:07
,,,,,,,,,,3.73,18:06
,,,,,,,,,,1.19,18:06
,,,,,,,,,,2.29,18:06
,,,,,,,,,,4.16,18:05
,,,,,,,,,,1.06,18:05
,,,,,,,,,,1.03,18:04
,,,,,,,,,,2.36,18:04
,,,,,,,,,,2.87,18:04
,,,,,,,,,,2.36,18:03
,,,,,,,,,,1.09,18:03
,,,,,,,,,,1.75,18:03
,,,,,,,,,,2.11,18:02
,,,,,,,,,,5.04,18:02
,,,,,,,,,,4.98,18:01
,,,,,,,,,,1.02,18:00
,,,,,,,,,,1.34,18:00
,,,,,,,,,,1.34,18:00
,,,,,,,,,,3.69,18:00
,,,,,,,,,,1.23,17:59
,,,,,,,,,,4.65,17:59
,,,,,,,,,,2.20,17:58
,,,,,,,,,,3.50,17:58
,,,,,,,,,,1.00,17:57
,,,,,,,,,,2.28,17:57
,,,,,,,,,,1.69,17:57
,,,,,,,,,,67.74,17:56
,,,,,,,,,,1.51,17:55
,,,,,,,,,,3.19,17:55
,,,,,,,,,,8.61,17:54
,,,,,,,,,,1.65,17:53
,,,,,,,,,,1.54,17:53
,,,,,,,,,,1.01,17:53
,,,,,,,,,,5.19,17:52
,,,,,,,,,,4.06,17:52
,,,,,,,,,,2.50,17:51
,,,,,,,,,,244.38,17:51
,,,,,,,,,,1.33,17:49
,,,,,,,,,,9.86,17:49
,,,,,,,,,,1.11,17:48
,,,,,,,,,,1.31,17:48
,,,,,,,,,,1.45,17:47
,,,,,,,,,,2.12,17:47
,,,,,,,,,,12.10,17:47
,,,,,,,,,,4.66,17:46
,,,,,,,,,,1.49,17:45
,,,,,,,,,,14.15,17:45
,,,,,,,,,,3.33,17:44
,,,,,,,,,,1.29,17:43
,,,,,,,,,,26.62,17:43
,,,,,,,,,,3.12,17:42
,,,,,,,,,,1.01,17:42
,,,,,,,,,,3.57,17:41
,,,,,,,,,,1.28,17:41
,,,,,,,,,,1.29,17:41
,,,,,,,,,,1.28,17:40
,,,,,,,,,,11.86,17:40
,,,,,,,,,,2.27,17:39
,,,,,,,,,,1.27,17:39
,,,,,,,,,,2.20,17:38
,,,,,,,,,,1.06,17:38
,,,,,,,,,,15.43,17:38
,,,,,,,,,,1.49,17:37
,,,,,,,,,,1.13,17:37
,,,,,,,,,,2.88,17:36
,,,,,,,,,,1.16,17:36
,,,,,,,,,,43.39,17:36
,,,,,,,,,,38.26,17:34
,,,,,,,,,,6.77,17:33
,,,,,,,,,,2.53,17:32
,,,,,,,,,,1.59,17:32
,,,,,,,,,,1.78,17:32
,,,,,,,,,,1.00,17:31
,,,,,,,,,,1.63,17:31
,,,,,,,,,,1.59,17:31
,,,,,,,,,,1.07,17:30
,,,,,,,,,,1.94,17:30
,,,,,,,,,,2.13,17:30
,,,,,,,,,,4.24,17:29
,,,,,,,,,,1.07,17:29
,,,,,,,,,,6.64,17:29
,,,,,,,,,,1.02,17:28
,,,,,,,,,,1.03,17:28
,,,,,,,,,,2.00,17:27
,,,,,,,,,,13.48,17:27
,,,,,,,,,,5.13,17:26
,,,,,,,,,,1.82,17:25
,,,,,,,,,,1.39,17:25
,,,,,,,,,,11.80,17:25
,,,,,,,,,,3.07,17:24
,,,,,,,,,,4.89,17:23
,,,,,,,,,,1.41,17:23
,,,,,,,,,,3.34,17:22
,,,,,,,,,,2.19,17:22
,,,,,,,,,,1.36,17:21
,,,,,,,,,,12.30,17:21
,,,,,,,,,,2.20,17:20
,,,,,,,,,,1.00,17:20
,,,,,,,,,,2.21,17:20
,,,,,,,,,,2.39,17:19
,,,,,,,,,,1.75,17:19
,,,,,,,,,,24.43,17:18
,,,,,,,,,,9.42,17:17
,,,,,,,,,,1.46,17:17
,,,,,,,,,,1.02,17:16
,,,,,,,,,,4.50,17:16
,,,,,,,,,,1.05,17:15
,,,,,,,,,,3.56,17:15
,,,,,,,,,,1.16,17:15
,,,,,,,,,,1.11,17:14
,,,,,,,,,,1.30,17:14
,,,,,,,,,,2.60,17:14
,,,,,,,,,,1.24,17:13
,,,,,,,,,,2.40,17:13
,,,,,,,,,,11.01,17:13
,,,,,,,,,,3.46,17:12
,,,,,,,,,,1.59,17:11
,,,,,,,,,,2.63,17:11
,,,,,,,,,,1.10,17:11
,,,,,,,,,,2.20,17:10
,,,,,,,,,,2.83,17:10
,,,,,,,,,,17.00,17:09
,,,,,,,,,,2.01,17:08
,,,,,,,,,,3.51,17:08
,,,,,,,,,,1.04,17:08
,,,,,,,,,,3.15,17:07
,,,,,,,,,,1.47,17:07
,,,,,,,,,,1.64,17:07
,,,,,,,,,,11.17,17:06
,,,,,,,,,,8.10,17:05
,,,,,,,,,,2.10,17:05
,,,,,,,,,,1.61,17:04
,,,,,,,,,,1.09,17:04
,,,,,,,,,,1.75,17:04
,,,,,,,,,,1.72,17:03
,,,,,,,,,,1.07,17:03
,,,,,,,,,,1.07,17:03
,,,,,,,,,,1.00,17:02
,,,,,,,,,,1.52,17:02
,,,,,,,,,,29.10,17:02
,,,,,,,,,,25.48,17:01
,,,,,,,,,,1.17,17:00
,,,,,,,,,,3.69,16:59
,,,,,,,,,,1.27,16:59
,,,,,,,,,,1.05,16:59
,,,,,,,,,,2.99,16:58
,,,,,,,,,,1.88,16:58
,,,,,,,,,,1.23,16:58
,,,,,,,,,,62.41,16:57
,,,,,,,,,,1.02,16:56
,,,,,,,,,,3.28,16:56
,,,,,,,,,,3.73,16:55
,,,,,,,,,,1.26,16:55
,,,,,,,,,,1.06,16:54
,,,,,,,,,,1.35,16:54
,,,,,,,,,,1.92,16:54
,,,,,,,,,,1.39,16:53
,,,,,,,,,,1.87,16:53
,,,,,,,,,,3.80,16:53
,,,,,,,,,,1.92,16:52
,,,,,,,,,,1.43,16:52
,,,,,,,,,,1.01,16:52
,,,,,,,,,,6.56,16:51
,,,,,,,,,,1.71,16:51
,,,,,,,,,,40.43,16:50
,,,,,,,,,,1.01,16:49
,,,,,,,,,,1.86,16:49
,,,,,,,,,,6.11,16:48
,,,,,,,,,,3.79,16:48
,,,,,,,,,,1.26,16:47
,,,,,,,,,,4.44,16:47
,,,,,,,,,,2.35,16:46
,,,,,,,,,,101.45,16:46
,,,,,,,,,,16.34,16:44
,,,,,,,,,,1.69,16:43
,,,,,,,,,,1.20,16:43
,,,,,,,,,,1.02,16:43
,,,,,,,,,,1.91,16:43
,,,,,,,,,,1.75,16:42
,,,,,,,,,,1.42,16:42
,,,,,,,,,,4.21,16:42
,,,,,,,,,,1.56,16:41
,,,,,,,,,,1.28,16:41
,,,,,,,,,,1.44,16:40
,,,,,,,,,,1.10,16:40
,,,,,,,,,,19.38,16:40
,,,,,,,,,,1.06,16:39
,,,,,,,,,,6.06,16:39
,,,,,,,,,,2.35,16:38
,,,,,,,,,,3.02,16:38
,,,,,,,,,,1.30,16:37
,,,,,,,,,,1.87,16:37
,,,,,,,,,,1.87,16:36
,,,,,,,,,,1.42,16:36
,,,,,,,,,,1.70,16:36
,,,,,,,,,,9.33,16:35
,,,,,,,,,,2.34,16:35
,,,,,,,,,,1.68,16:34
,,,,,,,,,,1.18,16:34
,,,,,,,,,,1.00,16:34
,,,,,,,,,,1.42,16:33
,,,,,,,,,,1.57,16:33
,,,,,,,,,,1.00,16:33
,,,,,,,,,,1.56,16:33
,,,,,,,,,,1.20,16:32
,,,,,,,,,,1.11,16:32
,,,,,,,,,,2.79,16:32
,,,,,,,,,,9.58,16:31
,,,,,,,,,,2.66,16:30
,,,,,,,,,,1.14,16:30
,,,,,,,,,,1.44,16:30
,,,,,,,,,,1.93,16:29
,,,,,,,,,,2.04,16:29
,,,,,,,,,,1.85,16:29
,,,,,,,,,,3.10,16:28
,,,,,,,,,,1.90,16:28
,,,,,,,,,,1.83,16:27
,,,,,,,,,,1.35,16:27
,,,,,,,,,,1.85,16:27
,,,,,,,,,,3.18,16:26
,,,,,,,,,,6.05,16:26
,,,,,,,,,,3.98,16:25
,,,,,,,,,,5.11,16:25
,,,,,,,,,,1.02,16:24
,,,,,,,,,,13.73,16:24
,,,,,,,,,,1.91,16:23
,,,,,,,,,,3.16,16:22
,,,,,,,,,,1.00,16:22
,,,,,,,,,,2.00,16:22
,,,,,,,,,,6.43,16:21
,,,,,,,,,,2.87,16:21
,,,,,,,,,,1.36,16:20
,,,,,,,,,,50.51,16:20
,,,,,,,,,,2.70,16:18
,,,,,,,,,,6.20,16:18
,,,,,,,,,,3.28,16:17
,,,,,,,,,,7.13,16:17
,,,,,,,,,,68.60,16:16
,,,,,,,,,,6.26,16:15
,,,,,,,,,,1.60,16:14
,,,,,,,,,,5.04,16:14
,,,,,,,,,,1.50,16:13
,,,,,,,,,,1.33,16:13
,,,,,,,,,,1.16,16:12
,,,,,,,,,,2.54,16:12
,,,,,,,,,,1.71,16:12
,,,,,,,,,,1.99,16:11
,,,,,,,,,,1.00,16:11
,,,,,,,,,,1.39,16:11
,,,,,,,,,,1.31,16:10
,,,,,,,,,,2.78,16:10
,,,,,,,,,,1.83,16:10
,,,,,,,,,,1.63,16:09
,,,,,,,,,,26.88,16:09
,,,,,,,,,,7.02,16:08
,,,,,,,,,,3.30,16:07
,,,,,,,,,,1.19,16:07
,,,,,,,,,,1.11,16:06
,,,,,,,,,,15.95,16:06
,,,,,,,,,,74.84,16:05
,,,,,,,,,,10.43,16:04
,,,,,,,,,,7.55,16:03
,,,,,,,,,,15459.24,16:02
,,,,,,,,,,10.23,15:59
,,,,,,,,,,1.14,15:58
,,,,,,,,,,2.86,15:58
,,,,,,,,,,21.41,15:58
,,,,,,,,,,11.42,15:57
,,,,,,,,,,1.38,15:56
,,,,,,,,,,2.27,15:56
,,,,,,,,,,4.62,15:55
,,,,,,,,,,3.28,15:54
,,,,,,,,,,1.06,15:54
,,,,,,,,,,1.42,15:54
,,,,,,,,,,13.32,15:53
,,,,,,,,,,1.29,15:53
,,,,,,,,,,1.00,15:52
,,,,,,,,,,1.08,15:52
,,,,,,,,,,3.47,15:52
,,,,,,,,,,8.88,15:51
,,,,,,,,,,1.41,15:50
,,,,,,,,,,1.03,15:50
,,,,,,,,,,1.13,15:50
,,,,,,,,,,1.59,15:50
,,,,,,,,,,2.90,15:49
,,,,,,,,,,1.62,15:49
,,,,,,,,,,3.93,15:49
,,,,,,,,,,1.85,15:48
,,,,,,,,,,6.51,15:48
,,,,,,,,,,3.95,15:47
,,,,,,,,,,2.28,15:46
,,,,,,,,,,4.32,15:46
,,,,,,,,,,4.90,15:45
,,,,,,,,,,2.65,15:45
,,,,,,,,,,2.53,15:44
,,,,,,,,,,2.10,15:44
,,,,,,,,,,1.20,15:43
,,,,,,,,,,1.02,15:43
,,,,,,,,,,2.11,15:43
,,,,,,,,,,3.02,13:25
,,,,,,,,,,1.03,13:25
,,,,,,,,,,5.39,13:24
,,,,,,,,,,1.14,13:24
,,,,,,,,,,10.20,13:24
,,,,,,,,,,1.00,13:23
,,,,,,,,,,1.81,13:23
,,,,,,,,,,15.81,13:22
,,,,,,,,,,1.34,13:21
,,,,,,,,,,2.30,13:21
,,,,,,,,,,12.44,13:21
,,,,,,,,,,1.94,13:20
,,,,,,,,,,1.32,13:19
,,,,,,,,,,1.17,13:19
,,,,,,,,,,1.37,13:19
,,,,,,,,,,3.21,13:18
,,,,,,,,,,8.42,13:18
,,,,,,,,,,4.11,13:17
,,,,,,,,,,2.68,13:17
,,,,,,,,,,5.62,13:16
,,,,,,,,,,2.35,13:15
,,,,,,,,,,58.95,13:15
,,,,,,,,,,90.02,13:14
,,,,,,,,,,2.11,13:12
,,,,,,,,,,1.07,13:12
,,,,,,,,,,1.14,13:12
,,,,,,,,,,4.27,13:11
,,,,,,,,,,5.82,13:11
,,,,,,,,,,1.32,13:10
,,,,,,,,,,1.35,13:10
,,,,,,,,,,1.60,13:09
,,,,,,,,,,1.94,13:09
,,,,,,,,,,1.07,13:09
,,,,,,,,,,1.69,13:09
,,,,,,,,,,1.72,13:08
,,,,,,,,,,2.66,13:08
,,,,,,,,,,3.34,13:07
,,,,,,,,,,2.76,13:07
,,,,,,,,,,1.36,13:06
,,,,,,,,,,1.07,13:06
,,,,,,,,,,2.31,13:06
,,,,,,,,,,2.89,13:05
,,,,,,,,,,3.89,13:05
,,,,,,,,,,7.37,13:04
,,,,,,,,,,40.33,13:04
,,,,,,,,,,1.23,13:02
,,,,,,,,,,1.86,13:02
,,,,,,,,,,1.26,13:02
,,,,,,,,,,1.95,13:02
,,,,,,,,,,1.99,13:01
,,,,,,,,,,1.91,13:01
,,,,,,,,,,4.22,13:00
,,,,,,,,,,3.24,13:00
,,,,,,,,,,1.57,12:59
,,,,,,,,,,1.10,12:59
,,,,,,,,,,2.87,12:59
,,,,,,,,,,1.02,12:58
,,,,,,,,,,2.43,12:58
,,,,,,,,,,3.12,12:58
,,,,,,,,,,1.42,12:57
,,,,,,,,,,1.27,12:57
,,,,,,,,,,2.74,12:56
,,,,,,,,,,1.32,12:56
,,,,,,,,,,2.02,12:56
,,,,,,,,,,1.22,12:55
,,,,,,,,,,1.40,12:55
,,,,,,,,,,1.01,12:55
,,,,,,,,,,2.97,12:55
,,,,,,,,,,1.90,12:54
,,,,,,,,,,1.47,12:54
,,,,,,,,,,1.70,12:53
,,,,,,,,,,6.70,12:53
,,,,,,,,,,1.00,12:52
,,,,,,,,,,1.30,12:52
,,,,,,,,,,3.27,12:52
,,,,,,,,,,1.52,12:51
,,,,,,,,,,1.16,12:51
,,,,,,,,,,1.17,12:51
,,,,,,,,,,1.74,12:51
,,,,,,,,,,1.29,12:50
,,,,,,,,,,1.38,12:50
,,,,,,,,,,7.14,12:50
,,,,,,,,,,4.67,12:49
,,,,,,,,,,1.34,12:48
,,,,,,,,,,3.65,12:48
,,,,,,,,,,1.18,12:47
,,,,,,,,,,8.23,12:47
,,,,,,,,,,1.50,12:46
,,,,,,,,,,1.97,12:46
,,,,,,,,,,1.69,12:46
,,,,,,,,,,2.26,12:45
,,,,,,,,,,1.45,12:45
,,,,,,,,,,2.22,12:45
,,,,,,,,,,1.25,12:44
,,,,,,,,,,4.54,12:44
,,,,,,,,,,16.57,12:43
,,,,,,,,,,1.55,12:42
,,,,,,,,,,2.42,12:42
,,,,,,,,,,1.07,12:42
,,,,,,,,,,3.24,12:41
,,,,,,,,,,1.05,12:41
,,,,,,,,,,1.30,12:41
,,,,,,,,,,1.12,12:40
,,,,,,,,,,1.00,12:40
,,,,,,,,,,9.44,12:40
,,,,,,,,,,1.25,12:39
,,,,,,,,,,15.65,12:39
,,,,,,,,,,5.56,12:38
,,,,,,,,,,1.54,12:37
,,,,,,,,,,1.62,12:37
,,,,,,,,,,1.94,12:37
,,,,,,,,,,4.13,12:36
,,,,,,,,,,3.75,12:36
,,,,,,,,,,2.30,12:35
,,,,,,,,,,18.28,12:35
,,,,,,,,,,11.32,12:34
,,,,,,,,,,2.89,12:33
,,,,,,,,,,1.62,12:32
,,,,,,,,,,1.13,12:32
,,,,,,,,,,1.36,12:32
,,,,,,,,,,3.60,12:31
,,,,,,,,,,1.24,12:31
,,,,,,,,,,92.69,12:31
,,,,,,,,,,1.12,12:29
,,,,,,,,,,2.52,12:29
,,,,,,,,,,1.18,12:28
,,,,,,,,,,50.87,12:28
,,,,,,,,,,1.69,12:27
,,,,,,,,,,1.56,12:27
,,,,,,,,,,1.28,12:26
,,,,,,,,,,3.10,12:26
,,,,,,,,,,3.02,12:25
,,,,,,,,,,7.09,12:25
,,,,,,,,,,2.61,12:24
,,,,,,,,,,3.28,12:24
,,,,,,,,,,8.75,12:23
,,,,,,,,,,5.03,12:22
,,,,,,,,,,1.67,12:22
,,,,,,,,,,1.61,12:21
,,,,,,,,,,2.30,12:21
,,,,,,,,,,1.14,12:21
,,,,,,,,,,1.52,12:20
,,,,,,,,,,2.22,12:20
,,,,,,,,,,4.99,12:20
,,,,,,,,,,1.38,12:19
,,,,,,,,,,4.39,12:19
,,,,,,,,,,1.40,12:18
,,,,,,,,,,2.14,12:18
,,,,,,,,,,8.54,12:17
,,,,,,,,,,2.47,12:17
,,,,,,,,,,3.70,12:16
,,,,,,,,,,1.71,12:16
,,,,,,,,,,1.75,12:15
,,,,,,,,,,3.99,12:15
,,,,,,,,,,2.89,12:14
,,,,,,,,,,2.11,12:14
,,,,,,,,,,3.63,12:13
,,,,,,,,,,1.64,12:13
,,,,,,,,,,1.75,12:13
,,,,,,,,,,3.72,12:12
,,,,,,,,,,1.19,12:12
,,,,,,,,,,1.16,12:11
,,,,,,,,,,3.50,12:11
,,,,,,,,,,1.39,12:11
,,,,,,,,,,1.79,12:10
,,,,,,,,,,1.74,12:10
,,,,,,,,,,1.39,12:10
,,,,,,,,,,30.01,12:09
,,,,,,,,,,1.39,12:08
,,,,,,,,,,1.39,12:08
,,,,,,,,,,1.80,12:08
,,,,,,,,,,1.36,12:07
,,,,,,,,,,1.75,12:07
,,,,,,,,,,1.92,12:07
,,,,,,,,,,3.04,12:06
,,,,,,,,,,1.39,12:06
,,,,,,,,,,1.45,12:05
,,,,,,,,,,3.03,12:05
,,,,,,,,,,20.44,12:05
,,,,,,,,,,10.80,12:04
,,,,,,,,,,1.28,12:03
,,,,,,,,,,6.39,12:02
,,,,,,,,,,30.07,12:02
,,,,,,,,,,25.31,12:01
,,,,,,,,,,2.37,12:00
,,,,,,,,,,1.14,11:59
,,,,,,,,,,9.15,11:59
,,,,,,,,,,2.48,11:58
,,,,,,,,,,25.54,11:58
,,,,,,,,,,1.04,11:56
,,,,,,,,,,10.54,11:56
,,,,,,,,,,2.18,11:55
,,,,,,,,,,1.99,11:55
,,,,,,,,,,1.12,11:55
,,,,,,,,,,1.75,11:54
,,,,,,,,,,1.55,11:54
,,,,,,,,,,1.35,11:54
,,,,,,,,,,2.08,11:53
,,,,,,,,,,1.87,11:53
,,,,,,,,,,2.03,11:53
,,,,,,,,,,1.18,11:52
,,,,,,,,,,1.23,11:52
,,,,,,,,,,65.75,11:52
,,,,,,,,,,32.24,11:50
,,,,,,,,,,1.24,11:49
,,,,,,,,,,2.67,11:49
,,,,,,,,,,1.74,11:49
,,,,,,,,,,2.93,11:48
,,,,,,,,,,26.02,11:48
,,,,,,,,,,2.53,11:47
,,,,,,,,,,2.63,11:46
,,,,,,,,,,2.19,11:46
,,,,,,,,,,3.03,11:45
,,,,,,,,,,1.13,11:45
,,,,,,,,,,1.69,11:44
,,,,,,,,,,1.55,11:44
,,,,,,,,,,1.43,11:44
,,,,,,,,,,2.70,11:44
,,,,,,,,,,2.28,11:43
,,,,,,,,,,6.04,11:43
,,,,,,,,,,46.79,11:42
,,,,,,,,,,1.34,11:41
,,,,,,,,,,1.95,11:40
,,,,,,,,,,2.49,11:40
,,,,,,,,,,1.66,11:40
,,,,,,,,,,1.86,11:39
,,,,,,,,,,1.19,11:39
,,,,,,,,,,4.07,11:39
,,,,,,,,,,5.88,11:38
,,,,,,,,,,18.83,11:37
,,,,,,,,,,2.90,11:36
,,,,,,,,,,1.53,11:36
,,,,,,,,,,3.61,11:36
,,,,,,,,,,2.96,11:35
,,,,,,,,,,1.85,11:34
,,,,,,,,,,3.99,11:34
,,,,,,,,,,18.51,11:34
,,,,,,,,,,2.13,11:32
,,,,,,,,,,4.45,11:32
,,,,,,,,,,1.05,11:31
,,,,,,,,,,1.09,11:31
,,,,,,,,,,7.33,11:31
,,,,,,,,,,27.51,11:30
,,,,,,,,,,11.12,11:29
,,,,,,,,,,1.14,11:28
,,,,,,,,,,1.24,11:28
,,,,,,,,,,4.55,11:28
,,,,,,,,,,8.89,11:27
,,,,,,,,,,1.03,11:26
,,,,,,,,,,13.38,11:26
,,,,,,,,,,5.83,11:25
,,,,,,,,,,1.39,11:25
,,,,,,,,,,1.21,11:24
,,,,,,,,,,1.01,11:24
,,,,,,,,,,5.04,11:24
,,,,,,,,,,23.70,11:23
,,,,,,,,,,5.17,11:22
,,,,,,,,,,1.10,11:21
,,,,,,,,,,24.31,11:21
,,,,,,,,,,13.52,11:20
,,,,,,,,,,10.25,11:19
,,,,,,,,,,2.05,11:18
,,,,,,,,,,1.12,11:18
,,,,,,,,,,2.38,11:18
,,,,,,,,,,3.70,11:17
,,,,,,,,,,1.03,11:17
,,,,,,,,,,4.86,11:17
,,,,,,,,,,1.31,11:16
,,,,,,,,,,1.04,11:16
,,,,,,,,,,1.07,11:15
,,,,,,,,,,9.38,11:15
,,,,,,,,,,1.13,11:14
,,,,,,,,,,1.53,11:14
,,,,,,,,,,1.38,11:14
,,,,,,,,,,2.69,11:14
,,,,,,,,,,3.01,11:13
,,,,,,,,,,3.88,11:13
,,,,,,,,,,2.89,11:12
,,,,,,,,,,2.28,11:12
,,,,,,,,,,1.29,11:11
,,,,,,,,,,23.12,11:11
,,,,,,,,,,3.03,11:10
,,,,,,,,,,2.50,11:09
,,,,,,,,,,1.69,11:09
,,,,,,,,,,1.42,11:08
,,,,,,,,,,3.09,11:08
,,,,,,,,,,1.21,11:08
,,,,,,,,,,7.12,11:07
,,,,,,,,,,1.80,11:07
,,,,,,,,,,1.49,11:06
,,,,,,,,,,1.21,11:06
,,,,,,,,,,1.69,11:06
,,,,,,,,,,1.40,11:05
,,,,,,,,,,30.25,11:05
,,,,,,,,,,3.74,11:04
,,,,,,,,,,1.49,11:03
,,,,,,,,,,3.35,11:03
,,,,,,,,,,1.00,11:03
,,,,,,,,,,2.89,11:02
,,,,,,,,,,21.80,11:02
,,,,,,,,,,1.66,11:01
,,,,,,,,,,4.39,11:00
,,,,,,,,,,2.80,11:00
,,,,,,,,,,1.23,10:59
,,,,,,,,,,3.33,10:59
,,,,,,,,,,2.11,10:59
,,,,,,,,,,2.52,10:58
,,,,,,,,,,1.14,10:58
,,,,,,,,,,1.11,10:58
,,,,,,,,,,1.35,10:57
,,,,,,,,,,2.35,10:57
,,,,,,,,,,4.57,10:57
,,,,,,,,,,2.19,10:56
,,,,,,,,,,8.32,10:56
,,,,,,,,,,2.15,10:55
,,,,,,,,,,1.82,10:54
,,,,,,,,,,1.36,10:54
,,,,,,,,,,1.14,10:54
,,,,,,,,,,4.77,10:53
,,,,,,,,,,1.52,10:53
,,,,,,,,,,1.65,10:53
,,,,,,,,,,1.03,10:52
,,,,,,,,,,1.93,10:52
,,,,,,,,,,7.37,10:52
,,,,,,,,,,2.27,10:51
,,,,,,,,,,1.05,10:50
,,,,,,,,,,1.45,10:50
,,,,,,,,,,1.18,10:50
,,,,,,,,,,1.25,10:50
,,,,,,,,,,2.91,10:49
,,,,,,,,,,2.20,10:49
,,,,,,,,,,3.53,10:48
,,,,,,,,,,2.62,10:48
,,,,,,,,,,2.39,10:47
,,,,,,,,,,2.99,10:47
,,,,,,,,,,1.57,10:47
,,,,,,,,,,3.20,10:46
,,,,,,,,,,2.64,10:46
,,,,,,,,,,1.09,10:45
,,,,,,,,,,1.79,10:45
,,,,,,,,,,1.39,10:45
,,,,,,,,,,14.53,10:44
,,,,,,,,,,76.40,10:43
,,,,,,,,,,1.68,10:42
,,,,,,,,,,1.87,10:42
,,,,,,,,,,8.23,10:41
,,,,,,,,,,4.42,10:41
,,,,,,,,,,1.02,10:40
,,,,,,,,,,2.64,10:40
,,,,,,,,,,10.89,10:39
,,,,,,,,,,1.78,10:38
,,,,,,,,,,4.13,10:38
,,,,,,,,,,1.11,10:37
,,,,,,,,,,1.10,10:37
,,,,,,,,,,1.98,10:37
,,,,,,,,,,1.08,10:37
,,,,,,,,,,1.34,10:36
,,,,,,,,,,1.18,10:36
,,,,,,,,,,1.81,10:36
,,,,,,,,,,1.62,10:35
,,,,,,,,,,1.28,10:35
,,,,,,,,,,3.43,10:35
,,,,,,,,,,7.07,10:34
,,,,,,,,,,1.00,10:34
,,,,,,,,,,4.86,10:33
,,,,,,,,,,1.38,10:33
,,,,,,,,,,2.79,10:32
,,,,,,,,,,2.68,10:32
,,,,,,,,,,1.10,10:32
,,,,,,,,,,1.80,10:31
,,,,,,,,,,2.01,10:31
,,,,,,,,,,1.61,10:31
,,,,,,,,,,1.85,10:30
,,,,,,,,,,4.02,10:30
,,,,,,,,,,1.11,10:29
,,,,,,,,,,1.63,10:29
,,,,,,,,,,21.74,10:29
,,,,,,,,,,3.92,10:28
,,,,,,,,,,3.63,10:27
,,,,,,,,,,1.77,10:27
,,,,,,,,,,4.30,10:26
,,,,,,,,,,1.25,10:26
,,,,,,,,,,1.00,10:25
,,,,,,,,,,3.29,10:25
,,,,,,,,,,1.95,10:25
,,,,,,,,,,1.62,10:24
,,,,,,,,,,13.38,10:24
,,,,,,,,,,1.48,10:23
,,,,,,,,,,1.06,10:23
,,,,,,,,,,10.99,10:22
,,,,,,,,,,1.70,10:22
,,,,,,,,,,2.85,10:21
,,,,,,,,,,2.76,10:21
,,,,,,,,,,1.55,10:20
,,,,,,,,,,3.24,10:20
,,,,,,,,,,1.98,10:19
,,,,,,,,,,6.59,10:19
,,,,,,,,,,2.17,10:18
,,,,,,,,,,18.87,10:18
,,,,,,,,,,1.71,10:17
,,,,,,,,,,1.31,10:17
,,,,,,,,,,2.21,10:16
,,,,,,,,,,11.92,10:16
,,,,,,,,,,1.42,10:15
,,,,,,,,,,1.88,10:15
,,,,,,,,,,1.89,10:14
,,,,,,,,,,1.49,10:14
,,,,,,,,,,2.98,10:14
,,,,,,,,,,1.22,10:13
,,,,,,,,,,3.00,10:13
,,,,,,,,,,1.84,10:12
,,,,,,,,,,3.54,10:12
,,,,,,,,,,1.69,10:11
,,,,,,,,,,6.30,10:11
,,,,,,,,,,8.49,10:10
,,,,,,,,,,1.69,10:10
,,,,,,,,,,1.26,10:09
,,,,,,,,,,1.91,10:09
,,,,,,,,,,7.78,10:09
,,,,,,,,,,1.29,10:08
,,,,,,,,,,2.00,10:08
,,,,,,,,,,17.03,10:07
,,,,,,,,,,1.92,10:06
,,,,,,,,,,1.23,10:06
,,,,,,,,,,1.42,10:06
,,,,,,,,,,2.13,10:05
,,,,,,,,,,1.73,10:05
,,,,,,,,,,2.17,10:05
,,,,,,,,,,1.30,10:04
,,,,,,,,,,1.02,10:04
,,,,,,,,,,1.00,10:04
,,,,,,,,,,2.05,10:03
,,,,,,,,,,1.22,10:03
,,,,,,,,,,1.18,10:03
,,,,,,,,,,2.81,10:03
,,,,,,,,,,20.96,10:03
,,,,,,,,,,2.79,10:03
,,,,,,,,,,2.54,10:03
,,,,,,,,,,1.11,10:03
,,,,,,,,,,1.44,10:03
,,,,,,,,,,1.21,10:03
,,,,,,,,,,2.46,10:03
,,,,,,,,,,7.66,10:03
,,,,,,,,,,1.15,09:58
,,,,,,,,,,2.74,09:58
,,,,,,,,,,1.19,09:57
,,,,,,,,,,1.28,09:57
,,,,,,,,,,1.29,09:57
,,,,,,,,,,1.00,09:57
,,,,,,,,,,1.10,09:56
,,,,,,,,,,3.01,09:56
,,,,,,,,,,1.07,09:56
,,,,,,,,,,1.09,09:55
,,,,,,,,,,1.09,09:55
,,,,,,,,,,1.00,09:55
,,,,,,,,,,1.22,09:55
,,,,,,,,,,1.06,09:55
,,,,,,,,,,2.15,09:54
,,,,,,,,,,113.13,09:54
,,,,,,,,,,5.55,09:52
,,,,,,,,,,1.07,09:52
,,,,,,,,,,8.85,09:52
,,,,,,,,,,1.14,09:51
,,,,,,,,,,2.00,09:50
,,,,,,,,,,4.72,09:50
,,,,,,,,,,269.17,09:49
,,,,,,,,,,1.16,09:48
,,,,,,,,,,2.87,09:47
,,,,,,,,,,2.13,09:47
,,,,,,,,,,1.46,09:47
,,,,,,,,,,7.50,09:46
,,,,,,,,,,1.37,09:46
,,,,,,,,,,16.82,09:45
,,,,,,,,,,1.19,09:44
,,,,,,,,,,1.01,09:44
,,,,,,,,,,1.46,09:44
,,,,,,,,,,1.11,09:43
,,,,,,,,,,1.62,09:43
,,,,,,,,,,1.08,09:43
,,,,,,,,,,1.55,09:43
,,,,,,,,,,1.01,09:42
,,,,,,,,,,2.98,09:42
,,,,,,,,,,2.42,09:42
,,,,,,,,,,2.39,09:41
,,,,,,,,,,3.39,09:41
,,,,,,,,,,2.30,09:40
,,,,,,,,,,1.13,09:40
,,,,,,,,,,1.08,09:40
,,,,,,,,,,1.98,09:39
,,,,,,,,,,2.44,09:39
,,,,,,,,,,1.13,09:39
,,,,,,,,,,7.82,09:39
,,,,,,,,,,2.63,09:39
,,,,,,,,,,3.43,09:39
,,,,,,,,,,1449.36,09:39
,,,,,,,,,,1.76,09:34
,,,,,,,,,,1.04,09:34
,,,,,,,,,,1.15,09:34
,,,,,,,,,,1.71,09:34
,,,,,,,,,,3.35,09:33
,,,,,,,,,,1.00,09:33
,,,,,,,,,,2.37,09:32
,,,,,,,,,,8.96,09:32
,,,,,,,,,,5.47,09:31
,,,,,,,,,,6.79,09:31
,,,,,,,,,,2.25,09:30
,,,,,,,,,,4.66,09:29
,,,,,,,,,,1.02,09:29
,,,,,,,,,,5.90,09:29
,,,,,,,,,,4.54,09:28
,,,,,,,,,,1.41,09:27
,,,,,,,,,,1.27,09:27
,,,,,,,,,,1.40,09:27
,,,,,,,,,,7.26,09:27
,,,,,,,,,,7.26,09:26
,,,,,,,,,,8.49,09:25
,,,,,,,,,,1.87,09:24
,,,,,,,,,,1.19,09:24
,,,,,,,,,,3.74,09:23
,,,,,,,,,,17.98,09:23
,,,,,,,,,,2.29,09:22
,,,,,,,,,,2.87,09:22
,,,,,,,,,,6.80,09:21
,,,,,,,,,,1.97,09:20
,,,,,,,,,,1.11,09:20
,,,,,,,,,,1.39,09:20
,,,,,,,,,,2.85,09:19
,,,,,,,,,,1.05,09:19
,,,,,,,,,,2.12,09:19
,,,,,,,,,,2.03,09:18
,,,,,,,,,,1.53,09:18
,,,,,,,,,,5.60,09:18
,,,,,,,,,,3.24,09:17
,,,,,,,,,,6.07,09:16
,,,,,,,,,,9.86,09:16
,,,,,,,,,,1.54,09:15
,,,,,,,,,,1.08,09:15
,,,,,,,,,,4.61,09:14
,,,,,,,,,,2.04,09:14
,,,,,,,,,,2.64,09:13
,,,,,,,,,,1.44,09:13
,,,,,,,,,,1.51,09:13
,,,,,,,,,,11.15,09:12
,,,,,,,,,,1.20,09:11
,,,,,,,,,,4.01,09:11
,,,,,,,,,,6.00,09:11
,,,,,,,,,,14.05,09:10
,,,,,,,,,,1.96,09:09
,,,,,,,,,,2.02,09:09
,,,,,,,,,,1.01,09:08
,,,,,,,,,,2.28,09:08
,,,,,,,,,,1.61,09:07
,,,,,,,,,,4.34,09:07
,,,,,,,,,,4.40,09:07
,,,,,,,,,,1.44,09:06
,,,,,,,,,,1.87,09:06
,,,,,,,,,,1.58,09:05
,,,,,,,,,,2.06,09:05
,,,,,,,,,,1.18,09:05
,,,,,,,,,,1.65,09:04
,,,,,,,,,,1.91,09:04
,,,,,,,,,,1.20,09:04
,,,,,,,,,,1.20,09:03
,,,,,,,,,,4.68,09:03
,,,,,,,,,,2.09,09:02
,,,,,,,,,,8.77,09:02
,,,,,,,,,,1.08,09:01
,,,,,,,,,,1.02,09:01
,,,,,,,,,,5.82,09:01
,,,,,,,,,,1.50,09:00
,,,,,,,,,,4.35,09:00
,,,,,,,,,,8.13,08:59
,,,,,,,,,,1.02,08:58
,,,,,,,,,,2.13,08:58
,,,,,,,,,,1.15,08:58
,,,,,,,,,,1.05,08:58
,,,,,,,,,,1.20,08:57
,,,,,,,,,,1.71,08:57
,,,,,,,,,,1.00,08:57
,,,,,,,,,,1.16,08:57
,,,,,,,,,,1.45,08:56
,,,,,,,,,,1.18,08:56
,,,,,,,,,,4.61,08:56
,,,,,,,,,,1.20,08:55
,,,,,,,,,,2.27,08:55
,,,,,,,,,,1.64,08:55
,,,,,,,,,,5.57,08:54
,,,,,,,,,,10.13,08:54
,,,,,,,,,,4.71,08:53
,,,,,,,,,,2.20,08:52
,,,,,,,,,,1.20,08:52
,,,,,,,,,,9.34,08:51
,,,,,,,,,,1.56,08:51
,,,,,,,,,,12.32,08:50
,,,,,,,,,,6.36,08:49
,,,,,,,,,,1.07,08:49
,,,,,,,,,,1.19,08:48
,,,,,,,,,,1.20,08:48
,,,,,,,,,,1.01,08:48
,,,,,,,,,,4.16,08:48
,,,,,,,,,,1.27,08:47
,,,,,,,,,,1.02,08:47
,,,,,,,,,,2.91,08:47
,,,,,,,,,,1.27,08:46
,,,,,,,,,,1.17,08:46
,,,,,,,,,,4.47,08:46
,,,,,,,,,,2.96,08:45
,,,,,,,,,,1.80,08:45
,,,,,,,,,,1.92,08:44
,,,,,,,,,,1.97,08:44
,,,,,,,,,,2.13,08:43
,,,,,,,,,,4.63,08:43
,,,,,,,,,,1.11,08:42
,,,,,,,,,,24.30,08:42
,,,,,,,,,,1.43,08:41
,,,,,,,,,,1.04,08:41
,,,,,,,,,,1.30,08:41
,,,,,,,,,,1.53,08:40
,,,,,,,,,,1.22,08:40
,,,,,,,,,,7.92,08:40
,,,,,,,,,,1.22,08:39
,,,,,,,,,,3.80,08:39
,,,,,,,,,,1.38,08:38
,,,,,,,,,,4.57,08:38
,,,,,,,,,,2.36,08:37
,,,,,,,,,,1.54,08:37
,,,,,,,,,,2.35,08:36
,,,,,,,,,,1.05,08:36
,,,,,,,,,,2.44,08:36
,,,,,,,,,,1.57,08:35
,,,,,,,,,,12.10,08:35
,,,,,,,,,,1.32,08:34
,,,,,,,,,,1.77,08:34
,,,,,,,,,,25.09,08:34
,,,,,,,,,,4.99,08:32
,,,,,,,,,,1.39,08:32
,,,,,,,,,,7.06,08:32
,,,,,,,,,,2.35,08:31
,,,,,,,,,,1.18,08:30
,,,,,,,,,,1.88,08:30
,,,,,,,,,,3.87,08:30
,,,,,,,,,,32.86,08:29
,,,,,,,,,,2.64,08:28
,,,,,,,,,,37.08,08:28
,,,,,,,,,,1.21,08:26
,,,,,,,,,,218.80,08:26
,,,,,,,,,,1.75,08:24
,,,,,,,,,,5.84,08:24
,,,,,,,,,,1.09,08:23
,,,,,,,,,,1.56,08:23
,,,,,,,,,,23.83,08:23
,,,,,,,,,,1.19,08:23
,,,,,,,,,,1.56,08:23
,,,,,,,,,,1.29,08:23
,,,,,,,,,,1.88,08:23
,,,,,,,,,,1.07,08:23
,,,,,,,,,,4.66,08:23
,,,,,,,,,,19.62,08:23
,,,,,,,,,,2.59,08:23
,,,,,,,,,,23.05,08:18
,,,,,,,,,,9.39,08:17
,,,,,,,,,,1.74,08:16
,,,,,,,,,,1.67,08:16
,,,,,,,,,,1.82,08:16
,,,,,,,,,,1.21,08:15
,,,,,,,,,,7.67,08:15
,,,,,,,,,,1.40,08:14
,,,,,,,,,,10.92,08:14
,,,,,,,,,,1.41,08:13
,,,,,,,,,,19.39,08:13
,,,,,,,,,,1.79,08:12
,,,,,,,,,,1.23,08:11
,,,,,,,,,,9.21,08:11
,,,,,,,,,,3.65,08:10
,,,,,,,,,,5.14,08:10
,,,,,,,,,,229.17,08:09
,,,,,,,,,,4.85,08:07
,,,,,,,,,,2.21,08:07
,,,,,,,,,,5.56,08:06
,,,,,,,,,,1.43,08:06
,,,,,,,,,,1.00,08:05
,,,,,,,,,,4.96,08:05
,,,,,,,,,,1.50,08:05
,,,,,,,,,,2.70,08:04
,,,,,,,,,,1.08,08:04
,,,,,,,,,,1.04,08:04
,,,,,,,,,,18.60,08:03
,,,,,,,,,,6.79,08:02
,,,,,,,,,,2.34,08:02
,,,,,,,,,,2.96,08:01
,,,,,,,,,,2.37,08:01
,,,,,,,,,,1.01,08:00
,,,,,,,,,,1.01,08:00
,,,,,,,,,,1.42,08:00
,,,,,,,,,,4.56,08:00
,,,,,,,,,,4.12,07:59
,,,,,,,,,,1.25,07:58
,,,,,,,,,,1.20,07:58
,,,,,,,,,,1.38,07:58
,,,,,,,,,,1.35,07:58
,,,,,,,,,,1.14,07:57
,,,,,,,,,,1.29,07:57
,,,,,,,,,,2.09,07:57
,,,,,,,,,,5.01,07:56
,,,,,,,,,,1.45,07:56
,,,,,,,,,,2.28,07:55
,,,,,,,,,,1.05,07:55
,,,,,,,,,,1.09,07:55
,,,,,,,,,,1.06,07:55
,,,,,,,,,,1.73,07:54
,,,,,,,,,,1.30,07:54
,,,,,,,,,,24.37,07:54
,,,,,,,,,,8.03,07:53
,,,,,,,,,,1.00,07:52
,,,,,,,,,,3.55,07:52
,,,,,,,,,,1.42,07:51
,,,,,,,,,,5.61,07:51
,,,,,,,,,,3.17,07:50
,,,,,,,,,,10.00,07:50
,,,,,,,,,,1.71,07:49
,,,,,,,,,,3.48,07:48
,,,,,,,,,,13.16,07:48
,,,,,,,,,,1.29,07:47
,,,,,,,,,,3.41,07:47
,,,,,,,,,,24.22,07:46
,,,,,,,,,,3.17,07:46
,,,,,,,,,,1.22,07:46
,,,,,,,,,,1.68,07:45
,,,,,,,,,,3.79,07:45
,,,,,,,,,,5.45,07:45
,,,,,,,,,,201.11,07:42
,,,,,,,,,,5.37,07:41
,,,,,,,,,,1.06,07:40
,,,,,,,,,,1.53,07:40
,,,,,,,,,,1.20,07:40
,,,,,,,,,,26.45,07:39
,,,,,,,,,,2.34,07:38
,,,,,,,,,,6.79,07:38
,,,,,,,,,,1.22,07:37
,,,,,,,,,,1.03,07:37
,,,,,,,,,,1.60,07:37
,,,,,,,,,,1.29,07:36
,,,,,,,,,,2.50,07:36
,,,,,,,,,,1.05,07:35
,,,,,,,,,,3.74,07:35
,,,,,,,,,,1.95,07:35
,,,,,,,,,,1.66,07:34
,,,,,,,,,,1.08,07:34
,,,,,,,,,,1.14,07:34
,,,,,,,,,,5.20,07:34
,,,,,,,,,,2.26,07:33
,,,,,,,,,,4.35,07:32
,,,,,,,,,,1.59,07:32
,,,,,,,,,,4.19,07:32
,,,,,,,,,,15.92,07:31
,,,,,,,,,,3.78,07:30
,,,,,,,,,,1.13,07:29
,,,,,,,,,,2.92,07:29
,,,,,,,,,,2.33,07:29
,,,,,,,,,,1.22,07:28
,,,,,,,,,,1.95,07:28
,,,,,,,,,,11.10,07:28
,,,,,,,,,,2.12,07:27
,,,,,,,,,,20.03,07:26
,,,,,,,,,,1.67,07:25
,,,,,,,,,,1.13,07:25
,,,,,,,,,,1.21,07:25
,,,,,,,,,,1.63,07:25
,,,,,,,,,,1.28,07:24
,,,,,,,,,,1.02,07:24
,,,,,,,,,,1.13,07:24
,,,,,,,,,,1.05,07:24
,,,,,,,,,,21.58,07:23
,,,,,,,,,,1.10,07:22
,,,,,,,,,,7.69,07:22
,,,,,,,,,,1.47,07:21
,,,,,,,,,,2.49,07:21
,,,,,,,,,,1.04,07:20
,,,,,,,,,,6.18,07:20
,,,,,,,,,,1.35,07:20
,,,,,,,,,,1.20,07:19
,,,,,,,,,,2.09,07:19
,,,,,,,,,,4.75,07:19
,,,,,,,,,,1.24,07:18
,,,,,,,,,,2.11,07:18
,,,,,,,,,,9.94,07:17
,,,,,,,,,,1.17,07:16
,,,,,,,,,,2.42,07:16
,,,,,,,,,,2.32,07:16
,,,,,,,,,,1.10,07:15
,,,,,,,,,,1.20,07:15
,,,,,,,,,,6.29,07:15
,,,,,,,,,,7.91,07:14
,,,,,,,,,,2.00,07:13
,,,,,,,,,,2.47,07:13
,,,,,,,,,,2.56,07:13
,,,,,,,,,,7.33,07:12
,,,,,,,,,,7.77,07:11
,,,,,,,,,,4.81,07:11
,,,,,,,,,,1.68,07:10
,,,,,,,,,,4.51,07:10
,,,,,,,,,,11.76,07:09
,,,,,,,,,,2.88,07:08
,,,,,,,,,,1.94,07:08
,,,,,,,,,,9.44,07:07
,,,,,,,,,,2.12,07:06
,,,,,,,,,,1.35,07:06
,,,,,,,,,,2.25,07:06
,,,,,,,,,,1.22,07:05
,,,,,,,,,,4.29,07:05
,,,,,,,,,,3.73,07:04
,,,,,,,,,,1.12,07:04
,,,,,,,,,,1.53,07:04
,,,,,,,,,,1.80,07:03
,,,,,,,,,,1.05,07:03
,,,,,,,,,,1.08,07:03
,,,,,,,,,,9.14,07:03
,,,,,,,,,,2.51,07:02
,,,,,,,,,,1.73,07:01
,,,,,,,,,,3.13,07:01
,,,,,,,,,,1.50,07:00
,,,,,,,,,,3.04,07:00
,,,,,,,,,,1.63,07:00
,,,,,,,,,,6.15,06:59
,,,,,,,,,,1.45,06:59
,,,,,,,,,,8.22,06:58
,,,,,,,,,,7.51,06:58
,,,,,,,,,,24.69,06:57
,,,,,,,,,,1.77,06:56
,,,,,,,,,,2.83,06:55
,,,,,,,,,,1.95,06:55
,,,,,,,,,,12.18,06:54
,,,,,,,,,,1.08,06:54
,,,,,,,,,,5.68,06:53
,,,,,,,,,,4.08,06:53
,,,,,,,,,,3.33,06:52
,,,,,,,,,,2.33,06:52
,,,,,,,,,,1.00,06:51
,,,,,,,,,,1.95,06:51
,,,,,,,,,,2.39,06:51
,,,,,,,,,,1.64,06:50
,,,,,,,,,,11.59,06:50
,,,,,,,,,,2.07,06:49
,,,,,,,,,,1.64,06:49
,,,,,,,,,,4.58,06:48
,,,,,,,,,,5.64,06:48
,,,,,,,,,,1.65,06:47
,,,,,,,,,,2.11,06:47
,,,,,,,,,,1.23,06:46
,,,,,,,,,,1.05,06:46
,,,,,,,,,,1.10,06:46
,,,,,,,,,,2.34,06:45
,,,,,,,,,,11.01,06:45
,,,,,,,,,,2.62,06:44
,,,,,,,,,,1.04,06:44
,,,,,,,,,,3.59,06:43
,,,,,,,,,,1.10,06:43
,,,,,,,,,,3.82,06:43
,,,,,,,,,,2.63,06:42
,,,,,,,,,,2.56,06:42
,,,,,,,,,,5.69,06:41
,,,,,,,,,,1.09,06:41
,,,,,,,,,,1.34,06:40
,,,,,,,,,,1.18,06:40
,,,,,,,,,,1.03,06:40
,,,,,,,,,,1.16,06:40
,,,,,,,,,,3.44,06:39
,,,,,,,,,,2.87,06:39
,,,,,,,,,,3.00,06:38
,,,,,,,,,,1.14,06:38
,,,,,,,,,,6.20,06:38
,,,,,,,,,,1.81,06:37
,,,,,,,,,,1.15,06:37
,,,,,,,,,,1.70,06:36
,,,,,,,,,,1.07,06:36
,,,,,,,,,,2.63,06:36
,,,,,,,,,,1.92,06:35
,,,,,,,,,,1.01,06:35
,,,,,,,,,,1.38,06:35
,,,,,,,,,,1.15,06:34
,,,,,,,,,,1.99,06:34
,,,,,,,,,,11.70,06:34
,,,,,,,,,,4.19,06:33
,,,,,,,,,,1.66,06:32
,,,,,,,,,,95.54,06:32
,,,,,,,,,,12.79,06:30
,,,,,,,,,,3.49,06:30
,,,,,,,,,,2.29,06:29
,,,,,,,,,,3.25,06:29
,,,,,,,,,,1.44,06:28
,,,,,,,,,,1.00,06:28
,,,,,,,,,,2.91,06:28
,,,,,,,,,,1.05,06:27
,,,,,,,,,,8.37,06:27
,,,,,,,,,,1.22,06:26
,,,,,,,,,,1.08,06:26
,,,,,,,,,,1.02,06:26
,,,,,,,,,,1.61,06:25
,,,,,,,,,,1.22,06:25
,,,,,,,,,,1.14,06:25
,,,,,,,,,,2.92,06:25
,,,,,,,,,,1.59,06:24
,,,,,,,,,,2.08,06:24
,,,,,,,,,,1.00,06:23
,,,,,,,,,,1.08,06:23
,,,,,,,,,,1.74,06:23
,,,,,,,,,,1.18,06:23
,,,,,,,,,,3.42,06:22
,,,,,,,,,,1.93,06:22
,,,,,,,,,,2.68,06:21
,,,,,,,,,,3.52,06:21
,,,,,,,,,,3.33,06:20
,,,,,,,,,,1.10,06:20
,,,,,,,,,,1.21,06:20
,,,,,,,,,,3.55,06:19
,,,,,,,,,,1.99,06:19
,,,,,,,,,,4.41,06:19
,,,,,,,,,,1.00,06:18
,,,,,,,,,,3.78,06:18
,,,,,,,,,,1.18,06:17
,,,,,,,,,,2.42,06:17
,,,,,,,,,,7.43,06:16
,,,,,,,,,,2.30,06:16
,,,,,,,,,,1.30,06:15
,,,,,,,,,,1.11,06:15
,,,,,,,,,,1.35,06:15
,,,,,,,,,,1.00,06:14
,,,,,,,,,,1.57,06:14
,,,,,,,,,,1.15,06:14
,,,,,,,,,,2.43,06:14
,,,,,,,,,,1.67,06:13
,,,,,,,,,,1.61,06:13
,,,,,,,,,,3.14,06:13
,,,,,,,,,,15.67,06:12
,,,,,,,,,,6.23,06:11
,,,,,,,,,,5.69,06:10
,,,,,,,,,,19.33,06:10
,,,,,,,,,,4.76,06:09
,,,,,,,,,,4.75,06:08
,,,,,,,,,,1.01,06:07
,,,,,,,,,,1.02,06:07
,,,,,,,,,,1.15,06:07
,,,,,,,,,,1.88,06:07
,,,,,,,,,,6.00,06:06
,,,,,,,,,,8.51,06:06
,,,,,,,,,,1.67,06:05
,,,,,,,,,,23.31,06:05
,,,,,,,,,,5.54,06:04
,,,,,,,,,,3.36,06:03
,,,,,,,,,,1.76,06:03
,,,,,,,,,,1.26,06:02
,,,,,,,,,,4.79,06:02
,,,,,,,,,,32.56,06:01
,,,,,,,,,,1.70,06:00
,,,,,,,,,,2.15,06:00
,,,,,,,,,,1.29,05:59
,,,,,,,,,,1.22,05:59
,,,,,,,,,,1.70,05:59
,,,,,,,,,,1.77,05:58
,,,,,,,,,,1.16,05:58
,,,,,,,,,,1.90,05:58
,,,,,,,,,,49.40,05:57
,,,,,,,,,,1.04,05:56
,,,,,,,,,,3.23,05:56
,,,,,,,,,,2.77,05:55
,,,,,,,,,,1.15,05:55
,,,,,,,,,,4.69,05:55
,,,,,,,,,,1.65,05:54
,,,,,,,,,,9.59,05:54
,,,,,,,,,,1.19,05:53
,,,,,,,,,,13.55,05:53
,,,,,,,,,,1.60,05:52
,,,,,,,,,,2.08,05:51
,,,,,,,,,,1.42,05:51
,,,,,,,,,,4.90,05:51
,,,,,,,,,,1.43,05:50
,,,,,,,,,,2.86,05:50
,,,,,,,,,,2.65,05:49
,,,,,,,,,,12.31,05:49
,,,,,,,,,,1.80,05:48
,,,,,,,,,,1.06,05:48
,,,,,,,,,,3.80,05:47
,,,,,,,,,,1.46,05:47
,,,,,,,,,,2.37,05:46
,,,,,,,,,,7.36,05:46
,,,,,,,,,,1.10,05:45
,,,,,,,,,,1.46,05:45
,,,,,,,,,,4.48,05:45
,,,,,,,,,,1.05,05:44
,,,,,,,,,,2.03,05:44
,,,,,,,,,,1.94,05:43
,,,,,,,,,,1.52,05:43
,,,,,,,,,,4.29,05:43
,,,,,,,,,,1.64,05:42
,,,,,,,,,,1.19,05:42
,,,,,,,,,,2.05,05:42
,,,,,,,,,,2.06,05:41
,,,,,,,,,,2.99,05:41
,,,,,,,,,,138.60,05:40
,,,,,,,,,,1.08,05:39
,,,,,,,,,,1.00,05:39
,,,,,,,,,,1.19,05:38
,,,,,,,,,,2.20,05:38
,,,,,,,,,,1.01,05:38
,,,,,,,,,,1.11,05:37
,,,,,,,,,,1.03,05:37
,,,,,,,,,,1.03,05:37
,,,,,,,,,,5.01,05:37
,,,,,,,,,,3.76,05:36
,,,,,,,,,,2.40,05:36
,,,,,,,,,,27.00,05:35
,,,,,,,,,,1.05,05:34
,,,,,,,,,,1.98,05:34
,,,,,,,,,,1.85,05:33
,,,,,,,,,,2.46,05:33
,,,,,,,,,,1.45,05:33
,,,,,,,,,,18.04,05:32
,,,,,,,,,,1.20,05:31
,,,,,,,,,,6.76,05:31
,,,,,,,,,,1.68,05:30
,,,,,,,,,,1.65,05:30
,,,,,,,,,,4.04,05:30
,,,,,,,,,,9.93,05:29
,,,,,,,,,,8.30,05:28
,,,,,,,,,,17.53,05:28
,,,,,,,,,,5.15,05:27
,,,,,,,,,,1.00,05:26
,,,,,,,,,,1.32,05:26
,,,,,,,,,,1.36,05:25
,,,,,,,,,,2.45,05:25
,,,,,,,,,,1.40,05:25
,,,,,,,,,,2.15,05:24
,,,,,,,,,,1.14,05:24
,,,,,,,,,,1.94,05:24
,,,,,,,,,,1.03,05:23
,,,,,,,,,,1.60,05:23
,,,,,,,,,,1.08,05:23
,,,,,,,,,,7.04,05:23
,,,,,,,,,,4.28,05:22
,,,,,,,,,,1.77,05:21
,,,,,,,,,,4.09,05:21
,,,,,,,,,,1.10,05:20
,,,,,,,,,,1.03,05:20
,,,,,,,,,,3.37,05:20
,,,,,,,,,,2.03,05:19
,,,,,,,,,,1.39,05:19
,,,,,,,,,,1.25,05:19
,,,,,,,,,,5.93,05:18
,,,,,,,,,,1.99,05:18
,,,,,,,,,,1.71,05:17
,,,,,,,,,,1.04,05:17
,,,,,,,,,,18.06,05:17
,,,,,,,,,,1.88,05:16
,,,,,,,,,,1.79,05:15
,,,,,,,,,,4.14,05:15
,,,,,,,,,,6.00,05:14
,,,,,,,,,,2.03,05:14
,,,,,,,,,,4.13,05:13
,,,,,,,,,,2.42,05:13
,,,,,,,,,,1.44,05:12
,,,,,,,,,,5.08,05:12
,,,,,,,,,,24.04,05:11
,,,,,,,,,,1.62,05:10
,,,,,,,,,,18.24,05:10
,,,,,,,,,,1.91,05:09
,,,,,,,,,,4.76,05:09
,,,,,,,,,,4.23,05:09
,,,,,,,,,,4.63,05:07
,,,,,,,,,,2.02,05:07
,,,,,,,,,,2.86,05:06
,,,,,,,,,,1.38,05:06
,,,,,,,,,,1.39,05:06
,,,,,,,,,,1.28,05:05
,,,,,,,,,,2.64,05:05
,,,,,,,,,,1.54,05:05
,,,,,,,,,,28.79,05:04
,,,,,,,,,,8.62,05:03
,,,,,,,,,,1.11,05:02
,,,,,,,,,,5.11,05:02
,,,,,,,,,,1208.22,05:02
,,,,,,,,,,2.86,05:02
,,,,,,,,,,1.14,04:59
,,,,,,,,,,1.29,04:59
,,,,,,,,,,3.58,04:58
,,,,,,,,,,24.32,04:58
,,,,,,,,,,1.29,04:57
,,,,,,,,,,1.12,04:56
,,,,,,,,,,1.48,04:56
,,,,,,,,,,1.54,04:56
,,,,,,,,,,36.92,04:55
,,,,,,,,,,1.17,04:54
,,,,,,,,,,3.03,04:54
,,,,,,,,,,1.60,04:54
,,,,,,,,,,1.55,04:53
,,,,,,,,,,1.63,04:53
,,,,,,,,,,8.94,04:53
,,,,,,,,,,1.16,04:52
,,,,,,,,,,1786.86,04:52
,,,,,,,,,,1.56,04:49
,,,,,,,,,,1.17,04:49
,,,,,,,,,,1.98,04:49
,,,,,,,,,,1.29,04:48
,,,,,,,,,,1.62,04:48
,,,,,,,,,,1.09,04:48
,,,,,,,,,,2.40,04:47
,,,,,,,,,,5.96,04:47
,,,,,,,,,,1.20,04:46
,,,,,,,,,,2.41,04:46
,,,,,,,,,,89.49,04:46
,,,,,,,,,,2.09,04:44
,,,,,,,,,,1.04,04:44
,,,,,,,,,,65.41,04:44
,,,,,,,,,,2.61,04:42
,,,,,,,,,,1.00,04:42
,,,,,,,,,,1.14,04:42
,,,,,,,,,,1.65,04:41
,,,,,,,,,,2.32,04:41
,,,,,,,,,,1.20,04:41
,,,,,,,,,,1.02,04:40
,,,,,,,,,,1.34,04:40
,,,,,,,,,,1.51,04:40
,,,,,,,,,,1.68,04:40
,,,,,,,,,,1.12,04:39
,,,,,,,,,,8.44,04:39
,,,,,,,,,,9.37,04:38
,,,,,,,,,,3.20,04:37
,,,,,,,,,,1.10,04:37
,,,,,,,,,,2.02,04:37
,,,,,,,,,,21.23,04:36
,,,,,,,,,,23.02,04:35
,,,,,,,,,,1.21,04:34
,,,,,,,,,,3.68,04:34
,,,,,,,,,,12.76,04:33
,,,,,,,,,,4.30,04:32
,,,,,,,,,,1.09,04:32
,,,,,,,,,,2.29,04:32
,,,,,,,,,,16.53,04:31
,,,,,,,,,,1.57,04:30
,,,,,,,,,,2.88,04:30
,,,,,,,,,,2.82,04:29
,,,,,,,,,,26.83,04:29
,,,,,,,,,,2.40,04:28
,,,,,,,,,,1.09,04:27
,,,,,,,,,,1.44,04:27
,,,,,,,,,,2.58,04:27
,,,,,,,,,,1.98,04:26
,,,,,,,,,,1.84,04:26
,,,,,,,,,,2.81,04:26
,,,,,,,,,,1.08,04:25
,,,,,,,,,,2.24,04:25
,,,,,,,,,,1.62,04:25
,,,,,,,,,,3.38,04:24
,,,,,,,,,,1.11,04:24
,,,,,,,,,,4.40,04:23
,,,,,,,,,,1.24,04:23
,,,,,,,,,,1.00,04:23
,,,,,,,,,,1.05,04:22
,,,,,,,,,,3.09,04:22
,,,,,,,,,,3.20,04:22
,,,,,,,,,,1.71,04:21
,,,,,,,,,,1.00,04:21
,,,,,,,,,,1.00,04:21
,,,,,,,,,,7.58,04:20
,,,,,,,,,,1.55,04:20
,,,,,,,,,,1.57,04:19
,,,,,,,,,,7.46,04:19
,,,,,,,,,,11.79,04:18
,,,,,,,,,,3.09,04:17
,,,,,,,,,,1.75,04:17
,,,,,,,,,,1.06,04:16
,,,,,,,,,,10.91,04:16
,,,,,,,,,,2.16,04:15
,,,,,,,,,,2.13,04:15
,,,,,,,,,,1.25,04:15
,,,,,,,,,,1.67,04:14
,,,,,,,,,,12.62,04:14
,,,,,,,,,,12.11,04:13
,,,,,,,,,,1.11,04:12
,,,,,,,,,,1.44,04:12
,,,,,,,,,,4.46,04:12
,,,,,,,,,,18.17,04:11
,,,,,,,,,,1.14,04:10
,,,,,,,,,,1.43,04:10
,,,,,,,,,,1.85,04:10
,,,,,,,,,,1.10,04:09
,,,,,,,,,,2.91,04:09
,,,,,,,,,,2.21,04:08
,,,,,,,,,,1.12,04:08
,,,,,,,,,,5.00,04:08
,,,,,,,,,,2.74,04:07
,,,,,,,,,,1.73,04:07
,,,,,,,,,,6.14,04:06
,,,,,,,,,,2.83,04:06
,,,,,,,,,,1.93,04:05
,,,,,,,,,,3.69,04:05
,,,,,,,,,,1.81,04:04
,,,,,,,,,,4.39,04:04
,,,,,,,,,,60.83,04:03
,,,,,,,,,,1.02,04:02
,,,,,,,,,,6.52,04:02
,,,,,,,,,,78.48,01:46
,,,,,,,,,,1.34,01:45
,,,,,,,,,,9.18,01:45
,,,,,,,,,,1.30,01:44
,,,,,,,,,,1.57,01:43
,,,,,,,,,,1.68,01:43
,,,,,,,,,,1.41,01:43
,,,,,,,,,,1.07,01:42
,,,,,,,,,,1.03,01:42
,,,,,,,,,,1.11,01:42
,,,,,,,,,,154.13,01:42
,,,,,,,,,,5.28,01:41
,,,,,,,,,,7.17,01:40
,,,,,,,,,,1.31,01:39
,,,,,,,,,,1.73,01:39
,,,,,,,,,,1.76,01:38
,,,,,,,,,,3.45,01:38
,,,,,,,,,,1.00,01:37
,,,,,,,,,,2.08,01:37
,,,,,,,,,,3.42,01:37
,,,,,,,,,,1.21,01:36
,,,,,,,,,,1.20,01:36
,,,,,,,,,,1.57,01:36
,,,,,,,,,,1.52,01:35
,,,,,,,,,,5.54,01:35
,,,,,,,,,,17.34,01:34
,,,,,,,,,,1.33,01:33
,,,,,,,,,,1.04,01:33
,,,,,,,,,,2.29,01:33
,,,,,,,,,,6.16,01:32
,,,,,,,,,,1.91,01:32
,,,,,,,,,,1.23,01:31
,,,,,,,,,,4.98,01:31
,,,,,,,,,,4.81,01:31
,,,,,,,,,,2.33,01:30
,,,,,,,,,,1.33,01:29
,,,,,,,,,,1.13,01:29
,,,,,,,,,,5.41,01:29
,,,,,,,,,,11.01,01:28
,,,,,,,,,,2.79,01:27
,,,,,,,,,,1.14,01:27
,,,,,,,,,,7.63,01:27
,,,,,,,,,,11.89,01:26
,,,,,,,,,,1.33,01:25
,,,,,,,,,,2.37,01:25
,,,,,,,,,,3.79,01:24
,,,,,,,,,,389.84,01:24
,,,,,,,,,,3.67,01:22
,,,,,,,,,,1.48,01:21
,,,,,,,,,,1.00,01:21
,,,,,,,,,,1.03,01:21
,,,,,,,,,,2.28,01:21
,,,,,,,,,,1.04,01:20
,,,,,,,,,,15.87,01:20
,,,,,,,,,,2.48,01:19
,,,,,,,,,,1.11,01:19
,,,,,,,,,,67.86,01:18
,,,,,,,,,,2.47,01:17
,,,,,,,,,,5.91,01:17
,,,,,,,,,,5.97,01:16
,,,,,,,,,,1.43,01:15
,,,,,,,,,,1.02,01:15
,,,,,,,,,,1.00,01:15
,,,,,,,,,,1.35,01:15
,,,,,,,,,,1.72,01:14
,,,,,,,,,,2.01,01:14
,,,,,,,,,,1.49,01:13
,,,,,,,,,,1.38,01:13
,,,,,,,,,,1.26,01:13
,,,,,,,,,,8.41,01:13
,,,,,,,,,,1.47,01:12
,,,,,,,,,,1.25,01:12
,,,,,,,,,,4.32,01:11
,,,,,,,,,,2.46,01:11
,,,,,,,,,,2.08,01:10
,,,,,,,,,,1.01,01:10
,,,,,,,,,,5.13,01:10
,,,,,,,,,,2.17,01:09
,,,,,,,,,,5.28,01:09
,,,,,,,,,,1.09,01:08
,,,,,,,,,,1.68,01:08
,,,,,,,,,,7.90,01:07
,,,,,,,,,,3.34,01:07
,,,,,,,,,,1.00,01:06
,,,,,,,,,,2.39,01:06
,,,,,,,,,,2.21,01:05
,,,,,,,,,,4.34,01:05
,,,,,,,,,,2.36,01:04
,,,,,,,,,,1.08,01:04
,,,,,,,,,,1.29,01:04
,,,,,,,,,,1.47,01:03
,,,,,,,,,,1.21,01:03
,,,,,,,,,,1.04,01:03
,,,,,,,,,,4.86,01:03
,,,,,,,,,,2.06,01:02
,,,,,,,,,,1.10,01:02
,,,,,,,,,,1.38,01:01
,,,,,,,,,,3.07,01:01
,,,,,,,,,,1.19,01:01
,,,,,,,,,,1.76,01:00
,,,,,,,,,,1.81,01:00
,,,,,,,,,,1.08,01:00
,,,,,,,,,,1.14,00:59
,,,,,,,,,,439.87,00:59
,,,,,,,,,,1.23,00:57
,,,,,,,,,,1.49,00:57
,,,,,,,,,,1.73,00:57
,,,,,,,,,,4.75,00:56
,,,,,,,,,,1.37,00:56
,,,,,,,,,,1.97,00:56
,,,,,,,,,,11.36,00:55
,,,,,,,,,,1.31,00:54
,,,,,,,,,,1.56,00:54
,,,,,,,,,,7.21,00:54
,,,,,,,,,,1.13,00:53
,,,,,,,,,,1.85,00:53
,,,,,,,,,,3.34,00:52
,,,,,,,,,,1.06,00:52
,,,,,,,,,,1.45,00:52
,,,,,,,,,,895.26,00:51
,,,,,,,,,,1.62,00:49
,,,,,,,,,,1.41,00:49
,,,,,,,,,,4.01,00:49
,,,,,,,,,,1.52,00:48
,,,,,,,,,,3.44,00:48
,,,,,,,,,,6.04,00:47
,,,,,,,,,,2.02,00:46
,,,,,,,,,,7.89,00:46
,,,,,,,,,,3.61,00:45
,,,,,,,,,,3.89,00:45
,,,,,,,,,,1.41,00:44
,,,,,,,,,,2.12,00:44
,,,,,,,,,,2.60,00:43
,,,,,,,,,,2.24,00:43
,,,,,,,,,,3.92,00:43
,,,,,,,,,,1.71,00:42
,,,,,,,,,,3.05,00:42
,,,,,,,,,,1.15,00:41
,,,,,,,,,,1.57,00:41
,,,,,,,,,,7.41,00:41
,,,,,,,,,,2.82,00:40
,,,,,,,,,,1.02,00:39
,,,,,,,,,,17.25,00:39
,,,,,,,,,,1.14,00:38
,,,,,,,,,,1.18,00:38
,,,,,,,,,,32.12,00:38
,,,,,,,,,,1.36,00:37
,,,,,,,,,,2.52,00:36
,,,,,,,,,,2.36,00:36
,,,,,,,,,,1.21,00:35
,,,,,,,,,,7.01,00:35
,,,,,,,,,,1.43,00:34
,,,,,,,,,,2.78,00:34
,,,,,,,,,,1.10,00:34
,,,,,,,,,,1.16,00:33
,,,,,,,,,,7.35,00:33
,,,,,,,,,,2.72,00:32
,,,,,,,,,,1.00,00:32
,,,,,,,,,,1.21,00:32
,,,,,,,,,,1.01,00:32
,,,,,,,,,,2.67,00:31
,,,,,,,,,,1.51,00:31
,,,,,,,,,,1.08,00:31
,,,,,,,,,,4.02,00:30
,,,,,,,,,,2.66,00:30
,,,,,,,,,,1.36,00:29
,,,,,,,,,,2.18,00:29
,,,,,,,,,,6.78,00:29
,,,,,,,,,,4.21,00:28
,,,,,,,,,,1.07,00:27
,,,,,,,,,,1.54,00:27
,,,,,,,,,,1.07,00:27
,,,,,,,,,,1.37,00:27
,,,,,,,,,,6.76,00:26
,,,,,,,,,,3.81,00:26
,,,,,,,,,,2.19,00:25
,,,,,,,,,,2.45,00:25
,,,,,,,,,,16.62,00:24
,,,,,,,,,,3.16,00:23
,,,,,,,,,,1.26,00:23
,,,,,,,,,,1.47,00:22
,,,,,,,,,,6.49,00:22
,,,,,,,,,,1.14,00:21
,,,,,,,,,,4.44,00:21
,,,,,,,,,,2.63,00:20
,,,,,,,,,,6.70,00:20
,,,,,,,,,,1.57,00:19
,,,,,,,,,,1.07,00:19
,,,,,,,,,,1.10,00:19
,,,,,,,,,,1.48,00:19
,,,,,,,,,,1.73,00:18
,,,,,,,,,,1.09,00:18
,,,,,,,,,,2.60,00:18
,,,,,,,,,,27.22,00:17
,,,,,,,,,,5.15,00:16
,,,,,,,,,,1.15,00:15
,,,,,,,,,,10.11,00:15
,,,,,,,,,,1.05,00:14
,,,,,,,,,,1.22,00:14
,,,,,,,,,,3.78,00:14
,,,,,,,,,,1.68,00:13
,,,,,,,,,,5.90,00:13
,,,,,,,,,,2.10,00:12
,,,,,,,,,,6.98,00:12
,,,,,,,,,,3.62,00:11
,,,,,,,,,,5.21,00:11
,,,,,,,,,,7.71,00:10
,,,,,,,,,,3.38,00:09
,,,,,,,,,,2.87,00:09
,,,,,,,,,,4.76,00:08
,,,,,,,,,,1.80,00:08
,,,,,,,,,,1.02,00:07
,,,,,,,,,,1.54,00:07
,,,,,,,,,,3.63,00:07
,,,,,,,,,,3.20,00:06
,,,,,,,,,,4.86,00:06
,,,,,,,,,,1.80,00:05
,,,,,,,,,,36.60,00:05
,,,,,,,,,,1.66,00:03
,,,,,,,,,,2.17,00:03
,,,,,,,,,,1.12,00:03
,,,,,,,,,,1.06,00:02
,,,,,,,,,,2.08,00:02
,,,,,,,,,,1.90,00:02
,,,,,,,,,,23.64,00:01
,,,,,,,,,,4.68,00:00
,,,,,,,,,,1.49,00:00
,,,,,,,,,,1.13,23:59
,,,,,,,,,,1.23,23:59
,,,,,,,,,,1.11,23:59
,,,,,,,,,,1.24,23:59
,,,,,,,,,,2.35,23:58
,,,,,,,,,,1.97,23:58
,,,,,,,,,,1.09,23:58
,,,,,,,,,,1.07,23:57
,,,,,,,,,,1.04,23:57
,,,,,,,,,,14.13,23:57
,,,,,,,,,,1.07,23:56
,,,,,,,,,,1.73,23:56
,,,,,,,,,,4.35,23:56
,,,,,,,,,,3.34,23:55
,,,,,,,,,,1.97,23:54
,,,,,,,,,,1.07,23:54
,,,,,,,,,,1.13,23:54
,,,,,,,,,,1.77,23:54
,,,,,,,,,,1.66,23:53
,,,,,,,,,,3.74,23:53
,,,,,,,,,,8.59,23:52
,,,,,,,,,,1.70,23:52
,,,,,,,,,,1.68,23:51
,,,,,,,,,,4.25,23:51
,,,,,,,,,,2.21,23:50
,,,,,,,,,,1.26,23:50
,,,,,,,,,,3.14,23:50
,,,,,,,,,,2.93,23:49
,,,,,,,,,,2.76,23:49
,,,,,,,,,,2.17,23:48
,,,,,,,,,,3.14,23:48
,,,,,,,,,,2.14,23:47
,,,,,,,,,,2.14,23:47
,,,,,,,,,,1.60,23:46
,,,,,,,,,,2.37,23:46
,,,,,,,,,,1.57,23:46
,,,,,,,,,,8.00,23:45
,,,,,,,,,,2.33,23:44
,,,,,,,,,,2.38,23:44
,,,,,,,,,,1.09,23:44
,,,,,,,,,,3.75,23:43
,,,,,,,,,,2.25,23:43
,,,,,,,,,,2.51,23:42
,,,,,,,,,,3.57,23:42
,,,,,,,,,,1.13,23:41
,,,,,,,,,,4.11,23:41
,,,,,,,,,,1.78,23:41
,,,,,,,,,,1.69,23:40
,,,,,,,,,,2.83,23:40
,,,,,,,,,,1.69,23:39
,,,,,,,,,,1.20,23:39
,,,,,,,,,,19.91,23:39
,,,,,,,,,,2.96,23:38
,,,,,,,,,,6.78,23:37
,,,,,,,,,,2.27,23:37
,,,,,,,,,,3.11,23:36
,,,,,,,,,,1.70,23:36
,,,,,,,,,,1.40,23:35
,,,,,,,,,,1.08,23:35
,,,,,,,,,,1.10,23:35
,,,,,,,,,,10.52,23:35
,,,,,,,,,,2.98,23:34
,,,,,,,,,,1.00,23:33
,,,,,,,,,,2.74,23:33
,,,,,,,,,,1.03,23:33
,,,,,,,,,,1.06,23:32
,,,,,,,,,,1.33,23:32
,,,,,,,,,,1.00,23:32
,,,,,,,,,,7.23,23:32
,,,,,,,,,,1.65,23:31
,,,,,,,,,,1.19,23:31
,,,,,,,,,,6.83,23:30
,,,,,,,,,,1.62,23:30
,,,,,,,,,,1.25,23:29
,,,,,,,,,,44.29,23:29
,,,,,,,,,,9.00,23:28
,,,,,,,,,,1.00,23:27
,,,,,,,,,,1.11,23:27
,,,,,,,,,,1.13,23:26
,,,,,,,,,,1.53,23:26
,,,,,,,,,,8.17,23:26
,,,,,,,,,,11.42,23:25
,,,,,,,,,,2.77,23:24
,,,,,,,,,,1.53,23:24
,,,,,,,,,,3.76,23:23
,,,,,,,,,,1.17,23:23
,,,,,,,,,,3.81,23:23
,,,,,,,,,,1.04,23:22
,,,,,,,,,,1.09,23:22
,,,,,,,,,,1.17,23:22
,,,,,,,,,,1.38,23:21
,,,,,,,,,,1.09,23:21
,,,,,,,,,,4.13,23:21
,,,,,,,,,,1.13,23:20
,,,,,,,,,,1.05,23:20
,,,,,,,,,,1.01,23:20
,,,,,,,,,,1.65,23:20
,,,,,,,,,,2.55,23:19
,,,,,,,,,,1.61,23:19
,,,,,,,,,,5.39,23:19
,,,,,,,,,,2.46,23:18
,,,,,,,,,,1.03,23:17
,,,,,,,,,,1.64,23:17
,,,,,,,,,,1.19,23:17
,,,,,,,,,,19.28,23:17
,,,,,,,,,,1.70,23:16
,,,,,,,,,,1.21,23:15
,,,,,,,,,,6.32,23:15
,,,,,,,,,,3.00,23:14
,,,,,,,,,,1.52,23:14
,,,,,,,,,,11.51,23:14
,,,,,,,,,,1.51,23:13
,,,,,,,,,,1.14,23:12
,,,,,,,,,,1.42,23:12
,,,,,,,,,,1.27,23:12
,,,,,,,,,,113.86,23:12
,,,,,,,,,,6.12,23:10
,,,,,,,,,,1.57,23:09
,,,,,,,,,,1.41,23:09
,,,,,,,,,,2.66,23:09
,,,,,,,,,,1.58,23:08
,,,,,,,,,,1.04,23:08
,,,,,,,,,,3.37,23:08
,,,,,,,,,,7.18,23:07
,,,,,,,,,,1.74,23:06
,,,,,,,,,,3.79,23:06
,,,,,,,,,,1.38,23:06
,,,,,,,,,,5.73,23:05
,,,,,,,,,,1.52,23:05
,,,,,,,,,,1.03,23:04
,,,,,,,,,,3.33,23:04
,,,,,,,,,,1.02,23:03
,,,,,,,,,,32.64,23:03
,,,,,,,,,,1.55,23:02
,,,,,,,,,,2.99,23:02
,,,,,,,,,,1.55,23:01
,,,,,,,,,,2.76,23:01
,,,,,,,,,,1.19,23:01
,,,,,,,,,,2.44,23:00
,,,,,,,,,,10.81,23:00
,,,,,,,,,,1.23,22:59
,,,,,,,,,,1.53,22:59
,,,,,,,,,,4.67,22:58
,,,,,,,,,,3.77,22:58
,,,,,,,,,,1.14,22:57
,,,,,,,,,,1.60,22:57
,,,,,,,,,,5.25,22:57
,,,,,,,,,,1.47,22:56
,,,,,,,,,,3.11,22:56
,,,,,,,,,,1.49,22:55
,,,,,,,,,,2.87,22:55
,,,,,,,,,,3.53,22:54
,,,,,,,,,,1.00,22:54
,,,,,,,,,,19.36,22:54
,,,,,,,,,,3.89,22:53
,,,,,,,,,,3.32,22:52
,,,,,,,,,,34.72,22:52
,,,,,,,,,,1.29,22:50
,,,,,,,,,,5.90,22:50
,,,,,,,,,,2.50,22:49
,,,,,,,,,,4.27,22:49
,,,,,,,,,,1.07,22:48
,,,,,,,,,,3.20,22:48
,,,,,,,,,,1.33,22:48
,,,,,,,,,,5.64,22:47
,,,,,,,,,,2.72,22:47
,,,,,,,,,,1.44,22:46
,,,,,,,,,,1.26,22:46
,,,,,,,,,,1.96,22:46
,,,,,,,,,,1.00,22:45
,,,,,,,,,,1.07,22:45
,,,,,,,,,,1.86,22:45
,,,,,,,,,,1.03,22:44
,,,,,,,,,,1.02,22:44
,,,,,,,,,,2.66,22:44
,,,,,,,,,,2.28,22:44
,,,,,,,,,,1.48,22:43
,,,,,,,,,,543.54,22:43
,,,,,,,,,,1.12,22:41
,,,,,,,,,,168.82,22:41
,,,,,,,,,,11.87,22:39
,,,,,,,,,,1.01,22:38
,,,,,,,,,,37.93,22:38
,,,,,,,,,,2.03,22:37
,,,,,,,,,,3.42,22:36
,,,,,,,,,,1.91,22:36
,,,,,,,,,,4.69,22:35
,,,,,,,,,,1.01,22:35
,,,,,,,,,,2.38,22:35
,,,,,,,,,,1.70,22:34
,,,,,,,,,,1.91,22:34
,,,,,,,,,,18.17,22:33
,,,,,,,,,,3.96,22:32
,,,,,,,,,,2.14,22:32
,,,,,,,,,,1.13,22:31
,,,,,,,,,,3.13,22:31
,,,,,,,,,,3.66,22:31
,,,,,,,,,,2.35,22:30
,,,,,,,,,,2.10,22:30
,,,,,,,,,,3.66,22:29
,,,,,,,,,,28.39,22:29
,,,,,,,,,,1.31,22:28
,,,,,,,,,,4.57,22:27
,,,,,,,,,,1.22,22:27
,,,,,,,,,,5.38,22:26
,,,,,,,,,,1.87,22:26
,,,,,,,,,,1.94,22:25
,,,,,,,,,,5.27,22:25
,,,,,,,,,,1.20,22:24
,,,,,,,,,,4.14,22:24
,,,,,,,,,,4.68,22:24
,,,,,,,,,,1.40,22:23
,,,,,,,,,,1.31,22:23
,,,,,,,,,,3.87,22:22
,,,,,,,,,,1.30,22:22
,,,,,,,,,,2975.81,22:22
,,,,,,,,,,1.10,22:19
,,,,,,,,,,1.52,22:19
,,,,,,,,,,40.41,22:19
,,,,,,,,,,1.14,22:17
,,,,,,,,,,4.20,22:17
,,,,,,,,,,1.76,22:16
,,,,,,,,,,1.05,22:16
,,,,,,,,,,1.53,22:16
,,,,,,,,,,2.46,22:16
,,,,,,,,,,1.04,22:15
,,,,,,,,,,1.57,22:15
,,,,,,,,,,4.54,22:15
,,,,,,,,,,1.10,22:14
,,,,,,,,,,19.88,22:14
,,,,,,,,,,29.32,22:13
,,,,,,,,,,1.33,22:12
,,,,,,,,,,1.81,22:11
,,,,,,,,,,4.75,22:11
,,,,,,,,,,2.94,22:10
,,,,,,,,,,12.40,22:10
,,,,,,,,,,5.29,22:09
,,,,,,,,,,1.07,22:08
,,,,,,,,,,2.41,22:08
,,,,,,,,,,2.08,22:08
,,,,,,,,,,1.75,22:07
,,,,,,,,,,17.25,22:07
,,,,,,,,,,1.10,22:06
,,,,,,,,,,5.38,22:06
,,,,,,,,,,1.65,22:05
,,,,,,,,,,1.47,22:05
,,,,,,,,,,1.79,22:04
,,,,,,,,,,6.70,22:04
,,,,,,,,,,1.62,22:03
,,,,,,,,,,3.41,22:03
,,,,,,,,,,1.03,22:02
,,,,,,,,,,1.43,22:02
,,,,,,,,,,1.25,22:02
,,,,,,,,,,2.02,22:02
,,,,,,,,,,1.32,22:01
,,,,,,,,,,2.77,22:01
,,,,,,,,,,1.26,22:00
,,,,,,,,,,1.47,22:00
,,,,,,,,,,1.59,22:00
,,,,,,,,,,2.77,22:00
,,,,,,,,,,1.58,21:59
,,,,,,,,,,1.56,21:59
,,,,,,,,,,1.11,21:58
,,,,,,,,,,3.27,21:58
,,,,,,,,,,1.06,21:58
,,,,,,,,,,23.77,21:57
,,,,,,,,,,1.12,21:56
,,,,,,,,,,2.89,21:56
,,,,,,,,,,1.39,21:56
,,,,,,,,,,1.55,21:55
,,,,,,,,,,3.39,21:55
,,,,,,,,,,1.96,21:55
,,,,,,,,,,1.58,21:54
,,,,,,,,,,2.45,21:54
,,,,,,,,,,5.89,21:53
,,,,,,,,,,17.51,21:53
,,,,,,,,,,1.31,21:52
,,,,,,,,,,2.30,21:51
,,,,,,,,,,3.42,21:51
,,,,,,,,,,1.76,21:50
,,,,,,,,,,1.35,21:50
,,,,,,,,,,7.51,21:50
,,,,,,,,,,3.13,21:49
,,,,,,,,,,4.14,21:49
,,,,,,,,,,59.47,21:48
,,,,,,,,,,1.19,21:47
,,,,,,,,,,1.07,21:46
,,,,,,,,,,2.24,21:46
,,,,,,,,,,1.18,21:46
,,,,,,,,,,1.06,21:45
,,,,,,,,,,1.40,21:45
,,,,,,,,,,2.05,21:45
,,,,,,,,,,1.10,21:45
,,,,,,,,,,6.15,21:44
,,,,,,,,,,1.47,21:44
,,,,,,,,,,1.19,21:43
,,,,,,,,,,1.17,21:43
,,,,,,,,,,4.85,21:43
,,,,,,,,,,13.54,21:42
,,,,,,,,,,1.62,21:41
,,,,,,,,,,1.18,21:41
,,,,,,,,,,12.80,21:41
,,,,,,,,,,1.19,21:40
,,,,,,,,,,1.68,21:40
,,,,,,,,,,8.94,21:39
,,,,,,,,,,3.66,21:38
,,,,,,,,,,1.99,21:38
,,,,,,,,,,1.25,21:37
,,,,,,,,,,2.66,21:37
,,,,,,,,,,5.21,21:37
,,,,,,,,,,1.66,21:36
,,,,,,,,,,5373.26,21:36
,,,,,,,,,,2.10,21:33
,,,,,,,,,,1.06,21:33
,,,,,,,,,,4.36,21:33
,,,,,,,,,,1.34,21:32
,,,,,,,,,,2.33,21:32
,,,,,,,,,,10.31,21:31
,,,,,,,,,,1.59,21:30
,,,,,,,,,,2.24,21:30
,,,,,,,,,,1.10,21:30
,,,,,,,,,,1.00,21:29
,,,,,,,,,,78.34,21:29
,,,,,,,,,,4.11,21:28
,,,,,,,,,,6.84,21:27
,,,,,,,,,,15.30,21:26
,,,,,,,,,,3.37,21:26
,,,,,,,,,,143.11,21:25
,,,,,,,,,,14.00,21:23
,,,,,,,,,,1.66,21:22
,,,,,,,,,,15.36,21:22
,,,,,,,,,,18.68,21:21
,,,,,,,,,,35.41,21:20
,,,,,,,,,,1.84,21:19
,,,,,,,,,,1.81,21:19
,,,,,,,,,,1.05,21:18
,,,,,,,,,,1.44,21:18
,,,,,,,,,,1.46,21:18
,,,,,,,,,,3.57,21:17
,,,,,,,,,,4.22,21:17
,,,,,,,,,,7.73,21:16
,,,,,,,,,,2.66,21:16
,,,,,,,,,,8.21,21:16
,,,,,,,,,,1.02,21:15
,,,,,,,,,,2.42,21:15
,,,,,,,,,,2.49,21:14
,,,,,,,,,,1.54,21:14
,,,,,,,,,,1.14,21:13
,,,,,,,,,,1.88,21:13
,,,,,,,,,,2.08,21:12
,,,,,,,,,,2.25,21:12
,,,,,,,,,,5.95,21:11
,,,,,,,,,,2.69,21:11
,,,,,,,,,,1.33,21:10
,,,,,,,,,,1.89,21:10
,,,,,,,,,,1.33,21:10
,,,,,,,,,,1.28,21:09
,,,,,,,,,,1.78,21:09
,,,,,,,,,,1.32,21:09
,,,,,,,,,,5.66,21:08
,,,,,,,,,,2.65,21:08
,,,,,,,,,,1.19,21:07
,,,,,,,,,,4.78,21:07
,,,,,,,,,,2.92,21:06
,,,,,,,,,,1.12,21:06
,,,,,,,,,,9.58,21:06
,,,,,,,,,,13.55,21:05
,,,,,,,,,,1.59,21:04
,,,,,,,,,,3.92,21:04
,,,,,,,,,,5.52,21:03
,,,,,,,,,,2.03,21:02
,,,,,,,,,,1.42,21:02
,,,,,,,,,,1.71,21:02
,,,,,,,,,,4.05,21:01
,,,,,,,,,,1.66,21:01
,,,,,,,,,,1.00,21:00
,,,,,,,,,,1.38,21:00
,,,,,,,,,,3.48,21:00
,,,,,,,,,,18.49,20:59
,,,,,,,,,,3.80,20:58
,,,,,,,,,,1.57,20:58
,,,,,,,,,,2.26,20:57
,,,,,,,,,,1.33,20:57
,,,,,,,,,,1.17,20:57
,,,,,,,,,,1.07,20:57
,,,,,,,,,,1.17,20:56
,,,,,,,,,,1.39,20:56
,,,,,,,,,,1.18,20:56
,,,,,,,,,,1.78,20:56
,,,,,,,,,,1.08,20:55
,,,,,,,,,,3.92,20:55
,,,,,,,,,,3.44,20:54
,,,,,,,,,,2.18,20:54
,,,,,,,,,,2.22,20:53
,,,,,,,,,,2.89,20:53
,,,,,,,,,,2.27,20:53
,,,,,,,,,,1.04,20:52
,,,,,,,,,,11.20,20:52
,,,,,,,,,,10.38,20:51
,,,,,,,,,,1.03,20:50
,,,,,,,,,,2.46,20:50
,,,,,,,,,,2.01,20:50
,,,,,,,,,,1.41,20:49
,,,,,,,,,,1.06,20:49
,,,,,,,,,,1.42,20:49
,,,,,,,,,,3.02,20:48
,,,,,,,,,,96.23,20:48
,,,,,,,,,,3.13,20:46
,,,,,,,,,,1.19,20:46
,,,,,,,,,,3.39,20:46
,,,,,,,,,,1.58,20:45
,,,,,,,,,,1.97,20:45
,,,,,,,,,,1.47,20:44
,,,,,,,,,,3.36,20:44
,,,,,,,,,,4.60,20:43
,,,,,,,,,,3.44,20:43
,,,,,,,,,,1.48,20:42
,,,,,,,,,,1.01,20:42
,,,,,,,,,,1.07,20:42
,,,,,,,,,,3.64,20:42
,,,,,,,,,,1.71,20:41
,,,,,,,,,,1.51,20:41
,,,,,,,,,,2.63,20:40
,,,,,,,,,,1.25,20:40
,,,,,,,,,,1.91,20:40
,,,,,,,,,,12.82,20:39
,,,,,,,,,,10.75,20:38
,,,,,,,,,,1.07,20:38
,,,,,,,,,,1.45,20:37
,,,,,,,,,,3.18,20:37
,,,,,,,,,,1.59,20:36
,,,,,,,,,,3.53,20:36
,,,,,,,,,,1.12,20:36
,,,,,,,,,,33.56,20:35
,,,,,,,,,,6.16,20:34
,,,,,,,,,,2.12,20:34
,,,,,,,,,,3.20,20:33
,,,,,,,,,,1.15,20:33
,,,,,,,,,,2.13,20:32
,,,,,,,,,,1.08,20:32
,,,,,,,,,,3.74,20:32
,,,,,,,,,,1.25,20:31
,,,,,,,,,,1.65,20:31
,,,,,,,,,,17.59,20:31
,,,,,,,,,,2.00,20:30
,,,,,,,,,,1.20,20:29
,,,,,,,,,,3.46,20:29
,,,,,,,,,,1.08,20:28
,,,,,,,,,,1.84,20:28
,,,,,,,,,,1.55,20:28
,,,,,,,,,,1.18,20:27
,,,,,,,,,,1.72,20:27
,,,,,,,,,,1.27,20:27
,,,,,,,,,,7.52,20:27
,,,,,,,,,,47.81,20:26
,,,,,,,,,,1.74,20:25
,,,,,,,,,,1.88,20:24
,,,,,,,,,,1.65,20:24
,,,,,,,,,,7.24,20:24
,,,,,,,,,,1.27,20:23
,,,,,,,,,,1.00,20:22
,,,,,,,,,,1.59,20:22
,,,,,,,,,,1.58,20:22
,,,,,,,,,,3.30,20:22
,,,,,,,,,,3.37,20:21
,,,,,,,,,,2.88,20:21
,,,,,,,,,,1.19,20:20
,,,,,,,,,,2.66,20:20
,,,,,,,,,,4.77,20:19
,,,,,,,,,,48.60,20:19
,,,,,,,,,,3.47,20:17
,,,,,,,,,,4.62,20:17
,,,,,,,,,,3.59,20:16
,,,,,,,,,,4.98,20:16
,,,,,,,,,,3.46,20:15
,,,,,,,,,,5.57,20:15
,,,,,,,,,,18.53,20:14
,,,,,,,,,,1.05,20:13
,,,,,,,,,,2.03,20:13
,,,,,,,,,,1.24,20:12
,,,,,,,,,,1.23,20:12
,,,,,,,,,,1.72,20:12
,,,,,,,,,,1.48,20:11
,,,,,,,,,,3.08,20:11
,,,,,,,,,,1.09,20:11
,,,,,,,,,,8.42,20:10
,,,,,,,,,,2.46,20:10
,,,,,,,,,,1.86,20:09
,,,,,,,,,,1.28,20:09
,,,,,,,,,,1.06,20:08
,,,,,,,,,,3.25,20:08
,,,,,,,,,,1.02,20:08
,,,,,,,,,,4.94,20:08
,,,,,,,,,,4.48,20:07
,,,,,,,,,,1.77,20:06
,,,,,,,,,,1.50,20:06
,,,,,,,,,,4.68,20:06
,,,,,,,,,,3.61,20:05
,,,,,,,,,,1.16,20:04
,,,,,,,,,,4.95,20:04
,,,,,,,,,,1.99,20:04
,,,,,,,,,,1.18,20:03
,,,,,,,,,,1.03,20:03
,,,,,,,,,,1.09,20:03
,,,,,,,,,,5.01,20:02
,,,,,,,,,,2.75,20:02
,,,,,,,,,,3.17,20:01
,,,,,,,,,,1.05,20:01
,,,,,,,,,,1.63,20:01
,,,,,,,,,,1.01,20:00
,,,,,,,,,,15.48,20:00
,,,,,,,,,,6.40,19:59
,,,,,,,,,,1.96,19:58
,,,,,,,,,,1.14,19:58
,,,,,,,,,,1.02,19:58
,,,,,,,,,,4.41,19:58
,,,,,,,,,,1.37,19:57
,,,,,,,,,,1.60,19:57
,,,,,,,,,,4.64,19:56
,,,,,,,,,,33.43,19:56
,,,,,,,,,,1.48,19:55
,,,,,,,,,,3.78,19:54
,,,,,,,,,,1.16,19:54
,,,,,,,,,,5.04,19:53
,,,,,,,,,,2.25,19:53
,,,,,,,,,,4.34,19:52
,,,,,,,,,,2.74,19:52
,,,,,,,,,,2.93,19:51
,,,,,,,,,,1.56,19:51
,,,,,,,,,,1.22,19:50
,,,,,,,,,,1.89,19:50
,,,,,,,,,,11.92,19:50
,,,,,,,,,,2.00,19:49
,,,,,,,,,,1.70,19:49
,,,,,,,,,,1.03,19:48
,,,,,,,,,,1.57,19:48
,,,,,,,,,,10.22,19:48
,,,,,,,,,,4.31,19:47
,,,,,,,,,,17.62,19:46
,,,,,,,,,,17.68,19:45
,,,,,,,,,,7.21,19:44
,,,,,,,,,,2.38,19:44
,,,,,,,,,,4.26,19:43
,,,,,,,,,,1.39,19:42
,,,,,,,,,,1.12,19:42
,,,,,,,,,,1.10,19:42
,,,,,,,,,,8.22,19:42
,,,,,,,,,,2.38,19:41
,,,,,,,,,,2.18,19:41
,,,,,,,,,,1.38,19:40
,,,,,,,,,,1.10,19:40
,,,,,,,,,,18.95,19:40
,,,,,,,,,,1.12,19:39
,,,,,,,,,,1.72,19:38
,,,,,,,,,,4.65,19:38
,,,,,,,,,,1.27,19:37
,,,,,,,,,,3.56,19:37
,,,,,,,,,,1.45,19:37
,,,,,,,,,,1.51,19:36
,,,,,,,,,,22.72,19:36
,,,,,,,,,,2.03,19:35
,,,,,,,,,,1.58,19:34
,,,,,,,,,,2.99,19:34
,,,,,,,,,,1.69,19:34
,,,,,,,,,,2.21,19:33
,,,,,,,,,,1.13,19:33
,,,,,,,,,,1.81,19:33
,,,,,,,,,,1.03,19:32
,,,,,,,,,,1.35,19:32
,,,,,,,,,,1.20,19:32
,,,,,,,,,,1.05,19:32
,,,,,,,,,,1.72,19:31
,,,,,,,,,,2.54,19:31
,,,,,,,,,,1.45,19:31
,,,,,,,,,,3.83,19:30
,,,,,,,,,,2.42,19:30
,,,,,,,,,,2.87,19:29
,,,,,,,,,,1.19,19:29
,,,,,,,,,,1.65,19:28
,,,,,,,,,,1.42,19:28
,,,,,,,,,,1.61,19:28
,,,,,,,,,,2.13,19:28
,,,,,,,,,,1.89,19:27
,,,,,,,,,,1.45,19:27
,,,,,,,,,,3.08,19:26
,,,,,,,,,,1.37,19:26
,,,,,,,,,,1.72,19:26
,,,,,,,,,,1.10,19:25
,,,,,,,,,,1.04,19:25
,,,,,,,,,,7.02,19:25
,,,,,,,,,,1.46,19:24
,,,,,,,,,,1.12,19:24
,,,,,,,,,,1.06,19:24
,,,,,,,,,,57.29,19:23
,,,,,,,,,,9.57,19:22
,,,,,,,,,,4.78,19:21
,,,,,,,,,,8.26,19:21
,,,,,,,,,,1.63,19:20
,,,,,,,,,,8.60,19:19
,,,,,,,,,,1.29,19:19
,,,,,,,,,,1.27,19:18
,,,,,,,,,,1.50,19:18
,,,,,,,,,,1.14,19:18
,,,,,,,,,,1.42,19:18
,,,,,,,,,,1.15,19:17
,,,,,,,,,,4.20,19:17
,,,,,,,,,,1.17,19:16
,,,,,,,,,,4.09,19:16
,,,,,,,,,,1.09,19:16
,,,,,,,,,,6.50,19:15
,,,,,,,,,,1.94,19:15
,,,,,,,,,,1.62,19:14
,,,,,,,,,,1.81,19:14
,,,,,,,,,,1.22,19:14
,,,,,,,,,,2.00,19:13
,,,,,,,,,,1.96,19:13
,,,,,,,,,,2.01,19:13
,,,,,,,,,,1.80,19:12
,,,,,,,,,,22.01,19:12
,,,,,,,,,,2.89,19:11
,,,,,,,,,,2.57,19:10
,,,,,,,,,,1.46,19:10
,,,,,,,,,,1.57,19:10
,,,,,,,,,,1.08,19:09
,,,,,,,,,,7.48,19:09
,,,,,,,,,,2.29,19:08
,,,,,,,,,,4.17,19:08
,,,,,,,,,,6.22,19:07
,,,,,,,,,,2.33,19:07
,,,,,,,,,,2.02,19:06
,,,,,,,,,,1.38,19:06
,,,,,,,,,,19.97,19:05
,,,,,,,,,,1.88,19:04
,,,,,,,,,,1.67,19:04
,,,,,,,,,,100.55,19:04
,,,,,,,,,,4.08,19:02
,,,,,,,,,,1.98,19:02
,,,,,,,,,,9.28,19:01
,,,,,,,,,,2.23,19:00
,,,,,,,,,,1.15,19:00
,,,,,,,,,,1.94,19:00
,,,,,,,,,,2.07,18:59
,,,,,,,,,,1.13,18:59
,,,,,,,,,,1.25,18:59
,,,,,,,,,,1.09,18:58
,,,,,,,,,,1.54,18:58
,,,,,,,,,,1.84,18:58
,,,,,,,,,,1.10,18:58
,,,,,,,,,,1.33,18:57
,,,,,,,,,,3.31,18:57
,,,,,,,,,,1.47,18:57
,,,,,,,,,,1.64,18:56
,,,,,,,,,,1.37,18:56
,,,,,,,,,,16.85,18:56
,,,,,,,,,,6.17,18:55
,,,,,,,,,,10.07,18:54
,,,,,,,,,,2.93,18:53
,,,,,,,,,,1.44,18:53
,,,,,,,,,,1.80,18:52
,,,,,,,,,,3.52,18:52
,,,,,,,,,,2.17,18:51
,,,,,,,,,,1.49,18:51
,,,,,,,,,,1.60,18:51
,,,,,,,,,,15.63,18:50
,,,,,,,,,,25.64,18:49
,,,,,,,,,,6.38,18:48
,,,,,,,,,,1.48,18:48
,,,,,,,,,,1.01,18:47
,,,,,,,,,,3.70,18:47
,,,,,,,,,,2.05,18:46
,,,,,,,,,,1.49,18:46
,,,,,,,,,,2.56,18:46
,,,,,,,,,,1.15,18:45
,,,,,,,,,,1.75,18:45
,,,,,,,,,,1.53,18:45
,,,,,,,,,,1.07,18:44
,,,,,,,,,,1.47,18:44
,,,,,,,,,,5.07,18:44
,,,,,,,,,,1.03,18:43
,,,,,,,,,,1.67,18:43
,,,,,,,,,,1.44,18:43
,,,,,,,,,,1.13,18:42
,,,,,,,,,,1.04,18:42
,,,,,,,,,,91.57,18:42
,,,,,,,,,,10097.31,18:40
,,,,,,,,,,1.94,18:38
,,,,,,,,,,2.37,18:37
,,,,,,,,,,1.41,18:37
,,,,,,,,,,2.25,18:37
,,,,,,,,,,1.67,18:36
,,,,,,,,,,1.42,18:36
,,,,,,,,,,4.66,18:36
,,,,,,,,,,2.13,18:35
,,,,,,,,,,1.29,18:34
,,,,,,,,,,5.03,18:34
,,,,,,,,,,1.40,18:34
,,,,,,,,,,1.10,18:33
,,,,,,,,,,4.78,18:33
,,,,,,,,,,1.36,18:32
,,,,,,,,,,1.50,18:32
,,,,,,,,,,6.35,18:32
,,,,,,,,,,33.62,18:31
,,,,,,,,,,1.03,18:30
,,,,,,,,,,7.25,18:30
,,,,,,,,,,1.14,18:29
,,,,,,,,,,4.44,18:29
,,,,,,,,,,1.86,18:28
,,,,,,,,,,1.26,18:28
,,,,,,,,,,12.32,18:27
,,,,,,,,,,1.29,18:27
,,,,,,,,,,120.32,18:26
,,,,,,,,,,2.75,18:25
,,,,,,,,,,2.77,18:24
,,,,,,,,,,1.20,18:24
,,,,,,,,,,1.00,18:24
,,,,,,,,,,1.35,18:23
,,,,,,,,,,1.13,18:23
,,,,,,,,,,2.94,18:23
,,,,,,,,,,2.65,18:22
,,,,,,,,,,2.65,18:22
,,,,,,,,,,13.71,18:21
,,,,,,,,,,1.86,18:20
,,,,,,,,,,8.34,18:20
,,,,,,,,,,2.30,18:19
,,,,,,,,,,2.05,18:19
,,,,,,,,,,1.15,18:19
,,,,,,,,,,1.14,18:18
,,,,,,,,,,5.72,18:18
,,,,,,,,,,1.21,18:17
,,,,,,,,,,3.82,18:17
,,,,,,,,,,1.12,18:17
,,,,,,,,,,1.44,18:16
,,,,,,,,,,3.16,18:16
,,,,,,,,,,1.65,18:16
,,,,,,,,,,2.00,18:15
,,,,,,,,,,1.23,18:15
,,,,,,,,,,1.61,18:14
,,,,,,,,,,4.49,18:14
,,,,,,,,,,1.12,18:14
,,,,,,,,,,2.27,18:13
,,,,,,,,,,1.25,18:13
,,,,,,,,,,17.89,18:13
,,,,,,,,,,1.73,18:12
,,,,,,,,,,7.93,18:11
,,,,,,,,,,6.50,18:11
,,,,,,,,,,3.78,18:10
,,,,,,,,,,1.49,18:09
,,,,,,,,,,2.60,18:09
,,,,,,,,,,1.28,18:08
,,,,,,,,,,3.10,18:08
,,,,,,,,,,1.63,18:08
,,,,,,,,,,1.68,18:07
,,,,,,,,,,2.72,18:07
,,,,,,,,,,1.45,18:07
,,,,,,,,,,4.57,18:06
,,,,,,,,,,1.03,18:06
,,,,,,,,,,1.45,18:05
,,,,,,,,,,1.33,18:05
,,,,,,,,,,1.14,18:05
,,,,,,,,,,9.45,18:05
,,,,,,,,,,1.38,18:04
,,,,,,,,,,1.37,18:03
,,,,,,,,,,1.01,18:03
,,,,,,,,,,3.00,18:03
,,,,,,,,,,1.05,18:02
,,,,,,,,,,1.85,18:02
,,,,,,,,,,35.53,18:02
,,,,,,,,,,1.02,18:01
,,,,,,,,,,7.16,18:00
,,,,,,,,,,1.19,18:00
,,,,,,,,,,1.28,17:59
,,,,,,,,,,1.42,17:59
,,,,,,,,,,1.69,17:59
,,,,,,,,,,2.61,17:59
,,,,,,,,,,1.43,17:58
,,,,,,,,,,1.61,17:58
,,,,,,,,,,6.92,17:57
,,,,,,,,,,3.06,17:57
,,,,,,,,,,8.66,17:56
,,,,,,,,,,2.70,17:55
,,,,,,,,,,12.84,17:55
,,,,,,,,,,1.14,17:54
,,,,,,,,,,1.03,17:54
,,,,,,,,,,2.13,17:54
,,,,,,,,,,1.78,17:53
,,,,,,,,,,3.13,17:53
,,,,,,,,,,1.52,17:52
,,,,,,,,,,1.17,17:52
,,,,,,,,,,3.20,17:52
,,,,,,,,,,10.91,17:51
,,,,,,,,,,1.97,17:50
,,,,,,,,,,29.31,17:50
,,,,,,,,,,1.05,17:49
,,,,,,,,,,1.47,17:49
,,,,,,,,,,3.02,17:48
,,,,,,,,,,2.71,17:48
,,,,,,,,,,6.30,17:47
,,,,,,,,,,1.91,17:47
,,,,,,,,,,3.20,17:46
,,,,,,,,,,1.47,17:46
,,,,,,,,,,3.83,17:45
,,,,,,,,,,2.61,17:45
,,,,,,,,,,2.91,17:44
,,,,,,,,,,1.65,17:44
,,,,,,,,,,2.81,17:44
,,,,,,,,,,1.07,17:43
,,,,,,,,,,2.82,17:43
,,,,,,,,,,2.97,17:42
,,,,,,,,,,1.00,17:42
,,,,,,,,,,3.20,17:42
,,,,,,,,,,1.48,17:41
,,,,,,,,,,1.36,17:41
,,,,,,,,,,1.00,17:41
,,,,,,,,,,2.93,17:40
,,,,,,,,,,1.44,17:40
,,,,,,,,,,1.00,17:40
,,,,,,,,,,2.44,17:39
,,,,,,,,,,1.01,17:39
,,,,,,,,,,1.07,17:39
,,,,,,,,,,1.19,17:38
,,,,,,,,,,2.96,17:38
,,,,,,,,,,3.22,17:38
,,,,,,,,,,5.48,17:37
,,,,,,,,,,1.13,17:37
,,,,,,,,,,2.61,17:36
,,,,,,,,,,11.63,17:36
,,,,,,,,,,2.91,17:35
,,,,,,,,,,2.13,17:34
,,,,,,,,,,1.42,17:34
,,,,,,,,,,4.60,17:34
,,,,,,,,,,1.89,17:33
,,,,,,,,,,1.12,17:33
,,,,,,,,,,2.05,17:32
,,,,,,,,,,2.33,17:32
,,,,,,,,,,2.23,17:32
,,,,,,,,,,38.42,17:31
,,,,,,,,,,31.96,17:30
,,,,,,,,,,1.03,17:29
,,,,,,,,,,8.22,17:29
,,,,,,,,,,1.70,17:28
,,,,,,,,,,6.65,17:28
,,,,,,,,,,6.24,17:27
,,,,,,,,,,2.63,17:26
,,,,,,,,,,5.13,17:26
,,,,,,,,,,1.50,17:25
,,,,,,,,,,2.16,17:25
,,,,,,,,,,5.89,17:24
,,,,,,,,,,2.65,17:24
,,,,,,,,,,70.67,17:23
,,,,,,,,,,1.00,17:22
,,,,,,,,,,1.04,17:21
,,,,,,,,,,1.96,17:21
,,,,,,,,,,3.91,17:21
,,,,,,,,,,2.27,17:20
,,,,,,,,,,12.04,17:20
,,,,,,,,,,3.64,17:19
,,,,,,,,,,33.61,17:18
,,,,,,,,,,17.39,17:17
,,,,,,,,,,3.26,17:16
,,,,,,,,,,4.90,17:16
,,,,,,,,,,1.22,17:15
,,,,,,,,,,1.40,17:15
,,,,,,,,,,18.55,17:15
,,,,,,,,,,1.26,17:14
,,,,,,,,,,1.09,17:13
,,,,,,,,,,23.33,17:13
,,,,,,,,,,4.35,17:12
,,,,,,,,,,1.50,17:11
,,,,,,,,,,2.31,17:11
,,,,,,,,,,19.58,17:11
,,,,,,,,,,1.03,17:10
,,,,,,,,,,47.15,17:09
,,,,,,,,,,9.23,17:08
,,,,,,,,,,7.12,17:07
,,,,,,,,,,2.49,17:07
,,,,,,,,,,1.57,17:06
,,,,,,,,,,2.01,17:06
,,,,,,,,,,4.37,17:05
,,,,,,,,,,1.51,17:05
,,,,,,,,,,1.42,17:05
,,,,,,,,,,8.26,17:04
,,,,,,,,,,1.22,17:03
,,,,,,,,,,1.55,17:03
,,,,,,,,,,1.96,17:03
,,,,,,,,,,1.88,17:02
,,,,,,,,,,1.71,17:02
,,,,,,,,,,1.41,17:02
,,,,,,,,,,2.52,17:01
,,,,,,,,,,1.97,17:01
,,,,,,,,,,1.12,17:01
,,,,,,,,,,3.86,17:00
,,,,,,,,,,1.47,17:00
,,,,,,,,,,1.18,16:59
,,,,,,,,,,7.80,16:59
,,,,,,,,,,38.17,16:58
,,,,,,,,,,1.77,16:57
,,,,,,,,,,1.38,16:57
,,,,,,,,,,4.99,16:57
,,,,,,,,,,4.05,16:56
,,,,,,,,,,8.76,16:55
,,,,,,,,,,1.26,16:55
,,,,,,,,,,1.96,16:54
,,,,,,,,,,1.16,16:54
,,,,,,,,,,1.16,16:54
,,,,,,,,,,1.98,16:53
,,,,,,,,,,1.94,16:53
,,,,,,,,,,5.60,16:53
,,,,,,,,,,1.02,16:52
,,,,,,,,,,19.01,16:52
,,,,,,,,,,3.88,16:52
,,,,,,,,,,8.35,16:51
,,,,,,,,,,2.09,16:50
,,,,,,,,,,37.06,16:50
,,,,,,,,,,2.39,16:49
,,,,,,,,,,4.34,16:48
,,,,,,,,,,1.13,16:48
,,,,,,,,,,1.21,16:47
,,,,,,,,,,1.49,16:46
,,,,,,,,,,1.37,16:46
,,,,,,,,,,1.00,16:46
,,,,,,,,,,1.12,16:45
,,,,,,,,,,1.22,16:45
,,,,,,,,,,1.09,16:45
,,,,,,,,,,1.55,16:45
,,,,,,,,,,1.09,16:44
,,,,,,,,,,4.95,16:44
,,,,,,,,,,1.01,16:44
,,,,,,,,,,1.22,16:43
,,,,,,,,,,1.39,16:43
,,,,,,,,,,1.23,16:43
,,,,,,,,,,1.39,16:43
,,,,,,,,,,1.97,16:42
,,,,,,,,,,2.15,16:42
,,,,,,,,,,1.02,16:41
,,,,,,,,,,5.16,16:41
,,,,,,,,,,1.36,16:41
,,,,,,,,,,2.23,16:40
,,,,,,,,,,18.59,16:40
,,,,,,,,,,5.99,16:39
,,,,,,,,,,19.01,16:38
,,,,,,,,,,1.79,16:37
,,,,,,,,,,1.51,16:37
,,,,,,,,,,1.06,16:37
,,,,,,,,,,1.02,16:36
,,,,,,,,,,3.00,16:36
,,,,,,,,,,18.04,16:36
,,,,,,,,,,2.46,16:35
,,,,,,,,,,2.36,16:34
,,,,,,,,,,2.10,16:34
,,,,,,,,,,2.31,16:33
,,,,,,,,,,1.02,16:33
,,,,,,,,,,1.63,16:33
,,,,,,,,,,1.76,16:32
,,,,,,,,,,3.11,16:32
,,,,,,,,,,1.36,16:31
,,,,,,,,,,1.10,16:31
,,,,,,,,,,1.38,16:31
,,,,,,,,,,3.85,16:31
,,,,,,,,,,8.30,16:30
,,,,,,,,,,1.16,16:29
,,,,,,,,,,1.54,16:29
,,,,,,,,,,2.40,16:29
,,,,,,,,,,3.06,16:28
,,,,,,,,,,1.02,16:28
,,,,,,,,,,1.18,16:28
,,,,,,,,,,2.31,16:27
,,,,,,,,,,1.10,16:27
,,,,,,,,,,1.00,16:27
,,,,,,,,,,5.39,16:26
,,,,,,,,,,1.63,16:26
,,,,,,,,,,6.15,16:25
,,,,,,,,,,1.04,16:25
,,,,,,,,,,1.00,16:25
,,,,,,,,,,1.28,16:24
,,,,,,,,,,1.99,16:24
,,,,,,,,,,1.07,16:24
,,,,,,,,,,1.35,16:23
,,,,,,,,,,10.82,16:23
,,,,,,,,,,2.20,16:22
,,,,,,,,,,2.23,16:22
,,,,,,,,,,38.67,16:21
,,,,,,,,,,1.08,16:20
,,,,,,,,,,1.58,16:20
,,,,,,,,,,2.45,16:20
,,,,,,,,,,2.74,16:19
,,,,,,,,,,1.37,16:19
,,,,,,,,,,5.90,16:19
,,,,,,,,,,1.76,16:18
,,,,,,,,,,6.63,16:17
,,,,,,,,,,2.34,16:17
,,,,,,,,,,1.00,16:16
,,,,,,,,,,1.50,16:16
,,,,,,,,,,1.64,16:16
,,,,,,,,,,1.72,16:15
,,,,,,,,,,6.60,16:15
,,,,,,,,,,2.23,16:14
,,,,,,,,,,1.02,16:14
,,,,,,,,,,1.28,16:14
,,,,,,,,,,28.10,16:13
,,,,,,,,,,3.22,16:12
,,,,,,,,,,1.52,16:12
,,,,,,,,,,1.97,16:12
,,,,,,,,,,1.08,16:11
,,,,,,,,,,10.05,16:11
,,,,,,,,,,1.22,16:10
,,,,,,,,,,5.67,16:10
,,,,,,,,,,1.26,16:09
,,,,,,,,,,1.79,16:09
,,,,,,,,,,2.59,16:09
,,,,,,,,,,2.16,16:08
,,,,,,,,,,57.43,16:08
,,,,,,,,,,70.55,16:06
,,,,,,,,,,1.40,16:05
,,,,,,,,,,9.56,16:05
,,,,,,,,,,4.85,16:04
,,,,,,,,,,4.14,16:03
,,,,,,,,,,13.75,16:03
,,,,,,,,,,2.78,16:02
,,,,,,,,,,1.26,16:01
,,,,,,,,,,1.88,16:01
,,,,,,,,,,1.24,16:01
,,,,,,,,,,1.44,16:00
,,,,,,,,,,3.26,16:00
,,,,,,,,,,1.38,15:59
,,,,,,,,,,1.15,15:59
,,,,,,,,,,3.45,15:59
,,,,,,,,,,3.02,15:58
,,,,,,,,,,2.24,15:58
,,,,,,,,,,4.89,15:57
,,,,,,,,,,2.76,15:57
,,,,,,,,,,1.17,15:56
,,,,,,,,,,1.68,15:56
,,,,,,,,,,3.98,15:56
,,,,,,,,,,1.37,15:55
,,,,,,,,,,4.07,15:55
,,,,,,,,,,2.46,15:54
,,,,,,,,,,3.70,15:54
,,,,,,,,,,6.85,15:53
,,,,,,,,,,26.18,15:53
,,,,,,,,,,2.66,15:51
,,,,,,,,,,20.83,15:51
,,,,,,,,,,1.84,15:50
,,,,,,,,,,3.30,15:50
,,,,,,,,,,1.00,15:49
,,,,,,,,,,6.24,15:49
,,,,,,,,,,1.81,15:48
,,,,,,,,,,5.67,15:48
,,,,,,,,,,1.92,15:47
,,,,,,,,,,3.68,15:47
,,,,,,,,,,1.45,15:46
,,,,,,,,,,2.41,15:46
,,,,,,,,,,4.12,15:45
,,,,,,,,,,2.31,15:45
,,,,,,,,,,8.92,15:44
,,,,,,,,,,1.41,15:44
,,,,,,,,,,2.59,15:43
,,,,,,,,,,1.25,15:43
,,,,,,,,,,1.17,15:43
,,,,,,,,,,37.69,15:42
,,,,,,,,,,2.41,15:41
,,,,,,,,,,2.11,15:41
,,,,,,,,,,1.44,15:40
,,,,,,,,,,11.06,15:40
,,,,,,,,,,1.30,15:39
,,,,,,,,,,1.31,15:39
,,,,,,,,,,12.95,15:39
,,,,,,,,,,1.00,15:38
,,,,,,,,,,3.02,15:37
,,,,,,,,,,2.62,15:37
,,,,,,,,,,16.78,15:36
,,,,,,,,,,3.64,15:36
,,,,,,,,,,3.00,15:35
,,,,,,,,,,2.10,15:34
,,,,,,,,,,1.01,15:34
,,,,,,,,,,1.25,15:34
,,,,,,,,,,1.02,15:34
,,,,,,,,,,1.23,15:33
,,,,,,,,,,1.36,15:33
,,,,,,,,,,2.08,15:33
,,,,,,,,,,1.00,15:32
,,,,,,,,,,1.16,15:32
,,,,,,,,,,1.60,15:32
,,,,,,,,,,1.49,15:32
,,,,,,,,,,1.09,15:31
,,,,,,,,,,2.52,15:31
,,,,,,,,,,3.15,15:31
,,,,,,,,,,9.17,15:30
,,,,,,,,,,1.65,15:29
,,,,,,,,,,1.23,15:29
,,,,,,,,,,1.11,15:29
,,,,,,,,,,3.12,15:29
,,,,,,,,,,7.90,15:28
,,,,,,,,,,1.14,15:27
,,,,,,,,,,16.81,15:27
,,,,,,,,,,2.24,15:26
,,,,,,,,,,1.79,15:26
,,,,,,,,,,168.74,15:25
,,,,,,,,,,2.46,15:24
,,,,,,,,,,1.36,15:23
,,,,,,,,,,2.46,15:23
,,,,,,,,,,2.02,15:22
,,,,,,,,,,4.59,15:22
,,,,,,,,,,2.45,15:21
,,,,,,,,,,15.47,15:21
,,,,,,,,,,1.99,15:20
,,,,,,,,,,1.00,15:20
,,,,,,,,,,1.11,15:19
,,,,,,,,,,13.27,15:19
,,,,,,,,,,4.94,15:18
,,,,,,,,,,2.20,15:18
,,,,,,,,,,1.30,15:17
,,,,,,,,,,1.08,15:17
,,,,,,,,,,3.08,15:17
,,,,,,,,,,2.63,15:16
,,,,,,,,,,1.26,15:16
,,,,,,,,,,1.44,15:15
,,,,,,,,,,11.10,15:15
,,,,,,,,,,1.49,15:14
,,,,,,,,,,7.63,15:14
,,,,,,,,,,4.83,15:13
,,,,,,,,,,12.35,15:13
,,,,,,,,,,1.94,15:12
,,,,,,,,,,1.00,15:11
,,,,,,,,,,11.28,15:11
,,,,,,,,,,2.82,15:10
,,,,,,,,,,1.25,15:10
,,,,,,,,,,1.67,15:10
,,,,,,,,,,2.55,15:09
,,,,,,,,,,4.42,15:09
,,,,,,,,,,1.58,15:08
,,,,,,,,,,6.20,15:08
,,,,,,,,,,2.31,15:07
,,,,,,,,,,2.28,15:07
,,,,,,,,,,2.66,15:06
,,,,,,,,,,3.27,15:06
,,,,,,,,,,2.19,15:05
,,,,,,,,,,1.28,15:05
,,,,,,,,,,3.66,15:05
,,,,,,,,,,1.11,15:04
,,,,,,,,,,47.91,15:04
,,,,,,,,,,1.33,15:02
,,,,,,,,,,1.38,15:02
,,,,,,,,,,3.26,15:02
,,,,,,,,,,1.16,15:01
,,,,,,,,,,1.80,15:01
,,,,,,,,,,2.90,15:01
,,,,,,,,,,2.98,15:00
,,,,,,,,,,1.17,15:00
,,,,,,,,,,1.91,15:00
,,,,,,,,,,3.18,14:59
,,,,,,,,,,1.21,14:59
,,,,,,,,,,1.38,14:58
,,,,,,,,,,2.49,14:58
,,,,,,,,,,1.94,14:58
,,,,,,,,,,1.69,14:57
,,,,,,,,,,3.83,14:57
,,,,,,,,,,7.61,14:56
,,,,,,,,,,1.94,14:56
,,,,,,,,,,1.18,14:55
,,,,,,,,,,1.25,14:55
,,,,,,,,,,2.51,14:55
,,,,,,,,,,8.35,14:54
,,,,,,,,,,1.97,14:53
,,,,,,,,,,1.11,14:53
,,,,,,,,,,1.41,14:53
,,,,,,,,,,1.34,14:53
,,,,,,,,,,1.18,14:52
,,,,,,,,,,4.47,14:52
,,,,,,,,,,3.97,14:51
,,,,,,,,,,5.25,14:51
,,,,,,,,,,2.64,14:50
,,,,,,,,,,1.08,14:50
,,,,,,,,,,1.21,14:49
,,,,,,,,,,1.21,14:49
,,,,,,,,,,6.42,14:49
,,,,,,,,,,1.96,14:48
,,,,,,,,,,2.89,14:48
,,,,,,,,,,6.59,14:47
,,,,,,,,,,2.34,14:47
,,,,,,,,,,3.81,14:46
,,,,,,,,,,1.07,14:46
,,,,,,,,,,6.74,14:45
,,,,,,,,,,2.34,14:45
,,,,,,,,,,1.81,14:44
,,,,,,,,,,2.14,14:44
,,,,,,,,,,1.76,14:44
,,,,,,,,,,1.97,14:43
,,,,,,,,,,4.43,14:43
,,,,,,,,,,5.27,14:42
,,,,,,,,,,1.93,14:41
,,,,,,,,,,26.90,14:41
,,,,,,,,,,4.21,14:40
,,,,,,,,,,12.58,14:39
,,,,,,,,,,1.88,14:39
,,,,,,,,,,1.29,14:38
,,,,,,,,,,2.55,14:38
,,,,,,,,,,1.89,14:38
,,,,,,,,,,1.08,14:37
,,,,,,,,,,1.24,14:37
,,,,,,,,,,3.83,14:37
,,,,,,,,,,2.45,14:36
,,,,,,,,,,1.46,14:36
,,,,,,,,,,1.26,14:36
,,,,,,,,,,1.41,14:35
,,,,,,,,,,2.87,14:35
,,,,,,,,,,1.08,14:34
,,,,,,,,,,1.14,14:34
,,,,,,,,,,1.03,14:34
,,,,,,,,,,2.23,14:34
,,,,,,,,,,1.04,14:33
,,,,,,,,,,1.71,14:33
,,,,,,,,,,6.90,14:33
,,,,,,,,,,1.91,14:32
,,,,,,,,,,5.84,14:31
,,,,,,,,,,2.54,14:31
,,,,,,,,,,1.77,14:30
,,,,,,,,,,1.79,14:30
,,,,,,,,,,1.80,14:30
,,,,,,,,,,1.01,14:29
,,,,,,,,,,1.01,14:29
,,,,,,,,,,1.20,14:29
,,,,,,,,,,1.12,14:29
,,,,,,,,,,5.54,14:28
,,,,,,,,,,3.37,14:28
,,,,,,,,,,2.24,14:27
,,,,,,,,,,1.06,14:27
,,,,,,,,,,2.62,14:26
,,,,,,,,,,19.10,14:26
,,,,,,,,,,1.70,14:25
,,,,,,,,,,1.41,14:25
,,,,,,,,,,3.70,14:24
,,,,,,,,,,1.06,14:24
,,,,,,,,,,1.15,14:24
,,,,,,,,,,1.19,14:23
,,,,,,,,,,1.38,14:23
,,,,,,,,,,1.80,14:23
,,,,,,,,,,17.17,14:22
,,,,,,,,,,1.76,14:21
,,,,,,,,,,1.01,14:21
,,,,,,,,,,1.27,14:21
,,,,,,,,,,1.60,14:21
,,,,,,,,,,1.46,14:20
,,,,,,,,,,1.55,14:20
,,,,,,,,,,4.87,14:20
,,,,,,,,,,3.39,14:19
,,,,,,,,,,2.10,14:18
,,,,,,,,,,1.08,14:18
,,,,,,,,,,7.71,14:18
,,,,,,,,,,1.82,14:17
,,,,,,,,,,1.67,14:17
,,,,,,,,,,7.63,14:16
,,,,,,,,,,1.03,14:16
,,,,,,,,,,1.18,14:15
,,,,,,,,,,1.11,14:15
,,,,,,,,,,1.70,14:15
,,,,,,,,,,3.34,14:15
,,,,,,,,,,6.37,14:14
,,,,,,,,,,1.03,14:13
,,,,,,,,,,1.93,14:13
,,,,,,,,,,10.26,14:13
,,,,,,,,,,3.65,14:12
,,,,,,,,,,1.52,14:11
,,,,,,,,,,1.38,14:11
,,,,,,,,,,45.37,14:11
,,,,,,,,,,1.97,14:09
,,,,,,,,,,1.44,14:09
,,,,,,,,,,3.90,14:09
,,,,,,,,,,4.36,14:08
,,,,,,,,,,2.19,14:08
,,,,,,,,,,1.23,14:07
,,,,,,,,,,1.02,14:07
,,,,,,,,,,1.51,14:07
,,,,,,,,,,10.73,14:06
,,,,,,,,,,10.68,14:06
,,,,,,,,,,12.80,14:05
,,,,,,,,,,2.26,14:04
,,,,,,,,,,1.00,14:03
,,,,,,,,,,1.98,14:03
,,,,,,,,,,1.26,14:03
,,,,,,,,,,4.59,14:03
,,,,,,,,,,2.86,14:02
,,,,,,,,,,1.39,14:01
,,,,,,,,,,1.40,14:01
,,,,,,,,,,1.17,14:01
,,,,,,,,,,1.03,14:01
,,,,,,,,,,46.53,14:00
,,,,,,,,,,21.69,13:59
,,,,,,,,,,3.07,13:58
,,,,,,,,,,1.11,13:58
,,,,,,,,,,5.71,13:57
,,,,,,,,,,1.90,13:57
,,,,,,,,,,1.31,13:56
,,,,,,,,,,23.66,13:56
,,,,,,,,,,1.23,13:55
,,,,,,,,,,5.39,13:55
,,,,,,,,,,1.44,13:54
,,,,,,,,,,1.49,13:54
,,,,,,,,,,8.23,13:53
,,,,,,,,,,2.98,13:53
,,,,,,,,,,5.45,13:52
,,,,,,,,,,2.97,13:51
,,,,,,,,,,1.41,13:51
,,,,,,,,,,1.23,13:51
,,,,,,,,,,1.64,13:50
,,,,,,,,,,3.46,13:50
,,,,,,,,,,1.61,13:49
,,,,,,,,,,5.64,13:49
,,,,,,,,,,108.73,13:48
,,,,,,,,,,1.74,13:47
,,,,,,,,,,2.24,13:47
,,,,,,,,,,1.14,13:46
,,,,,,,,,,4.28,13:46
,,,,,,,,,,1.60,13:45
,,,,,,,,,,7.49,13:45
,,,,,,,,,,6.87,13:44
,,,,,,,,,,2.96,13:44
,,,,,,,,,,1.02,13:43
,,,,,,,,,,3.19,13:43
,,,,,,,,,,10.11,13:42
,,,,,,,,,,1.35,13:41
,,,,,,,,,,1.04,13:41
,,,,,,,,,,2.02,13:41
,,,,,,,,,,1.01,13:41
,,,,,,,,,,1.73,13:40
,,,,,,,,,,1.02,13:40
,,,,,,,,,,2.85,13:40
,,,,,,,,,,1.06,13:39
,,,,,,,,,,2.60,13:39
,,,,,,,,,,1.24,13:39
,,,,,,,,,,2.01,13:38
,,,,,,,,,,16.69,13:38
,,,,,,,,,,1.15,13:37
,,,,,,,,,,3.92,13:37
,,,,,,,,,,5.07,13:36
,,,,,,,,,,5.21,13:36
,,,,,,,,,,1.26,13:35
,,,,,,,,,,1.55,13:35
,,,,,,,,,,1.19,13:34
,,,,,,,,,,1.38,13:34
,,,,,,,,,,1.53,13:34
,,,,,,,,,,838.28,13:33
,,,,,,,,,,2.39,13:31
,,,,,,,,,,1.04,13:31
,,,,,,,,,,3.82,13:31
,,,,,,,,,,1.08,13:30
,,,,,,,,,,2.70,13:30
,,,,,,,,,,1.10,13:29
,,,,,,,,,,1.00,13:29
,,,,,,,,,,7.28,13:29
,,,,,,,,,,1.00,13:28
,,,,,,,,,,13.63,13:28
,,,,,,,,,,4.80,13:27
,,,,,,,,,,74.04,13:27
,,,,,,,,,,8.63,13:25
,,,,,,,,,,3.94,13:24
,,,,,,,,,,2.25,13:24
,,,,,,,,,,1.58,13:23
,,,,,,,,,,1.26,13:23
,,,,,,,,,,3.23,13:23
,,,,,,,,,,1.36,13:22
,,,,,,,,,,1.98,13:22
,,,,,,,,,,1.76,13:22
,,,,,,,,,,1.74,13:21
,,,,,,,,,,1.22,13:21
,,,,,,,,,,3.83,13:21
,,,,,,,,,,2.66,13:20
,,,,,,,,,,1.62,13:20
,,,,,,,,,,1.84,13:19
,,,,,,,,,,12.90,13:19
,,,,,,,,,,2.13,13:18
,,,,,,,,,,20.28,13:18
,,,,,,,,,,4.32,13:16
,,,,,,,,,,2.68,13:16
,,,,,,,,,,1.42,13:15
,,,,,,,,,,2.83,13:15
,,,,,,,,,,1.21,13:15
,,,,,,,,,,3.29,13:14
,,,,,,,,,,4.30,13:14
,,,,,,,,,,1.01,13:13
,,,,,,,,,,2.65,13:13
,,,,,,,,,,1.73,13:13
,,,,,,,,,,5.15,13:12
,,,,,,,,,,5.69,13:12
,,,,,,,,,,4.03,13:11
,,,,,,,,,,2.79,13:10
,,,,,,,,,,1.17,13:10
,,,,,,,,,,2.34,13:10
,,,,,,,,,,1.44,13:09
,,,,,,,,,,1.00,13:09
,,,,,,,,,,1.15,13:09
,,,,,,,,,,1.06,13:08
,,,,,,,,,,2.20,13:08
,,,,,,,,,,2.01,13:08
,,,,,,,,,,1.85,13:07
,,,,,,,,,,1.12,13:07
,,,,,,,,,,2.51,13:07
,,,,,,,,,,9.87,13:06
,,,,,,,,,,5.57,13:06
,,,,,,,,,,3.23,13:05
,,,,,,,,,,4.42,13:04
,,,,,,,,,,1.31,13:04
,,,,,,,,,,35.98,13:03
,,,,,,,,,,2.76,13:02
,,,,,,,,,,17.41,13:02
,,,,,,,,,,1.10,13:01
,,,,,,,,,,33.13,13:01
,,,,,,,,,,1.58,12:59
,,,,,,,,,,1.08,12:59
,,,,,,,,,,1.53,12:59
,,,,,,,,,,1.01,12:59
,,,,,,,,,,1.19,12:58
,,,,,,,,,,1.85,12:58
,,,,,,,,,,1.23,12:58
,,,,,,,,,,1.22,12:57
,,,,,,,,,,1.45,12:57
,,,,,,,,,,3.28,12:57
,,,,,,,,,,2.66,12:56
,,,,,,,,,,3.90,12:56
,,,,,,,,,,7.20,12:55
,,,,,,,,,,1.02,12:55
,,,,,,,,,,2.45,12:54
,,,,,,,,,,1.56,12:54
,,,,,,,,,,1.08,12:54
,,,,,,,,,,2.77,12:53
,,,,,,,,,,1.57,12:53
,,,,,,,,,,1.24,12:53
,,,,,,,,,,2.83,12:52
,,,,,,,,,,1.00,12:52
,,,,,,,,,,5.27,12:52
,,,,,,,,,,4.80,12:51
,,,,,,,,,,1.38,12:50
,,,,,,,,,,1.15,12:50
,,,,,,,,,,9.38,12:50
,,,,,,,,,,1.19,12:49
,,,,,,,,,,1.02,12:49
,,,,,,,,,,1.96,12:48
,,,,,,,,,,2.35,12:48
,,,,,,,,,,2.03,12:48
,,,,,,,,,,1.00,12:47
,,,,,,,,,,16.58,12:47
,,,,,,,,,,4.90,12:46
,,,,,,,,,,5.36,12:45
,,,,,,,,,,2.47,12:45
,,,,,,,,,,1.41,12:44
,,,,,,,,,,3.00,12:44
,,,,,,,,,,2.34,12:44
,,,,,,,,,,1.64,12:43
,,,,,,,,,,1.10,12:43
,,,,,,,,,,1.09,12:42
,,,,,,,,,,3.29,12:42
,,,,,,,,,,3.41,12:42
,,,,,,,,,,4.30,12:41
,,,,,,,,,,12.15,12:41
,,,,,,,,,,5.92,12:40
,,,,,,,,,,1.52,12:39
,,,,,,,,,,5.87,12:39
,,,,,,,,,,5.23,12:38
,,,,,,,,,,1.30,12:37
,,,,,,,,,,1.13,12:37
,,,,,,,,,,1.48,12:37
,,,,,,,,,,1.80,12:37
,,,,,,,,,,4.12,12:36
,,,,,,,,,,1.12,12:36
,,,,,,,,,,5.26,12:35
,,,,,,,,,,1.53,12:35
,,,,,,,,,,1.22,12:34
,,,,,,,,,,7.09,12:34
,,,,,,,,,,1.82,12:33
,,,,,,,,,,1.23,12:33
,,,,,,,,,,1.12,12:33
,,,,,,,,,,1.06,12:33
,,,,,,,,,,1.58,12:32
,,,,,,,,,,5.97,12:32
,,,,,,,,,,1.67,12:31
,,,,,,,,,,1.46,12:31
,,,,,,,,,,1.07,12:31
,,,,,,,,,,2.40,12:30
,,,,,,,,,,1.03,12:30
,,,,,,,,,,1.01,12:30
,,,,,,,,,,1.09,12:30
,,,,,,,,,,1.09,12:29
,,,,,,,,,,6.96,12:29
,,,,,,,,,,1.87,12:28
,,,,,,,,,,2.35,12:28
,,,,,,,,,,7.62,12:28
,,,,,,,,,,1.39,12:27
,,,,,,,,,,1.08,12:27
,,,,,,,,,,4.71,12:26
,,,,,,,,,,3.23,12:26
,,,,,,,,,,1.65,12:25
,,,,,,,,,,1.25,12:25
,,,,,,,,,,30.53,12:25
,,,,,,,,,,4.37,12:23
,,,,,,,,,,67.18,12:23
,,,,,,,,,,2.63,12:21
,,,,,,,,,,49.35,12:21
,,,,,,,,,,25.40,12:20
,,,,,,,,,,5.77,12:19
,,,,,,,,,,1.49,12:18
,,,,,,,,,,1.95,12:18
,,,,,,,,,,7.55,12:17
,,,,,,,,,,3.72,12:16
,,,,,,,,,,1.94,12:16
,,,,,,,,,,1.87,12:16
,,,,,,,,,,5.09,12:15
,,,,,,,,,,3.64,12:14
,,,,,,,,,,3.35,12:14
,,,,,,,,,,1.61,12:13
,,,,,,,,,,3.09,12:13
,,,,,,,,,,1.08,12:12
,,,,,,,,,,1.89,12:12
,,,,,,,,,,2.48,12:12
,,,,,,,,,,11.98,12:11
,,,,,,,,,,1.58,12:11
,,,,,,,,,,2.35,12:10
,,,,,,,,,,7.28,12:10
,,,,,,,,,,1.04,12:09
,,,,,,,,,,1.04,12:09
,,,,,,,,,,9.72,12:09
,,,,,,,,,,1.06,12:08
,,,,,,,,,,1.30,12:08
,,,,,,,,,,1.47,12:07
,,,,,,,,,,2.65,12:07
,,,,,,,,,,1.32,12:07
,,,,,,,,,,9.82,12:06
,,,,,,,,,,2.66,12:05
,,,,,,,,,,3.66,12:05
,,,,,,,,,,2.56,12:04
,,,,,,,,,,143.78,12:04
,,,,,,,,,,4.16,12:02
,,,,,,,,,,2.56,12:02
,,,,,,,,,,2.04,12:01
,,,,,,,,,,2.28,12:01
,,,,,,,,,,2.20,12:00
,,,,,,,,,,2.84,12:00
,,,,,,,,,,3.19,12:00
,,,,,,,,,,4.01,11:59
,,,,,,,,,,5.18,11:58
,,,,,,,,,,1.70,11:58
,,,,,,,,,,3.45,11:57
,,,,,,,,,,1.88,11:57
,,,,,,,,,,1.30,11:57
,,,,,,,,,,2.09,11:56
,,,,,,,,,,1.99,11:56
,,,,,,,,,,1.22,11:55
,,,,,,,,,,1.66,11:55
,,,,,,,,,,1.61,11:55
,,,,,,,,,,49.69,11:55
,,,,,,,,,,1.76,11:53
,,,,,,,,,,9.42,11:53
,,,,,,,,,,3.17,11:52
,,,,,,,,,,7.91,11:52
,,,,,,,,,,3.85,11:51
,,,,,,,,,,3.03,11:50
,,,,,,,,,,5.40,11:50
,,,,,,,,,,2.11,11:49
,,,,,,,,,,8.09,11:49
,,,,,,,,,,1.11,11:48
,,,,,,,,,,1.55,11:48
,,,,,,,,,,4.18,11:47
,,,,,,,,,,2.26,11:47
,,,,,,,,,,3.44,11:46
,,,,,,,,,,1.03,11:46
,,,,,,,,,,8.19,11:46
,,,,,,,,,,1.20,11:45
,,,,,,,,,,1.96,11:45
,,,,,,,,,,2.12,11:44
,,,,,,,,,,4.64,11:44
,,,,,,,,,,2.53,11:43
,,,,,,,,,,2.81,11:43
,,,,,,,,,,2.95,11:42
,,,,,,,,,,1.24,11:42
,,,,,,,,,,4.02,11:41
,,,,,,,,,,1.56,11:41
,,,,,,,,,,2.41,11:40
,,,,,,,,,,1.40,11:40
,,,,,,,,,,1.00,11:40
,,,,,,,,,,1.25,11:40
,,,,,,,,,,1.10,11:39
,,,,,,,,,,1.36,11:39
,,,,,,,,,,3.21,11:39
,,,,,,,,,,19.32,11:38
,,,,,,,,,,6.95,11:37
,,,,,,,,,,1.42,11:36
,,,,,,,,,,6.17,11:36
,,,,,,,,,,2.42,11:36
,,,,,,,,,,8.50,11:35
,,,,,,,,,,2.80,11:34
,,,,,,,,,,6.08,11:34
,,,,,,,,,,18.92,11:33
,,,,,,,,,,4.83,11:32
,,,,,,,,,,1.62,11:31
,,,,,,,,,,1.11,11:31
,,,,,,,,,,1.43,11:31
,,,,,,,,,,1.39,11:31
,,,,,,,,,,1.78,11:30
,,,,,,,,,,1.21,11:30
,,,,,,,,,,6.74,11:30
,,,,,,,,,,7.88,11:29
,,,,,,,,,,1.16,11:28
,,,,,,,,,,11.58,11:28
,,,,,,,,,,14.26,11:27
,,,,,,,,,,2.38,11:26
,,,,,,,,,,1.53,11:26
,,,,,,,,,,1.20,11:25
,,,,,,,,,,6.03,11:25
,,,,,,,,,,5.84,11:24
,,,,,,,,,,1.27,11:24
,,,,,,,,,,2.26,11:23
,,,,,,,,,,1.14,11:23
,,,,,,,,,,1.67,11:23
,,,,,,,,,,1.30,11:22
,,,,,,,,,,3.98,11:22
,,,,,,,,,,3.14,11:22
,,,,,,,,,,1.00,11:21
,,,,,,,,,,2.03,11:21
,,,,,,,,,,1.38,11:20
,,,,,,,,,,1.11,11:20
,,,,,,,,,,1.31,11:20
,,,,,,,,,,3.60,11:20
,,,,,,,,,,2.51,11:19
,,,,,,,,,,1.75,11:19
,,,,,,,,,,16.35,11:18
,,,,,,,,,,2.13,11:17
,,,,,,,,,,1.04,11:17
,,,,,,,,,,22.57,11:17
,,,,,,,,,,7.27,11:16
,,,,,,,,,,2.50,11:15
,,,,,,,,,,1.29,11:14
,,,,,,,,,,5.35,11:14
,,,,,,,,,,35.95,11:13
,,,,,,,,,,1.32,11:12
,,,,,,,,,,11.21,11:12
,,,,,,,,,,21.14,11:11
,,,,,,,,,,1.02,11:10
,,,,,,,,,,1.77,11:10
,,,,,,,,,,3.09,11:10
,,,,,,,,,,1.49,11:09
,,,,,,,,,,1.10,11:09
,,,,,,,,,,1.59,11:09
,,,,,,,,,,22.47,11:08
,,,,,,,,,,2.45,11:07
,,,,,,,,,,4.17,11:07
,,,,,,,,,,9.29,11:06
,,,,,,,,,,21.72,11:05
,,,,,,,,,,2.07,11:04
,,,,,,,,,,2.02,11:04
,,,,,,,,,,1.12,11:03
,,,,,,,,,,1.09,11:03
,,,,,,,,,,5.22,11:03
,,,,,,,,,,5.62,11:02
,,,,,,,,,,1.11,11:02
,,,,,,,,,,1.12,11:01
,,,,,,,,,,3.92,11:01
,,,,,,,,,,3.52,11:01
,,,,,,,,,,1.20,11:00
,,,,,,,,,,1.00,11:00
,,,,,,,,,,1.38,11:00
,,,,,,,,,,2.81,10:59
,,,,,,,,,,1.46,10:59
,,,,,,,,,,1.30,10:59
,,,,,,,,,,3.44,10:58
,,,,,,,,,,2.17,10:58
,,,,,,,,,,1.79,10:57
,,,,,,,,,,1.09,10:57
,,,,,,,,,,3.11,10:57
,,,,,,,,,,1.83,10:56
,,,,,,,,,,1.82,10:56
,,,,,,,,,,1.63,10:55
,,,,,,,,,,1.12,10:55
,,,,,,,,,,2.80,10:55
,,,,,,,,,,2.70,10:54
,,,,,,,,,,2.02,10:54
,,,,,,,,,,1.03,10:53
,,,,,,,,,,3.86,10:53
,,,,,,,,,,1.19,10:52
,,,,,,,,,,1.60,10:52
,,,,,,,,,,1.41,10:52
,,,,,,,,,,66.33,10:52
,,,,,,,,,,2.27,10:50
,,,,,,,,,,4.49,10:50
,,,,,,,,,,6.07,10:49
,,,,,,,,,,2.52,10:49
,,,,,,,,,,1.82,10:48
,,,,,,,,,,2.00,10:48
,,,,,,,,,,17.37,10:47
,,,,,,,,,,1.90,10:46
,,,,,,,,,,2.48,10:46
,,,,,,,,,,7.66,10:45
,,,,,,,,,,4.69,10:45
,,,,,,,,,,2.31,10:44
,,,,,,,,,,1.48,10:44
,,,,,,,,,,1.83,10:43
,,,,,,,,,,1.63,10:43
,,,,,,,,,,2.85,10:43
,,,,,,,,,,1.96,10:42
,,,,,,,,,,1.10,10:42
,,,,,,,,,,1.04,10:42
,,,,,,,,,,51.08,10:41
,,,,,,,,,,2.29,10:40
,,,,,,,,,,27.15,10:40
,,,,,,,,,,10.62,10:39
,,,,,,,,,,4.26,10:38
,,,,,,,,,,1.53,10:37
,,,,,,,,,,1.18,10:37
,,,,,,,,,,1.47,10:36
,,,,,,,,,,6.30,10:36
,,,,,,,,,,21.01,10:35
,,,,,,,,,,3.01,10:34
,,,,,,,,,,2.54,10:34
,,,,,,,,,,1.99,10:33
,,,,,,,,,,13.60,10:33
,,,,,,,,,,4.73,10:32
,,,,,,,,,,2.10,10:32
,,,,,,,,,,34.56,10:31
,,,,,,,,,,12.09,10:30
,,,,,,,,,,5.58,10:29
,,,,,,,,,,18.79,10:28
,,,,,,,,,,1.26,10:27
,,,,,,,,,,1.14,10:27
,,,,,,,,,,1.83,10:27
,,,,,,,,,,1.67,10:26
,,,,,,,,,,3.86,10:26
,,,,,,,,,,2.70,10:26
,,,,,,,,,,1.17,10:25
,,,,,,,,,,3.21,10:25
,,,,,,,,,,2.53,10:24
,,,,,,,,,,2.20,10:24
,,,,,,,,,,5.39,10:23
,,,,,,,,,,1.21,10:23
,,,,,,,,,,6.66,10:23
,,,,,,,,,,1.41,10:22
,,,,,,,,,,1.24,10:22
,,,,,,,,,,1.13,10:21
,,,,,,,,,,5.93,10:21
,,,,,,,,,,2.17,10:20
,,,,,,,,,,1.53,10:20
,,,,,,,,,,10.32,10:20
,,,,,,,,,,1.62,10:19
,,,,,,,,,,3.12,10:18
,,,,,,,,,,1.49,10:18
,,,,,,,,,,5.53,10:18
,,,,,,,,,,2.09,10:17
,,,,,,,,,,1.17,10:17
,,,,,,,,,,1.54,10:16
,,,,,,,,,,4.74,10:16
,,,,,,,,,,2.05,10:15
,,,,,,,,,,1.37,10:15
,,,,,,,,,,2.49,10:15
,,,,,,,,,,2.95,10:14
,,,,,,,,,,1.23,10:14
,,,,,,,,,,2.73,10:13
,,,,,,,,,,2.03,10:13
,,,,,,,,,,4.96,10:13
,,,,,,,,,,1.03,10:12
,,,,,,,,,,1.78,10:12
,,,,,,,,,,3.00,10:11
,,,,,,,,,,4.80,10:11
,,,,,,,,,,1.39,10:10
,,,,,,,,,,2.57,10:10
,,,,,,,,,,1.23,10:09
,,,,,,,,,,2.88,10:09
,,,,,,,,,,11.57,10:09
,,,,,,,,,,1.14,10:08
,,,,,,,,,,1.28,10:08
,,,,,,,,,,1.07,10:07
,,,,,,,,,,1.07,10:07
,,,,,,,,,,1.55,10:07
,,,,,,,,,,1.70,10:07
,,,,,,,,,,3.01,10:06
,,,,,,,,,,4.69,10:06
,,,,,,,,,,30.69,10:05
,,,,,,,,,,35.39,10:04
,,,,,,,,,,10.42,10:03
,,,,,,,,,,1.40,10:02
,,,,,,,,,,2.52,10:02
,,,,,,,,,,9.54,10:01
,,,,,,,,,,1.89,10:00
,,,,,,,,,,1.50,10:00
,,,,,,,,,,2.14,10:00
,,,,,,,,,,1.63,09:59
,,,,,,,,,,1.61,09:59
,,,,,,,,,,11.58,09:59
,,,,,,,,,,5.25,09:58
,,,,,,,,,,4.16,09:57
,,,,,,,,,,1.75,09:56
,,,,,,,,,,3.27,09:56
,,,,,,,,,,1.76,09:56
,,,,,,,,,,1.85,09:55
,,,,,,,,,,1.09,09:55
,,,,,,,,,,3.37,09:55
,,,,,,,,,,6.48,09:54
,,,,,,,,,,2.82,09:53
,,,,,,,,,,1.22,09:53
,,,,,,,,,,1.75,09:53
,,,,,,,,,,1.30,09:52
,,,,,,,,,,1.93,09:52
,,,,,,,,,,2.78,09:52
,,,,,,,,,,3.14,09:51
,,,,,,,,,,4.39,09:51
,,,,,,,,,,1.14,09:50
,,,,,,,,,,1.23,09:50
,,,,,,,,,,2.23,09:50
,,,,,,,,,,3.97,09:49
,,,,,,,,,,2.32,09:49
,,,,,,,,,,4.66,09:48
,,,,,,,,,,1.09,09:47
,,,,,,,,,,1.35,09:47
,,,,,,,,,,1.03,09:47
,,,,,,,,,,1.04,09:47
,,,,,,,,,,2.72,09:47
,,,,,,,,,,5.86,09:46
,,,,,,,,,,2.11,09:45
,,,,,,,,,,1.54,09:45
,,,,,,,,,,1.01,09:45
,,,,,,,,,,9.38,09:44
,,,,,,,,,,63.88,09:44
,,,,,,,,,,1.37,09:42
,,,,,,,,,,6.48,09:42
,,,,,,,,,,5.60,09:41
,,,,,,,,,,1.44,09:41
,,,,,,,,,,1.45,09:40
,,,,,,,,,,35.78,09:40
,,,,,,,,,,2.20,09:39
,,,,,,,,,,1.67,09:38
,,,,,,,,,,2.63,09:38
,,,,,,,,,,1.26,09:38
,,,,,,,,,,7.83,09:37
,,,,,,,,,,4.57,09:37
,,,,,,,,,,1.48,09:36
,,,,,,,,,,1.00,09:36
,,,,,,,,,,1.86,09:35
,,,,,,,,,,2.54,09:35
,,,,,,,,,,1.19,09:35
,,,,,,,,,,1.38,09:34
,,,,,,,,,,1.90,09:34
,,,,,,,,,,4.54,09:34
,,,,,,,,,,1.03,09:33
,,,,,,,,,,2.57,09:33
,,,,,,,,,,7.59,09:32
,,,,,,,,,,2.80,09:32
,,,,,,,,,,1.59,09:31
,,,,,,,,,,2.99,09:31
,,,,,,,,,,2.73,09:30
,,,,,,,,,,2.65,09:30
,,,,,,,,,,1.56,09:29
,,,,,,,,,,1.13,09:29
,,,,,,,,,,1.52,09:29
,,,,,,,,,,7.45,09:29
,,,,,,,,,,1.21,09:28
,,,,,,,,,,1.52,09:28
,,,,,,,,,,108.06,09:27
,,,,,,,,,,2.51,09:26
,,,,,,,,,,5.08,09:25
,,,,,,,,,,1.10,09:25
,,,,,,,,,,1.28,09:24
,,,,,,,,,,1.25,09:24
,,,,,,,,,,1.59,09:24
,,,,,,,,,,5.99,09:24
,,,,,,,,,,2.62,09:23
,,,,,,,,,,2.91,09:22
,,,,,,,,,,1.04,09:22
,,,,,,,,,,17.07,09:22
,,,,,,,,,,1.81,09:21
,,,,,,,,,,34.35,09:20
,,,,,,,,,,1.78,09:19
,,,,,,,,,,1.03,09:19
,,,,,,,,,,1.96,09:19
,,,,,,,,,,2.03,09:18
,,,,,,,,,,1.22,09:18
,,,,,,,,,,13.66,09:18
,,,,,,,,,,1.56,09:17
,,,,,,,,,,1.37,09:16
,,,,,,,,,,1.67,09:16
,,,,,,,,,,1.75,09:16
,,,,,,,,,,1.28,09:15
,,,,,,,,,,1.47,09:15
,,,,,,,,,,4.87,09:15
,,,,,,,,,,2.26,09:14
,,,,,,,,,,1.01,09:14
,,,,,,,,,,6.47,09:13
,,,,,,,,,,1.39,09:13
,,,,,,,,,,2.22,09:12
,,,,,,,,,,10.27,09:12
,,,,,,,,,,1.23,09:11
,,,,,,,,,,1.83,09:11
,,,,,,,,,,3.70,09:11
,,,,,,,,,,13.19,09:10
,,,,,,,,,,54.16,09:09
,,,,,,,,,,1.56,09:08
,,,,,,,,,,2.31,09:07
,,,,,,,,,,7.16,09:07
,,,,,,,,,,2.65,09:06
,,,,,,,,,,1.97,09:06
,,,,,,,,,,23.21,09:05
,,,,,,,,,,1.18,09:04
,,,,,,,,,,3.25,09:04
,,,,,,,,,,1.33,09:04
,,,,,,,,,,2.60,09:03
,,,,,,,,,,1.55,09:03
,,,,,,,,,,2.26,09:03
,,,,,,,,,,2.25,09:02
,,,,,,,,,,1.83,09:02
,,,,,,,,,,2.40,09:01
,,,,,,,,,,36.30,09:01
,,,,,,,,,,1.13,09:00
,,,,,,,,,,3.05,08:59
,,,,,,,,,,1.81,08:59
,,,,,,,,,,1.69,08:59
,,,,,,,,,,3.73,08:58
,,,,,,,,,,3.19,08:58
,,,,,,,,,,7.87,08:57
,,,,,,,,,,1.40,08:56
,,,,,,,,,,1.98,08:56
,,,,,,,,,,1.16,08:56
,,,,,,,,,,5.70,08:55
,,,,,,,,,,1.65,08:55
,,,,,,,,,,1.06,08:54
,,,,,,,,,,2.67,08:54
,,,,,,,,,,2.10,08:54
,,,,,,,,,,1.51,08:53
,,,,,,,,,,1.11,08:53
,,,,,,,,,,13.36,08:53
,,,,,,,,,,11.86,08:52
,,,,,,,,,,1.52,08:51
,,,,,,,,,,1.13,08:51
,,,,,,,,,,3.70,08:50
,,,,,,,,,,1.43,08:50
,,,,,,,,,,1.24,08:50
,,,,,,,,,,1.75,08:49
,,,,,,,,,,3.02,08:49
,,,,,,,,,,4.34,08:49
,,,,,,,,,,1.89,08:48
,,,,,,,,,,6.26,08:48
,,,,,,,,,,2.03,08:47
,,,,,,,,,,2.10,08:46
,,,,,,,,,,1.35,08:46
,,,,,,,,,,1.04,08:46
,,,,,,,,,,1.06,08:46
,,,,,,,,,,1.99,08:45
,,,,,,,,,,27.40,08:45
,,,,,,,,,,1.21,08:44
,,,,,,,,,,1.36,08:44
,,,,,,,,,,1.36,08:43
,,,,,,,,,,5.94,08:43
,,,,,,,,,,1.03,08:42
,,,,,,,,,,388.37,08:42
,,,,,,,,,,1.21,08:40
,,,,,,,,,,1.25,08:40
,,,,,,,,,,7.12,08:40
,,,,,,,,,,1.22,08:39
,,,,,,,,,,1.80,08:39
,,,,,,,,,,1.77,08:38
,,,,,,,,,,2.00,08:38
,,,,,,,,,,5.40,08:38
,,,,,,,,,,2.15,08:37
,,,,,,,,,,1.15,08:37
,,,,,,,,,,5.42,08:36
,,,,,,,,,,1.40,08:36
,,,,,,,,,,1.18,08:35
,,,,,,,,,,1.13,08:35
,,,,,,,,,,7.26,08:35
,,,,,,,,,,2.08,08:34
,,,,,,,,,,2.80,08:34
,,,,,,,,,,4.70,08:33
,,,,,,,,,,1.02,08:33
,,,,,,,,,,2.09,08:32
,,,,,,,,,,1.20,08:32
,,,,,,,,,,1.62,08:32
,,,,,,,,,,1.30,08:31
,,,,,,,,,,5.14,08:31
,,,,,,,,,,148.72,08:30
,,,,,,,,,,1.08,08:29
,,,,,,,,,,1.92,08:29
,,,,,,,,,,6.53,08:28
,,,,,,,,,,1.55,08:28
,,,,,,,,,,1.12,08:27
,,,,,,,,,,1.37,08:27
,,,,,,,,,,4.54,08:27
,,,,,,,,,,3.65,08:26
,,,,,,,,,,5.99,08:26
,,,,,,,,,,45.46,08:25
,,,,,,,,,,1.32,08:24
,,,,,,,,,,1.90,08:23
,,,,,,,,,,5.84,08:23
,,,,,,,,,,1.50,08:22
,,,,,,,,,,7.15,08:22
,,,,,,,,,,1.59,08:21
,,,,,,,,,,1.87,08:21
,,,,,,,,,,2.38,08:20
,,,,,,,,,,1.96,08:20
,,,,,,,,,,89.58,08:20
,,,,,,,,,,2.74,08:18
,,,,,,,,,,1.82,08:18
,,,,,,,,,,1.35,08:17
,,,,,,,,,,1.25,08:17
,,,,,,,,,,6.32,08:17
,,,,,,,,,,8.10,08:16
,,,,,,,,,,1.80,08:15
,,,,,,,,,,10.46,08:15
,,,,,,,,,,1.99,08:14
,,,,,,,,,,1.96,08:14
,,,,,,,,,,1.56,08:13
,,,,,,,,,,1.45,08:13
,,,,,,,,,,1.05,08:13
,,,,,,,,,,1.28,08:13
,,,,,,,,,,1.23,08:12
,,,,,,,,,,4.84,08:12
,,,,,,,,,,2.03,08:11
,,,,,,,,,,2.29,08:11
,,,,,,,,,,15.34,08:11
,,,,,,,,,,1.51,08:10
,,,,,,,,,,1.01,08:09
,,,,,,,,,,1.65,08:09
,,,,,,,,,,2.52,08:09
,,,,,,,,,,4.05,08:08
,,,,,,,,,,1.00,08:08
,,,,,,,,,,82.84,08:07
,,,,,,,,,,6.00,08:06
,,,,,,,,,,1.62,08:05
,,,,,,,,,,2.49,08:05
,,,,,,,,,,4.14,08:05
,,,,,,,,,,1.33,08:04
,,,,,,,,,,1.00,08:04
,,,,,,,,,,1.72,08:04
,,,,,,,,,,24.62,08:03
,,,,,,,,,,6.37,08:02
,,,,,,,,,,4.98,08:01
,,,,,,,,,,1.57,08:01
,,,,,,,,,,1.62,08:00
,,,,,,,,,,1.52,08:00
,,,,,,,,,,1.75,08:00
,,,,,,,,,,4.62,07:59
,,,,,,,,,,1.78,07:59
,,,,,,,,,,59.05,07:58
,,,,,,,,,,69.25,07:57
,,,,,,,,,,1.28,07:56
,,,,,,,,,,16.14,07:55
,,,,,,,,,,1.21,07:54
,,,,,,,,,,1.37,07:54
,,,,,,,,,,1.22,07:54
,,,,,,,,,,1.10,07:54
,,,,,,,,,,3.61,07:53
,,,,,,,,,,5.61,07:53
,,,,,,,,,,1.01,07:52
,,,,,,,,,,1.00,07:52
,,,,,,,,,,1.55,07:52
,,,,,,,,,,1.25,07:52
,,,,,,,,,,1.83,07:51
,,,,,,,,,,4.43,07:51
,,,,,,,,,,3.28,07:50
,,,,,,,,,,3.23,07:50
,,,,,,,,,,1.38,07:49
,,,,,,,,,,2.92,07:49
,,,,,,,,,,2.28,07:48
,,,,,,,,,,1.50,07:48
,,,,,,,,,,1.41,07:48
,,,,,,,,,,1.44,07:47
,,,,,,,,,,1.04,07:47
,,,,,,,,,,1.43,07:47
,,,,,,,,,,1.44,07:47
,,,,,,,,,,1.62,07:46
,,,,,,,,,,4.87,07:46
,,,,,,,,,,1.12,07:45
,,,,,,,,,,4.47,07:45
,,,,,,,,,,1.66,07:44
,,,,,,,,,,1.84,07:44
,,,,,,,,,,1.01,07:44
,,,,,,,,,,4.12,07:44
,,,,,,,,,,1.55,07:43
,,,,,,,,,,8.86,07:43
,,,,,,,,,,13.69,07:42
,,,,,,,,,,1.28,07:41
,,,,,,,,,,6.10,07:41
,,,,,,,,,,4.90,07:40
,,,,,,,,,,4.33,07:39
,,,,,,,,,,2.65,07:39
,,,,,,,,,,3.67,07:38
,,,,,,,,,,7.03,07:38
,,,,,,,,,,1.51,07:37
,,,,,,,,,,1.84,07:37
,,,,,,,,,,14.31,07:36
,,,,,,,,,,1.01,07:35
,,,,,,,,,,1.25,07:35
,,,,,,,,,,1.45,07:35
,,,,,,,,,,17.68,07:35
,,,,,,,,,,5.64,07:34
,,,,,,,,,,35.14,07:33
,,,,,,,,,,9.86,07:32
,,,,,,,,,,3.21,07:31
,,,,,,,,,,1.40,07:31
,,,,,,,,,,3.01,07:30
,,,,,,,,,,1.57,07:30
,,,,,,,,,,4.02,07:30
,,,,,,,,,,51.14,07:29
,,,,,,,,,,1.61,07:27
,,,,,,,,,,1.25,07:27
,,,,,,,,,,1.48,07:27
,,,,,,,,,,4.78,07:26
,,,,,,,,,,1.08,07:26
,,,,,,,,,,1.00,07:26
,,,,,,,,,,1.44,07:25
,,,,,,,,,,1.00,07:25
,,,,,,,,,,7.22,07:25
,,,,,,,,,,1.30,07:24
,,,,,,,,,,2.02,07:24
,,,,,,,,,,1.00,07:24
,,,,,,,,,,1.57,07:23
,,,,,,,,,,1.33,07:23
,,,,,,,,,,4.93,07:23
,,,,,,,,,,4.14,07:22
,,,,,,,,,,1.19,07:22
,,,,,,,,,,1.30,07:21
,,,,,,,,,,1.18,07:21
,,,,,,,,,,2.02,07:21
,,,,,,,,,,1.71,07:20
,,,,,,,,,,2.86,07:20
,,,,,,,,,,1.31,07:20
,,,,,,,,,,18.30,07:19
,,,,,,,,,,1.22,07:18
,,,,,,,,,,1.00,07:18
,,,,,,,,,,1.39,07:18
,,,,,,,,,,1.33,07:17
,,,,,,,,,,1.75,07:17
,,,,,,,,,,1.56,07:17
,,,,,,,,,,1.81,07:17
,,,,,,,,,,2.35,07:16
,,,,,,,,,,5.45,07:16
,,,,,,,,,,2.59,07:15
,,,,,,,,,,30.06,07:15
,,,,,,,,,,1.33,07:13
,,,,,,,,,,2.36,07:13
,,,,,,,,,,2.97,07:13
,,,,,,,,,,1.39,07:12
,,,,,,,,,,1.25,07:12
,,,,,,,,,,1.16,07:12
,,,,,,,,,,2.51,07:11
,,,,,,,,,,1.18,07:11
,,,,,,,,,,1.24,07:11
,,,,,,,,,,1.45,07:11
,,,,,,,,,,3.93,07:10
,,,,,,,,,,2.21,07:10
,,,,,,,,,,3.78,07:09
,,,,,,,,,,1.47,07:09
,,,,,,,,,,1.33,07:08
,,,,,,,,,,3.45,07:08
,,,,,,,,,,2.43,07:08
,,,,,,,,,,1.09,07:07
,,,,,,,,,,1.90,07:07
,,,,,,,,,,1.68,07:06
,,,,,,,,,,4.52,07:06
,,,,,,,,,,1.09,07:06
,,,,,,,,,,1.56,07:05
,,,,,,,,,,5.46,07:05
,,,,,,,,,,1.32,07:04
,,,,,,,,,,1.25,07:04
,,,,,,,,,,1.60,07:04
,,,,,,,,,,1.28,07:03
,,,,,,,,,,2.97,07:03
,,,,,,,,,,1.09,07:03
,,,,,,,,,,1.39,07:02
,,,,,,,,,,1.31,07:02
,,,,,,,,,,1.27,07:02
,,,,,,,,,,2.33,07:02
,,,,,,,,,,7.87,07:01
,,,,,,,,,,1.20,07:00
,,,,,,,,,,2.61,07:00
,,,,,,,,,,2.10,07:00
,,,,,,,,,,2.10,06:59
,,,,,,,,,,2.02,06:59
,,,,,,,,,,2.02,06:59
,,,,,,,,,,12.10,06:58
,,,,,,,,,,2.97,06:57
,,,,,,,,,,1.72,06:57
,,,,,,,,,,1.18,06:56
,,,,,,,,,,4.59,06:56
,,,,,,,,,,1.67,06:56
,,,,,,,,,,2.09,06:55
,,,,,,,,,,1.16,06:55
,,,,,,,,,,25.57,06:55
,,,,,,,,,,3.67,06:53
,,,,,,,,,,2.24,06:53
,,,,,,,,,,2.75,06:52
,,,,,,,,,,6.31,06:52
,,,,,,,,,,1.82,06:51
,,,,,,,,,,1.17,06:51
,,,,,,,,,,5.16,06:51
,,,,,,,,,,2.81,06:50
,,,,,,,,,,1.06,06:50
,,,,,,,,,,3.72,06:49
,,,,,,,,,,1314.59,06:49
,,,,,,,,,,2.06,06:47
,,,,,,,,,,37.98,06:46
,,,,,,,,,,1.00,06:45
,,,,,,,,,,1.10,06:45
,,,,,,,,,,1.14,06:45
,,,,,,,,,,4.45,06:44
,,,,,,,,,,1.51,06:44
,,,,,,,,,,3.35,06:43
,,,,,,,,,,7.52,06:43
,,,,,,,,,,1.89,06:42
,,,,,,,,,,1.38,06:42
,,,,,,,,,,9.02,06:41
,,,,,,,,,,3.64,06:41
,,,,,,,,,,1.14,06:40
,,,,,,,,,,1.44,06:40
,,,,,,,,,,1.04,06:40
,,,,,,,,,,1.79,06:39
,,,,,,,,,,1.23,06:39
,,,,,,,,,,2.33,06:39
,,,,,,,,,,4.75,06:38
,,,,,,,,,,5.82,06:38
,,,,,,,,,,3.71,06:37
,,,,,,,,,,1.11,06:36
,,,,,,,,,,1.75,06:36
,,,,,,,,,,2.66,06:36
,,,,,,,,,,22.70,06:35
,,,,,,,,,,1.52,06:34
,,,,,,,,,,1.15,06:34
,,,,,,,,,,1.49,06:34
,,,,,,,,,,1.94,06:33
,,,,,,,,,,1.84,06:33
,,,,,,,,,,1.00,06:33
,,,,,,,,,,1.16,06:32
,,,,,,,,,,1.58,06:32
,,,,,,,,,,1.75,06:32
,,,,,,,,,,3.41,06:32
,,,,,,,,,,1.14,06:31
,,,,,,,,,,1.73,06:31
,,,,,,,,,,1.09,06:30
,,,,,,,,,,1.00,06:30
,,,,,,,,,,1.91,06:30
,,,,,,,,,,1.78,06:30
,,,,,,,,,,1.24,06:29
,,,,,,,,,,2.09,06:29
,,,,,,,,,,1.00,06:29
,,,,,,,,,,2.18,06:28
,,,,,,,,,,1.34,06:28
,,,,,,,,,,2.00,06:28
,,,,,,,,,,5.61,06:27
,,,,,,,,,,1.34,06:27
,,,,,,,,,,5.59,06:26
,,,,,,,,,,3.62,06:26
,,,,,,,,,,54.86,06:25
,,,,,,,,,,1.18,06:24
,,,,,,,,,,2.97,06:24
,,,,,,,,,,1.22,06:23
,,,,,,,,,,1.18,06:23
,,,,,,,,,,3.44,06:23
,,,,,,,,,,3.84,06:22
,,,,,,,,,,1.69,06:21
,,,,,,,,,,1.22,06:21
,,,,,,,,,,9.52,06:21
,,,,,,,,,,1.99,06:20
,,,,,,,,,,2.07,06:20
,,,,,,,,,,2.58,06:19
,,,,,,,,,,1.52,06:19
,,,,,,,,,,5.61,06:18
,,,,,,,,,,3.47,06:18
,,,,,,,,,,9.53,06:17
,,,,,,,,,,1.43,06:16
,,,,,,,,,,1.26,06:16
,,,,,,,,,,3.35,06:16
,,,,,,,,,,1.39,06:15
,,,,,,,,,,2.46,06:15
,,,,,,,,,,7.14,06:15
,,,,,,,,,,10.26,06:14
,,,,,,,,,,18.74,06:13
,,,,,,,,,,6.24,06:12
,,,,,,,,,,2.59,06:11
,,,,,,,,,,1.20,06:11
,,,,,,,,,,1.26,06:11
,,,,,,,,,,1.31,06:10
,,,,,,,,,,1.10,06:10
,,,,,,,,,,420.25,06:10
,,,,,,,,,,2.04,06:08
,,,,,,,,,,1.64,06:08
,,,,,,,,,,3.38,06:07
,,,,,,,,,,4.64,06:07
,,,,,,,,,,2.20,06:06
,,,,,,,,,,1.18,06:06
,,,,,,,,,,3.28,06:05
,,,,,,,,,,1.90,06:05
,,,,,,,,,,10.01,06:04
,,,,,,,,,,2.29,06:04
,,,,,,,,,,4.92,06:03
,,,,,,,,,,2.20,06:03
,,,,,,,,,,1.74,06:02
,,,,,,,,,,2.97,06:02
,,,,,,,,,,15.05,06:01
,,,,,,,,,,90.66,06:00
,,,,,,,,,,2.24,05:59
,,,,,,,,,,3.74,05:58
,,,,,,,,,,1.08,05:58
,,,,,,,,,,1.12,05:58
,,,,,,,,,,2.56,05:57
,,,,,,,,,,1.10,05:57
,,,,,,,,,,1.23,05:57
,,,,,,,,,,1.05,05:57
,,,,,,,,,,7.54,05:56
,,,,,,,,,,1.44,05:56
,,,,,,,,,,1.07,05:55
,,,,,,,,,,4.33,05:55
,,,,,,,,,,3.28,05:54
,,,,,,,,,,1.51,05:54
,,,,,,,,,,25.48,05:54
,,,,,,,,,,2.05,05:53
,,,,,,,,,,1.01,05:52
,,,,,,,,,,1.63,05:52
,,,,,,,,,,1.45,05:52
,,,,,,,,,,2.06,05:51
,,,,,,,,,,1.92,05:51
,,,,,,,,,,6.56,05:50
,,,,,,,,,,3.44,05:50
,,,,,,,,,,329.86,05:49
,,,,,,,,,,3.19,05:47
,,,,,,,,,,1.39,05:47
,,,,,,,,,,1.10,05:47
,,,,,,,,,,1.22,05:46
,,,,,,,,,,4.37,05:46
,,,,,,,,,,1.76,05:46
,,,,,,,,,,1.36,05:45
,,,,,,,,,,1.69,05:45
,,,,,,,,,,10.26,05:45
,,,,,,,,,,1.05,05:44
,,,,,,,,,,1.01,05:43
,,,,,,,,,,2.21,05:43
,,,,,,,,,,1.00,05:43
,,,,,,,,,,1.01,05:43
,,,,,,,,,,2.11,05:42
,,,,,,,,,,1.31,05:42
,,,,,,,,,,5.21,05:42
,,,,,,,,,,4.11,05:41
,,,,,,,,,,1.39,05:41
,,,,,,,,,,1.15,05:40
,,,,,,,,,,2.78,05:40
,,,,,,,,,,11.77,05:40
,,,,,,,,,,2.20,05:39
,,,,,,,,,,2.92,05:38
,,,,,,,,,,2.60,05:38
,,,,,,,,,,4.17,05:37
,,,,,,,,,,1.55,05:37
,,,,,,,,,,3.56,05:36
,,,,,,,,,,4.92,05:36
,,,,,,,,,,2.16,05:35
,,,,,,,,,,1.00,05:35
,,,,,,,,,,2.44,05:35
,,,,,,,,,,1.26,05:34
,,,,,,,,,,4.54,05:34
,,,,,,,,,,1.33,05:33
,,,,,,,,,,2.02,05:33
,,,,,,,,,,3.56,05:33
,,,,,,,,,,2.88,05:32
,,,,,,,,,,5.78,05:32
,,,,,,,,,,1.68,05:31
,,,,,,,,,,4.47,05:31
,,,,,,,,,,2.16,05:30
,,,,,,,,,,1.00,05:29
,,,,,,,,,,1.11,05:29
,,,,,,,,,,2.07,05:29
,,,,,,,,,,4.59,05:29
,,,,,,,,,,1.41,05:28
,,,,,,,,,,2.35,05:28
,,,,,,,,,,12.63,05:27
,,,,,,,,,,1.07,05:26
,,,,,,,,,,1.42,05:26
,,,,,,,,,,2.43,05:26
,,,,,,,,,,8.30,05:25
,,,,,,,,,,2.22,05:25
,,,,,,,,,,1.17,05:24
,,,,,,,,,,10.51,05:24
,,,,,,,,,,9.14,05:23
,,,,,,,,,,4.63,05:22
,,,,,,,,,,1.14,05:22
,,,,,,,,,,1.19,05:21
,,,,,,,,,,4.15,05:21
,,,,,,,,,,1.94,05:21
,,,,,,,,,,2.10,05:20
,,,,,,,,,,1.07,05:20
,,,,,,,,,,8.14,05:20
,,,,,,,,,,1.97,05:19
,,,,,,,,,,4.31,05:19
,,,,,,,,,,2.33,05:19
,,,,,,,,,,1.51,05:19
,,,,,,,,,,1.06,05:19
,,,,,,,,,,7.63,05:19
,,,,,,,,,,1.49,05:19
,,,,,,,,,,10.31,05:19
,,,,,,,,,,2.00,05:19
,,,,,,,,,,1.07,05:19
,,,,,,,,,,3.98,05:14
,,,,,,,,,,3.25,05:14
,,,,,,,,,,1.24,05:13
,,,,,,,,,,1.11,05:13
,,,,,,,,,,1.90,05:13
,,,,,,,,,,5.88,05:12
,,,,,,,,,,11.74,05:12
,,,,,,,,,,1.15,05:11
,,,,,,,,,,1.06,05:11
,,,,,,,,,,1.70,05:10
,,,,,,,,,,3.96,05:10
,,,,,,,,,,1.13,05:09
,,,,,,,,,,21.38,05:09
,,,,,,,,,,1.21,05:08
,,,,,,,,,,2.94,05:08
,,,,,,,,,,1.06,05:07
,,,,,,,,,,2.15,05:07
,,,,,,,,,,3.30,05:07
,,,,,,,,,,9.85,05:06
,,,,,,,,,,1.43,05:05
,,,,,,,,,,2.08,05:05
,,,,,,,,,,2.05,05:05
,,,,,,,,,,1.16,05:04
,,,,,,,,,,1.93,05:04
,,,,,,,,,,1.64,05:04
,,,,,,,,,,1.27,05:03
,,,,,,,,,,2.70,05:03
,,,,,,,,,,2.72,05:03
,,,,,,,,,,2.71,05:02
,,,,,,,,,,1.02,05:02
,,,,,,,,,,1.71,05:02
,,,,,,,,,,23.27,05:01
,,,,,,,,,,1.29,05:00
,,,,,,,,,,2.79,05:00
,,,,,,,,,,2.87,04:59
,,,,,,,,,,1.58,04:59
,,,,,,,,,,2.68,04:59
,,,,,,,,,,1.17,04:58
,,,,,,,,,,1.07,04:58
,,,,,,,,,,1.52,04:58
,,,,,,,,,,1.79,04:57
,,,,,,,,,,1.83,04:57
,,,,,,,,,,1.25,04:57
,,,,,,,,,,4.73,04:56
,,,,,,,,,,2.58,04:56
,,,,,,,,,,73.99,04:55
,,,,,,,,,,1.02,04:54
,,,,,,,,,,2.89,04:54
,,,,,,,,,,1.75,04:53
,,,,,,,,,,1.41,04:53
,,,,,,,,,,1.26,04:52
,,,,,,,,,,7.61,04:52
,,,,,,,,,,2.03,04:51
,,,,,,,,,,3.19,04:51
,,,,,,,,,,1.30,04:51
,,,,,,,,,,1.11,04:50
,,,,,,,,,,6.57,04:50
,,,,,,,,,,6.72,04:49
,,,,,,,,,,2.27,04:49
,,,,,,,,,,1.17,04:48
,,,,,,,,,,1.13,04:48
,,,,,,,,,,1.60,04:48
,,,,,,,,,,3.16,04:48
,,,,,,,,,,1.18,04:47
,,,,,,,,,,1.63,04:47
,,,,,,,,,,1.03,04:46
,,,,,,,,,,2.93,04:46
,,,,,,,,,,1.08,04:46
,,,,,,,,,,20.12,04:45
,,,,,,,,,,4.37,04:44
,,,,,,,,,,1.76,04:44
,,,,,,,,,,4.37,04:43
,,,,,,,,,,3.60,04:43
,,,,,,,,,,4.15,04:42
,,,,,,,,,,1.78,04:42
,,,,,,,,,,1.51,04:41
,,,,,,,,,,1.23,04:41
,,,,,,,,,,10.96,04:41
,,,,,,,,,,2.19,04:40
,,,,,,,,,,1.03,04:39
,,,,,,,,,,1.09,04:39
,,,,,,,,,,2.06,04:39
,,,,,,,,,,1.25,04:39
,,,,,,,,,,1.32,04:38
,,,,,,,,,,3.26,04:38
,,,,,,,,,,1.05,04:38
,,,,,,,,,,3.13,04:37
,,,,,,,,,,6.84,04:37
,,,,,,,,,,2.16,04:36
,,,,,,,,,,3.73,04:36
,,,,,,,,,,2.62,04:35
,,,,,,,,,,2.68,04:35
,,,,,,,,,,1.14,04:34
,,,,,,,,,,2.60,04:34
,,,,,,,,,,1.35,04:33
,,,,,,,,,,96.04,04:33
,,,,,,,,,,1.99,04:32
,,,,,,,,,,19.54,04:31
,,,,,,,,,,1.15,04:30
,,,,,,,,,,1.00,04:30
,,,,,,,,,,1.60,04:30
,,,,,,,,,,1.30,04:30
,,,,,,,,,,2.08,04:29
,,,,,,,,,,1.16,04:29
,,,,,,,,,,1.23,04:29
,,,,,,,,,,2.84,04:28
,,,,,,,,,,1.23,04:28
,,,,,,,,,,4.26,04:28
,,,,,,,,,,11.91,04:27
,,,,,,,,,,2.41,04:26
,,,,,,,,,,1.12,04:26
,,,,,,,,,,1.05,04:25
,,,,,,,,,,1.54,04:25
,,,,,,,,,,1.00,04:25
,,,,,,,,,,1.05,04:25
,,,,,,,,,,1.95,04:25
,,,,,,,,,,1.35,04:24
,,,,,,,,,,2.04,04:24
,,,,,,,,,,25.82,04:23
,,,,,,,,,,19.12,04:22
,,,,,,,,,,2.32,04:21
,,,,,,,,,,1.07,04:21
,,,,,,,,,,3.08,04:21
,,,,,,,,,,1.91,04:20
,,,,,,,,,,3.52,04:20
,,,,,,,,,,1.97,04:19
,,,,,,,,,,2.67,04:19
,,,,,,,,,,1.89,04:18
,,,,,,,,,,1.00,04:18
,,,,,,,,,,3.19,04:18
,,,,,,,,,,4.56,04:17
,,,,,,,,,,1.92,04:17
,,,,,,,,,,18.60,04:16
,,,,,,,,,,2.89,04:15
,,,,,,,,,,2.98,04:15
,,,,,,,,,,1.08,04:14
,,,,,,,,,,1.37,04:14
,,,,,,,,,,6.99,04:14
,,,,,,,,,,1.55,04:13
,,,,,,,,,,1.67,04:13
,,,,,,,,,,1.09,04:12
,,,,,,,,,,2.12,04:12
,,,,,,,,,,6.10,04:12
,,,,,,,,,,1.52,04:11
,,,,,,,,,,1.43,04:11
,,,,,,,,,,1.33,04:10
,,,,,,,,,,1.50,04:10
,,,,,,,,,,2.26,04:10
,,,,,,,,,,10.22,04:09
,,,,,,,,,,6.52,04:09
,,,,,,,,,,1.60,04:08
,,,,,,,,,,1.38,04:08
,,,,,,,,,,10.26,04:07
,,,,,,,,,,5.22,04:06
,,,,,,,,,,26.48,04:06
,,,,,,,,,,2.84,04:05
,,,,,,,,,,1.39,04:04
,,,,,,,,,,1.34,04:04
,,,,,,,,,,1.18,04:04
,,,,,,,,,,6.71,04:03
,,,,,,,,,,1.16,04:03
,,,,,,,,,,1.86,04:02
,,,,,,,,,,1.02,04:02
,,,,,,,,,,1.40,04:02
,,,,,,,,,,28.61,04:02
,,,,,,,,,,1.21,04:00
,,,,,,,,,,2.26,04:00
,,,,,,,,,,1.23,04:00
,,,,,,,,,,4.26,03:59
,,,,,,,,,,2.39,03:59
,,,,,,,,,,2.44,03:58
,,,,,,,,,,1.06,03:58
,,,,,,,,,,1.29,03:58
,,,,,,,,,,1.16,03:57
,,,,,,,,,,1.53,03:57
,,,,,,,,,,2.43,03:57
,,,,,,,,,,18.48,03:56
,,,,,,,,,,8.36,03:55
,,,,,,,,,,1.02,03:55
,,,,,,,,,,2.10,03:54
,,,,,,,,,,8.28,03:54
,,,,,,,,,,103.50,03:53
,,,,,,,,,,1.50,03:52
